date,rv,naive,ewma,garch,har
2005-01-03,0.09888606,0.08270166,0.08955215,0.11170530,0.15091885
2005-01-04,0.09064524,0.09212776,0.09809367,0.11968883,0.15623631
2005-01-05,0.09749584,0.09294551,0.09614961,0.11806316,0.15458695
2005-01-06,0.09681274,0.08542808,0.09420857,0.11628069,0.15504310
2005-01-07,0.09669999,0.08389625,0.09150821,0.11401669,0.15335375
2005-01-10,0.10050291,0.08261950,0.08970986,0.11245162,0.15188172
2005-01-11,0.09931558,0.08521806,0.09017191,0.11313833,0.14967862
2005-01-12,0.10122119,0.08056302,0.08877973,0.11191515,0.14954927
2005-01-13,0.09669555,0.08490088,0.09243836,0.11542334,0.15227536
2005-01-14,0.09513248,0.08713752,0.09259617,0.11542423,0.15276016
2005-01-18,0.08909625,0.09302300,0.09726914,0.11929404,0.15702349
2005-01-19,0.08721479,0.09521764,0.10133304,0.12313311,0.15944750
2005-01-20,0.08294389,0.09898128,0.10283655,0.12458282,0.16017511
2005-01-21,0.09457704,0.09655237,0.10279608,0.12458801,0.15946389
2005-01-24,0.09576090,0.09660503,0.10060741,0.12260232,0.15753099
2005-01-25,0.09859200,0.09757873,0.09877255,0.12077887,0.15560841
2005-01-26,0.10232285,0.09786955,0.09758966,0.11955505,0.15421171
2005-01-27,0.10471320,0.09471358,0.09463004,0.11691966,0.15192047
2005-01-28,0.10610419,0.09518065,0.09235471,0.11503500,0.15056394
2005-01-31,0.10201610,0.09955391,0.09534557,0.11747368,0.15417579
2005-02-01,0.09920998,0.10225074,0.09622048,0.11773436,0.15372510
2005-02-02,0.10403245,0.09888606,0.09410153,0.11583577,0.15281376
2005-02-03,0.10398202,0.09064524,0.09186817,0.11402224,0.15222249
2005-02-04,0.09819645,0.09749584,0.09877796,0.11986861,0.15703183
2005-02-07,0.10433569,0.09681274,0.09586245,0.11732692,0.15291740
2005-02-08,0.10451982,0.09669999,0.09296104,0.11482500,0.15146303
2005-02-09,0.10358417,0.10050291,0.09614944,0.11786324,0.15542613
2005-02-10,0.10438030,0.09931558,0.09464186,0.11646143,0.15478206
2005-02-11,0.10491938,0.10122119,0.09560275,0.11717466,0.15346810
2005-02-14,0.10859297,0.09669555,0.09272988,0.11469408,0.15241782
2005-02-15,0.10817146,0.09513248,0.09081295,0.11303567,0.15206760
2005-02-16,0.10818191,0.08909625,0.08804926,0.11076906,0.14936175
2005-02-17,0.10600737,0.08721479,0.09079822,0.11343187,0.15138190
2005-02-18,0.11176801,0.08294389,0.08807413,0.11116340,0.14775054
2005-02-22,0.09967873,0.09457704,0.10256652,0.12414317,0.15922900
2005-02-23,0.09783357,0.09576090,0.10179124,0.12320718,0.15651235
2005-02-24,0.09434449,0.09859200,0.10331765,0.12428978,0.15927601
2005-02-25,0.09256777,0.10232285,0.10645011,0.12679086,0.16111951
2005-02-28,0.10157340,0.10471320,0.10619706,0.12657733,0.16164733
2005-03-01,0.09970426,0.10610419,0.10527332,0.12513595,0.15590889
2005-03-02,0.10222446,0.10201610,0.10207178,0.12223146,0.15442412
2005-03-03,0.10265314,0.09920998,0.09897019,0.11946939,0.15182992
2005-03-04,0.09836965,0.10403245,0.10292997,0.12272363,0.15419658
2005-03-07,0.09826825,0.10398202,0.10030780,0.12032170,0.15170574
2005-03-08,0.09901651,0.09819645,0.09903446,0.11934443,0.15196275
2005-03-09,0.09689853,0.10433569,0.10394219,0.12394333,0.15602393
2005-03-10,0.09668544,0.10451982,0.10103325,0.12127058,0.15436839
2005-03-11,0.09497206,0.10358417,0.10232976,0.12258566,0.15515895
2005-03-14,0.10159696,0.10438030,0.10158131,0.12174232,0.15480802
2005-03-15,0.10416357,0.10491938,0.10277174,0.12295696,0.15666096
2005-03-16,0.11606782,0.10859297,0.10451763,0.12464850,0.15601053
2005-03-17,0.11634576,0.10817146,0.10157494,0.12192551,0.15494691
2005-03-18,0.11812581,0.10818191,0.09849755,0.11920794,0.15320012
2005-03-21,0.12568497,0.10600737,0.09741461,0.11839922,0.15375640
2005-03-22,0.13827483,0.11176801,0.10251012,0.12311724,0.15698217
2005-03-23,0.14023038,0.09967873,0.09942447,0.12032366,0.15340334
2005-03-24,0.14334042,0.09783357,0.09646593,0.11775113,0.15056506
2005-03-28,0.14635806,0.09434449,0.09400661,0.11558082,0.15047967
2005-03-29,0.14460111,0.09256777,0.09584433,0.11740606,0.15229177
2005-03-30,0.14225417,0.10157340,0.10707004,0.12690637,0.15804392
2005-03-31,0.14804084,0.09970426,0.10384336,0.12394460,0.15427740
2005-04-01,0.14716647,0.10222446,0.10382089,0.12272303,0.15499529
2005-04-04,0.14689320,0.10265314,0.10121404,0.12034855,0.15451546
2005-04-05,0.15225243,0.09836965,0.09965867,0.11890125,0.15397049
2005-04-06,0.15231081,0.09826825,0.09702355,0.11659414,0.14753035
2005-04-07,0.15095564,0.09901651,0.09687426,0.11639516,0.14945209
2005-04-08,0.14977462,0.09689853,0.09941500,0.11877458,0.15147808
2005-04-11,0.15434566,0.09668544,0.09638642,0.11617096,0.14858907
2005-04-12,0.15383668,0.09497206,0.09589205,0.11568279,0.14980830
2005-04-13,0.15233574,0.10159696,0.10373076,0.12270481,0.15648692
2005-04-14,0.14915266,0.10416357,0.10789936,0.12646429,0.15843817
2005-04-15,0.14157403,0.11606782,0.12346129,0.14052783,0.16969065
2005-04-18,0.14323612,0.11634576,0.12024346,0.13727885,0.16473381
2005-04-19,0.14590785,0.11812581,0.11882853,0.13567571,0.16566745
2005-04-20,0.13932487,0.12568497,0.12635322,0.14252685,0.17104961
2005-04-21,0.12188213,0.13827483,0.14416163,0.15850070,0.18478003
2005-04-22,0.12034131,0.14023038,0.14222959,0.15635856,0.17348992
2005-04-25,0.11657496,0.14334042,0.14191645,0.15557325,0.17634771
2005-04-26,0.11306353,0.14635806,0.14185651,0.15530005,0.17832840
2005-04-27,0.11438731,0.14460111,0.13838673,0.15165497,0.17362872
2005-04-28,0.10734839,0.14225417,0.14135978,0.15436112,0.17025027
2005-04-29,0.10140666,0.14804084,0.14459434,0.15698659,0.17214354
2005-05-02,0.10485385,0.14716647,0.14131588,0.15531940,0.16859076
2005-05-03,0.10498158,0.14689320,0.13705090,0.15093260,0.16581117
2005-05-04,0.09873135,0.15225243,0.14134433,0.15473275,0.17339999
2005-05-05,0.09842302,0.15231081,0.13740290,0.15071295,0.16787062
2005-05-06,0.09835293,0.15095564,0.13328473,0.14658513,0.16424610
2005-05-09,0.09613557,0.14977462,0.13157970,0.14476508,0.16545548
2005-05-10,0.09044152,0.15434566,0.13426096,0.14746713,0.17008049
2005-05-11,0.08964316,0.15383668,0.13118373,0.14433949,0.16532744
2005-05-12,0.08292728,0.15233574,0.13309431,0.14629607,0.16991431
2005-05-13,0.08187375,0.14915266,0.13026849,0.14356027,0.16767076
2005-05-16,0.07452275,0.14157403,0.13219104,0.14524816,0.17042374
2005-05-17,0.07165445,0.14323612,0.13096878,0.14392327,0.16501858
2005-05-18,0.06507653,0.14590785,0.13276393,0.14550680,0.16899932
2005-05-19,0.06310328,0.13932487,0.12998051,0.14271292,0.16558190
2005-05-20,0.06328499,0.12188213,0.12615791,0.13906322,0.16260221
2005-05-23,0.06187327,0.12034131,0.12322437,0.13626252,0.15586809
2005-05-24,0.07246792,0.11657496,0.11947241,0.13279105,0.15371505
2005-05-25,0.07626357,0.11306353,0.11658743,0.13027482,0.15068192
2005-05-26,0.07304154,0.11438731,0.11572151,0.12956326,0.15121351
2005-05-27,0.07947755,0.10734839,0.11225931,0.12649150,0.15026367
2005-05-31,0.07678571,0.10140666,0.11138693,0.12603177,0.15026069
2005-06-01,0.07444966,0.10485385,0.11347078,0.12687570,0.15180501
2005-06-02,0.07475827,0.10498158,0.11021721,0.12399382,0.14993186
2005-06-03,0.07711667,0.09873135,0.11016765,0.12433613,0.15156024
2005-06-06,0.08228083,0.09842302,0.10692116,0.12151061,0.14866011
2005-06-07,0.08271388,0.09835293,0.10366709,0.11877061,0.14750891
2005-06-08,0.09166896,0.09613557,0.10086111,0.11654215,0.14551797
2005-06-09,0.09242286,0.09044152,0.09987778,0.11583432,0.14643918
2005-06-10,0.09239825,0.08964316,0.09726565,0.11384004,0.14326770
2005-06-13,0.09211702,0.08292728,0.09471088,0.11182537,0.14318369
2005-06-14,0.09213413,0.08187375,0.09236779,0.11003101,0.14202898
2005-06-15,0.09190145,0.07452275,0.08996721,0.10822994,0.14176820
2005-06-16,0.09304455,0.07165445,0.08835711,0.10711451,0.14023253
2005-06-17,0.09436238,0.06507653,0.08779474,0.10688320,0.14065943
2005-06-20,0.09575335,0.06310328,0.08516454,0.10501424,0.13859958
2005-06-21,0.09821134,0.06328499,0.08295382,0.10357530,0.13834216
2005-06-22,0.09997191,0.06187327,0.08043137,0.10184462,0.13808227
2005-06-23,0.09349782,0.07246792,0.08874049,0.10948708,0.14494492
2005-06-24,0.08985594,0.07626357,0.09104442,0.11184730,0.14562537
2005-06-27,0.09119944,0.07304154,0.08831758,0.10969341,0.14438137
2005-06-28,0.08774463,0.07947755,0.09264448,0.11333807,0.14870681
2005-06-29,0.09157502,0.07678571,0.08999470,0.11122320,0.14729730
2005-06-30,0.08824601,0.07444966,0.09154750,0.11285514,0.14648502
2005-07-01,0.09113898,0.07475827,0.08933566,0.10891046,0.14137798
2005-07-05,0.08593538,0.07711667,0.09311963,0.11227264,0.14602580
2005-07-06,0.08485496,0.08228083,0.09597709,0.11516738,0.14585371
2005-07-07,0.08850938,0.08271388,0.09353926,0.11289887,0.14482619
2005-07-08,0.07938899,0.09166896,0.10130725,0.11984160,0.15146071
2005-07-11,0.07986450,0.09242286,0.10116929,0.11952329,0.15108562
2005-07-12,0.07972890,0.09239825,0.09848326,0.11694403,0.14814666
2005-07-13,0.08331620,0.09211702,0.09554482,0.11422847,0.14602818
2005-07-14,0.08539897,0.09213413,0.09319293,0.11207605,0.14619183
2005-07-15,0.08586409,0.09190145,0.09046586,0.10967073,0.14214277
2005-07-18,0.09320711,0.09304455,0.09032127,0.10982082,0.14284453
2005-07-19,0.09029943,0.09436238,0.09137283,0.11073624,0.14473427
2005-07-20,0.08885691,0.09575335,0.09049206,0.10993441,0.14491131
2005-07-21,0.08586162,0.09821134,0.09144247,0.11108123,0.14699089
2005-07-22,0.08399744,0.09997191,0.09110654,0.11073498,0.14785571
2005-07-25,0.08380157,0.09349782,0.08954329,0.10951417,0.14731425
2005-07-26,0.08664977,0.08985594,0.08707615,0.10737121,0.14425060
2005-07-27,0.08556651,0.09119944,0.08626740,0.10668181,0.14399257
2005-07-28,0.08591324,0.08774463,0.08641524,0.10682886,0.14426349
2005-07-29,0.08422028,0.09157502,0.08897197,0.10944988,0.14532637
2005-08-01,0.08488207,0.08824601,0.08634017,0.10566164,0.14269917
2005-08-02,0.08809452,0.09113898,0.08811358,0.10713577,0.14499110
2005-08-03,0.08812983,0.08593538,0.08547764,0.10485831,0.14337304
2005-08-04,0.08492597,0.08485496,0.08772770,0.10725763,0.14475652
2005-08-05,0.09161815,0.08850938,0.09012955,0.10973900,0.14465309
2005-08-08,0.09152435,0.07938899,0.08800591,0.10794240,0.14387678
2005-08-09,0.08948608,0.07986450,0.08923906,0.10885913,0.14314445
2005-08-10,0.09339618,0.07972890,0.08681225,0.10678847,0.14189938
2005-08-11,0.09019527,0.08331620,0.08850393,0.10812398,0.14328540
2005-08-12,0.09159534,0.08539897,0.08893573,0.10876033,0.14288779
2005-08-15,0.09178022,0.08586409,0.08692297,0.10689708,0.14238652
2005-08-16,0.08211152,0.09320711,0.09604153,0.11553794,0.14959508
2005-08-17,0.08691387,0.09029943,0.09315991,0.11279677,0.14650564
2005-08-18,0.08897099,0.08885691,0.09040559,0.11029561,0.14448210
2005-08-19,0.09305846,0.08586162,0.08767908,0.10782988,0.14310123
2005-08-22,0.09815571,0.08399744,0.08525120,0.10565369,0.14238676
2005-08-23,0.09826378,0.08380157,0.08370133,0.10447572,0.13845519
2005-08-24,0.09559268,0.08664977,0.08510345,0.10600663,0.14080644
2005-08-25,0.09526624,0.08556651,0.08299232,0.10411471,0.14022473
2005-08-26,0.09296000,0.08591324,0.08379399,0.10508748,0.14211507
2005-08-29,0.09072142,0.08422028,0.08446125,0.10550166,0.14311326
2005-08-30,0.09509394,0.08488207,0.08282669,0.10422405,0.14186972
2005-08-31,0.08886402,0.08809452,0.08891264,0.10929347,0.14643199
2005-09-01,0.08899147,0.08812983,0.08629735,0.10563392,0.14240694
2005-09-02,0.09498140,0.08492597,0.08443877,0.10411378,0.14185884
2005-09-06,0.09916722,0.09161815,0.09528752,0.11345005,0.14966159
2005-09-07,0.09983410,0.09152435,0.09285682,0.11111216,0.14595946
2005-09-08,0.09978629,0.08948608,0.09123290,0.10972373,0.14386338
2005-09-09,0.09910992,0.09339618,0.09367829,0.11168369,0.14682154
2005-09-12,0.09933680,0.09019527,0.09087019,0.10914243,0.14537989
2005-09-13,0.09810217,0.09159534,0.09289370,0.11117513,0.14368003
2005-09-14,0.09747061,0.09178022,0.09096601,0.10949789,0.14255631
2005-09-15,0.10154554,0.08211152,0.08821330,0.10701383,0.14181651
2005-09-16,0.09797518,0.08691387,0.09135474,0.10960566,0.14219885
2005-09-19,0.10222292,0.08897099,0.09119191,0.10961140,0.14284401
2005-09-20,0.11111321,0.09305846,0.09359133,0.11197145,0.14449551
2005-09-21,0.11868844,0.09815571,0.09748466,0.11567855,0.14821476
2005-09-22,0.11813182,0.09826378,0.09557208,0.11372306,0.14742651
2005-09-23,0.13142793,0.09559268,0.09268538,0.11101993,0.14507571
2005-09-26,0.13168069,0.09526624,0.08986839,0.10844986,0.14352764
2005-09-27,0.13252898,0.09296000,0.08713069,0.10601809,0.14161692
2005-09-28,0.13741307,0.09072142,0.08456781,0.10376859,0.13862268
2005-09-29,0.14553410,0.09509394,0.08888711,0.10740441,0.14269394
2005-09-30,0.14759261,0.08886402,0.08625347,0.10506826,0.14107884
2005-10-03,0.14797782,0.08899147,0.08389246,0.10189514,0.13866366
2005-10-04,0.14790319,0.09498140,0.09018690,0.10779730,0.14502735
2005-10-05,0.13925864,0.09916722,0.10510577,0.12162742,0.15661575
2005-10-06,0.13853220,0.09983410,0.10314583,0.11972395,0.14922345
2005-10-07,0.13814747,0.09978629,0.10103015,0.11751365,0.14963750
2005-10-10,0.13640910,0.09910992,0.10186632,0.11831972,0.15221734
2005-10-11,0.13634538,0.09933680,0.09909177,0.11569335,0.14782170
2005-10-12,0.13782016,0.09810217,0.09894533,0.11560383,0.14357649
2005-10-13,0.13820242,0.09747061,0.09597117,0.11281441,0.14153113
2005-10-14,0.13525384,0.10154554,0.09840188,0.11471740,0.14525967
2005-10-17,0.13552221,0.09797518,0.09610087,0.11246634,0.14301950
2005-10-18,0.13107417,0.10222292,0.10111262,0.11724765,0.14809085
2005-10-19,0.12485751,0.11111321,0.11376471,0.12848908,0.15790657
2005-10-20,0.11433509,0.11868844,0.12501502,0.13925013,0.16618479
2005-10-21,0.11565693,0.11813182,0.12135030,0.13538050,0.15959837
2005-10-24,0.10180044,0.13142793,0.13426779,0.14713447,0.17424886
2005-10-25,0.10217687,0.13168069,0.13050343,0.14316914,0.16760064
2005-10-26,0.10133156,0.13252898,0.12763889,0.14018377,0.16294822
2005-10-27,0.09906279,0.13741307,0.13034898,0.14276687,0.16293479
2005-10-28,0.08111998,0.14553410,0.14158026,0.15308673,0.17554485
2005-10-31,0.08034730,0.14759261,0.14005484,0.15107905,0.16616708
2005-11-01,0.08976973,0.14797782,0.13647915,0.14975414,0.16542458
2005-11-02,0.08292874,0.14790319,0.13783742,0.15060769,0.17006816
2005-11-03,0.08201888,0.13925864,0.13465870,0.14706074,0.16536719
2005-11-04,0.08213572,0.13853220,0.13055801,0.14274609,0.15495935
2005-11-07,0.08361544,0.13814747,0.12686575,0.13888671,0.15361614
2005-11-08,0.08286080,0.13640910,0.12373331,0.13577027,0.15370692
2005-11-09,0.08322394,0.13634538,0.12014355,0.13216194,0.15020605
2005-11-10,0.07801167,0.13782016,0.12098767,0.13287111,0.15383301
2005-11-11,0.07963838,0.13820242,0.11789986,0.12979441,0.15259109
2005-11-14,0.08089969,0.13525384,0.11434816,0.12640273,0.15232124
2005-11-15,0.07993896,0.13552221,0.11187473,0.12420231,0.15190220
2005-11-16,0.08030870,0.13107417,0.10868928,0.12122494,0.15161967
2005-11-17,0.07620734,0.12485751,0.11149851,0.12398131,0.15340738
2005-11-18,0.07467796,0.11433509,0.10944231,0.12204756,0.14955178
2005-11-21,0.07294467,0.11565693,0.10805963,0.12078548,0.14751660
2005-11-22,0.07228539,0.10180044,0.10660743,0.11948048,0.14813263
2005-11-23,0.07129607,0.10217687,0.10423510,0.11734292,0.14418389
2005-11-25,0.07833763,0.10133156,0.10138399,0.11481766,0.14157218
2005-11-28,0.07266985,0.09906279,0.10375840,0.11758457,0.14527895
2005-11-29,0.07340180,0.08111998,0.10059752,0.11478239,0.14138908
2005-11-30,0.07202079,0.08034730,0.10064072,0.11522551,0.13908495
2005-12-01,0.08137486,0.08976973,0.10829884,0.12128381,0.14575359
2005-12-02,0.08235216,0.08292874,0.10500718,0.11824315,0.14267001
2005-12-05,0.08194321,0.08201888,0.10222318,0.11582708,0.13934372
2005-12-06,0.08800850,0.08213572,0.09923294,0.11315268,0.13905358
2005-12-07,0.08719367,0.08361544,0.09817142,0.11253063,0.13945335
2005-12-08,0.08710036,0.08286080,0.09529840,0.11010360,0.13454769
2005-12-09,0.08738921,0.08322394,0.09303767,0.10816123,0.13485087
2005-12-12,0.09002084,0.07801167,0.09026268,0.10585199,0.13451920
2005-12-13,0.08805162,0.07963838,0.09012370,0.10583028,0.13536827
2005-12-14,0.08776356,0.08089969,0.08887759,0.10484153,0.13499619
2005-12-15,0.08866447,0.07993896,0.08634558,0.10289679,0.13472044
2005-12-16,0.09018400,0.08030870,0.08444667,0.10160509,0.13474307
2005-12-19,0.10875197,0.07620734,0.08498173,0.10258496,0.13680128
2005-12-20,0.10893655,0.07467796,0.08239805,0.10057544,0.13374229
2005-12-21,0.10890650,0.07294467,0.08048352,0.09909706,0.13331041
2005-12-22,0.10808949,0.07228539,0.07973187,0.09859210,0.13387068
2005-12-23,0.11092692,0.07129607,0.07732064,0.09680059,0.13284117
2005-12-27,0.10916410,0.07833763,0.08374384,0.10298003,0.13778048
2005-12-28,0.10914371,0.07266985,0.08134900,0.10102512,0.13597521
2005-12-29,0.10952577,0.07340180,0.07972026,0.09992131,0.13516124
2005-12-30,0.10839434,0.07202079,0.07960427,0.10018351,0.13604680
2006-01-03,0.09775683,0.08137486,0.09986173,0.11737689,0.15063411
2006-01-04,0.09869934,0.08235216,0.09786330,0.11531605,0.14162420
2006-01-05,0.09873657,0.08194321,0.09488201,0.11252072,0.14131165
2006-01-06,0.09742335,0.08800850,0.09892335,0.11593622,0.14653452
2006-01-09,0.10111513,0.08719367,0.09695402,0.11395424,0.14500571
2006-01-10,0.10123724,0.08710036,0.09401064,0.11125365,0.13643858
2006-01-11,0.10090218,0.08738921,0.09214313,0.10947187,0.13680887
2006-01-12,0.09916552,0.09002084,0.09262778,0.11019744,0.13907154
2006-01-13,0.10493938,0.08805162,0.08992801,0.10775049,0.13569128
2006-01-17,0.10488102,0.08776356,0.08833058,0.10652011,0.13564450
2006-01-18,0.10703631,0.08866447,0.08697535,0.10553506,0.13611535
2006-01-19,0.10545371,0.09018400,0.08704177,0.10550432,0.13746674
2006-01-20,0.08452157,0.10875197,0.11088037,0.12809169,0.15692326
2006-01-23,0.08817827,0.10893655,0.10774170,0.12480024,0.15047543
2006-01-24,0.08875702,0.10890650,0.10487637,0.12182470,0.15039396
2006-01-25,0.08866597,0.10808949,0.10190170,0.11894302,0.14995005
2006-01-26,0.08600122,0.11092692,0.10269703,0.11935686,0.15193297
2006-01-27,0.08938790,0.10916410,0.10401097,0.12025832,0.14498901
2006-01-30,0.09373772,0.10914371,0.10094052,0.11725759,0.14241002
2006-01-31,0.09288749,0.10952577,0.09908398,0.11561693,0.14320691
2006-02-01,0.09280659,0.10839434,0.09633664,0.11205407,0.14222859
2006-02-02,0.09058531,0.09775683,0.09988264,0.11554923,0.14556436
2006-02-03,0.08888726,0.09869934,0.09906793,0.11495187,0.13991332
2006-02-06,0.08912316,0.09873657,0.09609815,0.11224084,0.13912834
2006-02-07,0.08624095,0.09742335,0.09838483,0.11454106,0.14294740
2006-02-08,0.08465440,0.10111513,0.10111248,0.11667715,0.14497330
2006-02-09,0.08481561,0.10123724,0.09820063,0.11405871,0.14103763
2006-02-10,0.09165186,0.10090218,0.09571866,0.11174653,0.14055182
2006-02-13,0.09214113,0.09916552,0.09366708,0.11005253,0.14091198
2006-02-14,0.08562565,0.10493938,0.09876194,0.11430798,0.14455918
2006-02-15,0.08491656,0.10488102,0.09671465,0.11235791,0.14121197
2006-02-16,0.08126634,0.10703631,0.09797222,0.11328112,0.14413689
2006-02-17,0.08371312,0.10545371,0.09520695,0.11088695,0.14286285
2006-02-21,0.08550714,0.08452157,0.09318133,0.10924920,0.14270602
2006-02-22,0.08197148,0.08817827,0.09491567,0.11061438,0.13774379
2006-02-23,0.08098918,0.08875702,0.09319199,0.10926682,0.13714568
2006-02-24,0.08094760,0.08866597,0.09048841,0.10690600,0.13522699
2006-02-27,0.08303590,0.08600122,0.08886038,0.10545417,0.13595304
2006-02-28,0.07904292,0.08938790,0.09526396,0.11156509,0.14176547
2006-03-01,0.07405993,0.09373772,0.09774549,0.11314319,0.14061251
2006-03-02,0.07522885,0.09288749,0.09497888,0.11074360,0.13900341
2006-03-03,0.07546338,0.09280659,0.09226575,0.10843351,0.13879029
2006-03-06,0.07466431,0.09058531,0.09349627,0.10979714,0.14150482
2006-03-07,0.07586271,0.08888726,0.09093720,0.10764225,0.13612585
2006-03-08,0.07583000,0.08912316,0.08851880,0.10551787,0.13375458
2006-03-09,0.08222030,0.08624095,0.08790566,0.10522824,0.13521363
2006-03-10,0.07840580,0.08465440,0.08970543,0.10659541,0.13706652
2006-03-13,0.08258614,0.08481561,0.08735972,0.10455080,0.13356503
2006-03-14,0.07452698,0.09165186,0.09376113,0.10984936,0.14050716
2006-03-15,0.07310026,0.09214113,0.09240221,0.10854336,0.13936681
2006-03-16,0.07355293,0.08562565,0.08985161,0.10630789,0.13831996
2006-03-17,0.09394099,0.08491656,0.08730166,0.10412929,0.13517634
2006-03-20,0.09402658,0.08126634,0.08488827,0.10222414,0.13497787
2006-03-21,0.09176365,0.08371312,0.08558037,0.10315361,0.13318310
2006-03-22,0.08937803,0.08550714,0.08619360,0.10355996,0.13429479
2006-03-23,0.08932250,0.08197148,0.08417043,0.10201931,0.13373428
2006-03-24,0.09084530,0.08098918,0.08169569,0.09999625,0.13264775
2006-03-27,0.09129775,0.08094760,0.07930789,0.09816446,0.13237091
2006-03-28,0.08924702,0.08303590,0.08088970,0.09986053,0.13405662
2006-03-29,0.08547502,0.07904292,0.08359388,0.10195850,0.13564075
2006-03-30,0.08638687,0.07405993,0.08143013,0.10029263,0.13274313
2006-03-31,0.08778791,0.07522885,0.08057884,0.09982551,0.13266959
2006-04-03,0.08846452,0.07546338,0.07862026,0.09579826,0.13139684
2006-04-04,0.08647762,0.07466431,0.07999052,0.09681464,0.13264477
2006-04-05,0.09227814,0.07586271,0.07933715,0.09619165,0.13051658
2006-04-06,0.09208223,0.07583000,0.07728290,0.09464182,0.13019382
2006-04-07,0.08475525,0.08222030,0.08514009,0.10180032,0.13697401
2006-04-10,0.08491402,0.07840580,0.08261474,0.09961220,0.13426562
2006-04-11,0.09205854,0.08258614,0.08562211,0.10248759,0.13630285
2006-04-12,0.09995482,0.07452698,0.08314564,0.10030675,0.13452011
2006-04-13,0.10029973,0.07310026,0.08066914,0.09818630,0.13259490
2006-04-17,0.09999012,0.07355293,0.07904517,0.09696305,0.12941667
2006-04-18,0.10009445,0.09394099,0.10103791,0.11552666,0.14822667
2006-04-19,0.10252726,0.09402658,0.09827587,0.11286091,0.14123458
2006-04-20,0.10344085,0.09176365,0.09539003,0.11016245,0.14115598
2006-04-21,0.10432836,0.08937803,0.09248560,0.10754233,0.14052509
2006-04-24,0.10508171,0.08932250,0.09016071,0.10555884,0.14006699
2006-04-25,0.10385694,0.09084530,0.08945118,0.10510303,0.13262912
2006-04-26,0.11056690,0.09129775,0.08741435,0.10322067,0.13253861
2006-04-27,0.11173611,0.08924702,0.08571502,0.10164758,0.13306761
2006-04-28,0.12466927,0.08547502,0.08314577,0.09945174,0.13215796
2006-05-01,0.12696309,0.08638687,0.08220759,0.09852570,0.13134566
2006-05-02,0.13214470,0.08778791,0.08318659,0.09916236,0.13278644
2006-05-03,0.13163164,0.08846452,0.08205389,0.09841597,0.13250941
2006-05-04,0.14518402,0.08647762,0.08049293,0.09706683,0.13245563
2006-05-05,0.14083683,0.09227814,0.08761643,0.10268707,0.13874053
2006-05-08,0.14238993,0.09208223,0.08500857,0.10055884,0.13584286
2006-05-09,0.14246887,0.08475525,0.08243090,0.09844996,0.13460934
2006-05-10,0.14318845,0.08491402,0.08020222,0.09674118,0.13248516
2006-05-11,0.14220393,0.09205854,0.09249345,0.10751510,0.14324497
2006-05-12,0.14207965,0.09995482,0.09987020,0.11414628,0.14425347
2006-05-15,0.14293988,0.10029973,0.09732290,0.11174936,0.14215687
2006-05-16,0.16027545,0.09999012,0.09463818,0.10941556,0.14224768
2006-05-17,0.14963109,0.10009445,0.11305182,0.12590773,0.15965106
2006-05-18,0.15117498,0.10252726,0.11268088,0.12555055,0.14840467
2006-05-19,0.15049703,0.10344085,0.11042128,0.12321830,0.14490462
2006-05-22,0.15359809,0.10432836,0.10813840,0.12113692,0.14535571
2006-05-23,0.15394623,0.10508171,0.10620562,0.11940468,0.14616946
2006-05-24,0.15387904,0.10385694,0.10315385,0.11653785,0.13731868
2006-05-25,0.14975991,0.11056690,0.10924732,0.12146562,0.14394184
2006-05-26,0.15177957,0.11173611,0.10821577,0.12026150,0.14295373
2006-05-30,0.14259524,0.12466927,0.12193195,0.13292936,0.15748202
2006-05-31,0.15815405,0.12696309,0.12232044,0.13286070,0.15632398
2006-06-01,0.15255392,0.13214470,0.12776396,0.13932305,0.16306207
2006-06-02,0.15480160,0.13163164,0.12410368,0.13565964,0.15680813
2006-06-05,0.14397201,0.14518402,0.13912140,0.14984806,0.17378615
2006-06-06,0.14417644,0.14083683,0.13495587,0.14564923,0.16203845
2006-06-07,0.14453081,0.14238993,0.13298483,0.14367735,0.16096387
2006-06-08,0.14453711,0.14246887,0.12905109,0.13973041,0.15647068
2006-06-09,0.14436870,0.14318845,0.12632959,0.13711581,0.15751912
2006-06-12,0.14340694,0.14220393,0.13098157,0.14156791,0.15690796
2006-06-13,0.14529765,0.14207965,0.13421850,0.14463903,0.15928085
2006-06-14,0.14518537,0.14293988,0.13167685,0.14189551,0.15580238
2006-06-15,0.12571139,0.16027545,0.15157337,0.16003930,0.17961362
2006-06-16,0.12523808,0.14963109,0.14765262,0.15605075,0.17288669
2006-06-19,0.13687272,0.15117498,0.14751775,0.15584497,0.16982964
2006-06-20,0.14001403,0.15049703,0.14302377,0.15129289,0.16468939
2006-06-21,0.13813601,0.15359809,0.14369857,0.15151339,0.16899757
2006-06-22,0.14835383,0.15394623,0.14082821,0.14870518,0.15742225
2006-06-23,0.14991968,0.15387904,0.13658123,0.14452378,0.15633427
2006-06-26,0.14897807,0.14975991,0.13376079,0.14162236,0.15542744
2006-06-27,0.14627947,0.15177957,0.13445279,0.14243582,0.15805264
2006-06-28,0.15096025,0.14259524,0.13208221,0.13997432,0.15536070
2006-06-29,0.13172957,0.15815405,0.15258381,0.15910870,0.17605067
2006-06-30,0.13245165,0.15255392,0.14816066,0.15467935,0.16809100
2006-07-03,0.13083687,0.15480160,0.14684159,0.15328021,0.16882181
2006-07-05,0.12862019,0.14397201,0.14515164,0.15170310,0.16860043
2006-07-06,0.12835401,0.14417644,0.14106270,0.14763402,0.16282447
2006-07-07,0.12656639,0.14453081,0.13927792,0.14602929,0.15329208
2006-07-10,0.12700125,0.14453711,0.13515567,0.14202478,0.15191191
2006-07-11,0.12713971,0.14436870,0.13196195,0.13889983,0.15112270
2006-07-12,0.12242247,0.14340694,0.13481447,0.14191429,0.15627534
2006-07-13,0.11460635,0.14529765,0.14021423,0.14734759,0.16188892
2006-07-14,0.11341029,0.14518537,0.13727489,0.14458126,0.15734349
2006-07-17,0.12271744,0.12571139,0.13320173,0.14069383,0.15658413
2006-07-18,0.12535764,0.12523808,0.12935904,0.13700122,0.14968587
2006-07-19,0.10811297,0.13687272,0.14436223,0.15090949,0.16605104
2006-07-20,0.10480278,0.14001403,0.14382614,0.15049174,0.15887196
2006-07-21,0.10266750,0.13813601,0.14215288,0.14895540,0.15991592
2006-07-24,0.08538277,0.14835383,0.15200545,0.15799135,0.17284639
2006-07-25,0.08400396,0.14991968,0.14939747,0.15520465,0.17016852
2006-07-26,0.08439455,0.14897807,0.14485370,0.15073611,0.16093629
2006-07-27,0.08322648,0.14627947,0.14134644,0.14740546,0.15967024
2006-07-28,0.07412509,0.15096025,0.14486529,0.15051490,0.16520669
2006-07-31,0.07424581,0.13172957,0.14056985,0.14637937,0.15527980
2006-08-01,0.07264392,0.13245165,0.13740931,0.14319801,0.14816282
2006-08-02,0.07058860,0.13083687,0.13468747,0.14055709,0.14932725
2006-08-03,0.07270256,0.12862019,0.13087358,0.13698711,0.14773154
2006-08-04,0.07290107,0.12835401,0.12691677,0.13339697,0.14261706
2006-08-07,0.08003518,0.12656639,0.12353454,0.13043796,0.14295246
2006-08-08,0.08091464,0.12700125,0.12048521,0.12783668,0.14219480
2006-08-09,0.08056432,0.12713971,0.11803791,0.12584411,0.14241014
2006-08-10,0.07897717,0.12242247,0.11584242,0.12387823,0.14301903
2006-08-11,0.08555726,0.11460635,0.11338232,0.12191009,0.14168987
2006-08-14,0.08649934,0.11341029,0.11002070,0.11900950,0.13841962
2006-08-15,0.07268857,0.12271744,0.11906436,0.12714074,0.14952551
2006-08-16,0.06828937,0.12535764,0.11919155,0.12720457,0.14919371
2006-08-17,0.06818606,0.10811297,0.11572394,0.12411774,0.14762354
2006-08-18,0.06760715,0.10480278,0.11312119,0.12180835,0.14260189
2006-08-21,0.06927609,0.10266750,0.11060321,0.11979453,0.14199764
2006-08-22,0.07168247,0.08538277,0.10730446,0.11697565,0.13536846
2006-08-23,0.07048867,0.08400396,0.10549599,0.11567910,0.13017880
2006-08-24,0.07632487,0.08439455,0.10269703,0.11332127,0.12936645
2006-08-25,0.08057952,0.08322648,0.09961102,0.11082964,0.12883946
2006-08-28,0.07858038,0.07412509,0.09863271,0.11005976,0.12997930
2006-08-29,0.07852306,0.07424581,0.09591853,0.10786646,0.12702362
2006-08-30,0.07886125,0.07264392,0.09305317,0.10560646,0.12628611
2006-08-31,0.07962802,0.07058860,0.09033662,0.10357022,0.12581478
2006-09-01,0.07765491,0.07270256,0.09015738,0.10166369,0.12644632
2006-09-05,0.08786322,0.07290107,0.08766251,0.09970489,0.12502705
2006-09-06,0.08120363,0.08003518,0.09336896,0.10562077,0.13194652
2006-09-07,0.08001819,0.08091464,0.09243701,0.10519340,0.13135713
2006-09-08,0.07898754,0.08056432,0.09081800,0.10382345,0.13163443
2006-09-11,0.07928622,0.07897717,0.08807087,0.10158771,0.13004708
2006-09-12,0.07135316,0.08555726,0.09432116,0.10709103,0.13693283
2006-09-13,0.07742803,0.08649934,0.09266749,0.10564608,0.13245196
2006-09-14,0.07760884,0.07268857,0.08999972,0.10350429,0.13151642
2006-09-15,0.07758972,0.06828937,0.08782594,0.10169421,0.12816823
2006-09-18,0.07852103,0.06818606,0.08526798,0.09963081,0.12705317
2006-09-19,0.07809541,0.06760715,0.08332608,0.09829307,0.12396968
2006-09-20,0.07560972,0.06927609,0.08377910,0.09872778,0.12547066
2006-09-21,0.07336790,0.07168247,0.08390682,0.09929501,0.12660021
2006-09-22,0.07590216,0.07048867,0.08191516,0.09788155,0.12617661
2006-09-25,0.06955309,0.07632487,0.08644153,0.10169082,0.13117231
2006-09-26,0.06565806,0.08057952,0.08873234,0.10359242,0.13318214
2006-09-27,0.06785803,0.07858038,0.08603203,0.10136490,0.13097991
2006-09-28,0.07371572,0.07852306,0.08367634,0.09942351,0.12977405
2006-09-29,0.07331174,0.07886125,0.08160417,0.09791818,0.12981550
2006-10-02,0.07236121,0.07962802,0.08021317,0.09601026,0.12705620
2006-10-03,0.07639949,0.07765491,0.07819444,0.09438042,0.12522589
2006-10-04,0.06413787,0.08786322,0.08899745,0.10351249,0.13485447
2006-10-05,0.06413432,0.08120363,0.08672248,0.10151058,0.13211108
2006-10-06,0.07452642,0.08001819,0.08472682,0.09999342,0.13059291
2006-10-09,0.07487014,0.07898754,0.08220349,0.09789690,0.12969658
2006-10-10,0.07488306,0.07928622,0.08009355,0.09614595,0.12958175
2006-10-11,0.07662573,0.07135316,0.07829259,0.09489184,0.12521656
2006-10-12,0.06950603,0.07742803,0.08441172,0.09994390,0.12953570
2006-10-13,0.06970417,0.07760884,0.08222567,0.09808099,0.12740990
2006-10-16,0.07255686,0.07758972,0.08031875,0.09647483,0.12772644
2006-10-17,0.07191954,0.07852103,0.07916602,0.09580806,0.12830905
2006-10-18,0.07221609,0.07809541,0.07691605,0.09399765,0.12790013
2006-10-19,0.07224404,0.07560972,0.07464589,0.09222778,0.12477772
2006-10-20,0.07214531,0.07336790,0.07252190,0.09060129,0.12411561
2006-10-23,0.06918170,0.07590216,0.07424732,0.09196429,0.12611674
2006-10-24,0.06964722,0.06955309,0.07199262,0.09027660,0.12473573
2006-10-25,0.06974259,0.06565806,0.07111962,0.08960531,0.12414914
2006-10-26,0.08249277,0.06785803,0.07158988,0.08997729,0.12462758
2006-10-27,0.07799020,0.07371572,0.07685587,0.09492126,0.12932089
2006-10-30,0.08418449,0.07331174,0.07453315,0.09307447,0.12650011
2006-10-31,0.08423256,0.07236121,0.07226257,0.09133135,0.12639891
2006-11-01,0.08084588,0.07639949,0.07570840,0.09325873,0.12880993
2006-11-02,0.08645026,0.06413787,0.07341418,0.09144435,0.12676223
2006-11-03,0.08721053,0.06413432,0.07170192,0.09024091,0.12196350
2006-11-06,0.07809537,0.07452642,0.08220352,0.09855527,0.13112466
2006-11-07,0.07892994,0.07487014,0.08016340,0.09672693,0.12866034
2006-11-08,0.07884999,0.07488306,0.07814121,0.09495668,0.12706495
2006-11-09,0.07704471,0.07662573,0.07856216,0.09564235,0.12897152
2006-11-10,0.07685975,0.06950603,0.07651251,0.09387069,0.12833069
2006-11-13,0.07645928,0.06970417,0.07483923,0.09241341,0.12276955
2006-11-14,0.07913602,0.07255686,0.07662833,0.09367646,0.12539340
2006-11-15,0.07879338,0.07191954,0.07487853,0.09217742,0.12467792
2006-11-16,0.07919315,0.07221609,0.07313752,0.09072112,0.12371574
2006-11-17,0.07946475,0.07224404,0.07102208,0.08905193,0.12353036
2006-11-20,0.07959761,0.07214531,0.06888586,0.08748294,0.12329069
2006-11-21,0.08040993,0.06918170,0.06709408,0.08610618,0.12208498
2006-11-22,0.08210525,0.06964722,0.06568091,0.08501996,0.12151262
2006-11-24,0.08250242,0.06974259,0.06525283,0.08505989,0.12223353
2006-11-27,0.07181891,0.08249277,0.08257566,0.10008602,0.13516510
2006-11-28,0.07100957,0.07799020,0.08116884,0.09866322,0.13172466
2006-11-29,0.06543031,0.08418449,0.08638051,0.10265000,0.13596433
2006-11-30,0.06550031,0.08423256,0.08380990,0.10034234,0.13413546
2006-12-01,0.06491619,0.08084588,0.08198428,0.09821278,0.13343798
2006-12-04,0.06100890,0.08645026,0.08660998,0.10168756,0.13188360
2006-12-05,0.05991359,0.08721053,0.08539596,0.10044299,0.13100495
2006-12-06,0.05976684,0.07809537,0.08295233,0.09844358,0.12796852
2006-12-07,0.05854255,0.07892994,0.08189960,0.09778255,0.12669230
2006-12-08,0.06218675,0.07884999,0.07971601,0.09588041,0.12623721
2006-12-11,0.06392793,0.07704471,0.07778873,0.09420222,0.12382716
2006-12-12,0.06388757,0.07685975,0.07552897,0.09245852,0.12269861
2006-12-13,0.06383451,0.07645928,0.07336880,0.09070774,0.12265117
2006-12-14,0.05729567,0.07913602,0.07868813,0.09471754,0.12754940
2006-12-15,0.05803454,0.07879338,0.07641557,0.09284497,0.12515523
2006-12-18,0.05981998,0.07919315,0.07514831,0.09206633,0.12562475
2006-12-19,0.06060254,0.07946475,0.07333969,0.09055748,0.12560650
2006-12-20,0.06714553,0.07959761,0.07131893,0.08910379,0.12558876
2006-12-21,0.07672944,0.08040993,0.07061195,0.08884790,0.12402330
2006-12-22,0.07459206,0.08210525,0.07152969,0.08996420,0.12575554
2006-12-26,0.07315811,0.08250242,0.07137698,0.08965930,0.12608199
2006-12-27,0.07185517,0.07181891,0.07435000,0.09174603,0.12885141
2006-12-28,0.07520014,0.07100957,0.07231432,0.09024653,0.12439161
2006-12-29,0.07583966,0.06543031,0.07228387,0.09054237,0.12519071
2007-01-03,0.07595253,0.06550031,0.07023682,0.08690860,0.12145795
2007-01-04,0.07590737,0.06491619,0.06826421,0.08531033,0.12087228
2007-01-05,0.07294372,0.06100890,0.07031075,0.08737586,0.12185478
2007-01-08,0.07269856,0.05991359,0.06871215,0.08599467,0.11976377
2007-01-09,0.07279137,0.05976684,0.06664920,0.08443724,0.11862766
2007-01-10,0.07654291,0.05854255,0.06505694,0.08312496,0.11883135
2007-01-11,0.07421311,0.06218675,0.06769316,0.08488390,0.12148440
2007-01-12,0.07690090,0.06392793,0.06827756,0.08513057,0.12103010
2007-01-16,0.08125018,0.06388757,0.06627382,0.08357176,0.12027623
2007-01-17,0.08127053,0.06383451,0.06434889,0.08221024,0.12029195
2007-01-18,0.08067098,0.05729567,0.06345210,0.08179633,0.12080163
2007-01-19,0.08064924,0.05803454,0.06253795,0.08099459,0.11834532
2007-01-22,0.07868897,0.05981998,0.06402934,0.08257050,0.11949788
2007-01-23,0.07778671,0.06060254,0.06358294,0.08206450,0.11960083
2007-01-24,0.07310082,0.06714553,0.06988420,0.08659157,0.12468615
2007-01-25,0.06181562,0.07672944,0.08082703,0.09626750,0.13217944
2007-01-26,0.13708714,0.07459206,0.07850552,0.09434061,0.12907413
2007-01-29,0.13837434,0.07315811,0.07623348,0.09248116,0.12768119
2007-01-30,0.13722584,0.07185517,0.07722508,0.09295166,0.12930364
2007-01-31,0.14103549,0.07520014,0.07911252,0.09415166,0.12848000
2007-02-01,0.14360022,0.07583966,0.07946276,0.09401626,0.12446752
2007-02-02,0.15304651,0.07595253,0.07732276,0.09214548,0.12360581
2007-02-05,0.15324856,0.07590737,0.07506145,0.09036482,0.12354389
2007-02-06,0.15519159,0.07294372,0.07282534,0.08853298,0.12239375
2007-02-07,0.15513418,0.07269856,0.07081457,0.08687326,0.12029070
2007-02-08,0.15535728,0.07279137,0.06881041,0.08541125,0.11925156
2007-02-09,0.16915168,0.07654291,0.07220450,0.08866957,0.12301952
2007-02-12,0.17034648,0.07421311,0.07114796,0.08804100,0.12260106
2007-02-13,0.16879789,0.07690090,0.07499653,0.09073009,0.12589667
2007-02-14,0.16725255,0.08125018,0.07850984,0.09322115,0.12842713
2007-02-15,0.17137510,0.08127053,0.07622486,0.09128056,0.12720229
2007-02-16,0.17273858,0.08067098,0.07398051,0.08952232,0.12553551
2007-02-20,0.18216478,0.08064924,0.07257207,0.08824795,0.12559262
2007-02-21,0.18210371,0.07868897,0.07057315,0.08677972,0.12346023
2007-02-22,0.18211888,0.07778671,0.06850448,0.08524426,0.12091673
2007-02-23,0.18172940,0.07310082,0.06785277,0.08503139,0.12159953
2007-02-26,0.18294395,0.06181562,0.06596642,0.08368666,0.11997450
2007-02-27,0.13873284,0.13708714,0.15158141,0.16103035,0.19267168
2007-02-28,0.13800352,0.13837434,0.14853715,0.15748894,0.17555348
2007-03-01,0.13776991,0.13722584,0.14436594,0.15207871,0.17513070
2007-03-02,0.13222338,0.14103549,0.14690007,0.15452165,0.18120055
2007-03-05,0.13204100,0.14360022,0.14709092,0.15475547,0.18321566
2007-03-06,0.12088450,0.15304651,0.15463415,0.16091294,0.16378414
2007-03-07,0.12104230,0.15324856,0.15023028,0.15673326,0.15928742
2007-03-08,0.11853373,0.15519159,0.14824802,0.15449257,0.16193798
2007-03-09,0.11885574,0.15513418,0.14375592,0.15019278,0.15761739
2007-03-12,0.12067545,0.15535728,0.13976462,0.14631774,0.15559899
2007-03-13,0.09970053,0.16915168,0.15736926,0.16300796,0.17353640
2007-03-14,0.09773430,0.17034648,0.15476313,0.16019913,0.16833408
2007-03-15,0.10362288,0.16879789,0.15072808,0.15619589,0.16694017
2007-03-16,0.10303526,0.16725255,0.14689542,0.15265473,0.16670221
2007-03-19,0.09598495,0.17137510,0.14852206,0.15367733,0.17196157
2007-03-20,0.09355293,0.17273858,0.14607518,0.15111435,0.16153607
2007-03-21,0.07955897,0.18216478,0.15618851,0.15988611,0.17572471
2007-03-22,0.07995011,0.18210371,0.15143644,0.15540239,0.17075886
2007-03-23,0.07986954,0.18211888,0.14688467,0.15109017,0.17043041
2007-03-26,0.08711563,0.18172940,0.14245965,0.14693171,0.16751773
2007-03-27,0.08446701,0.18294395,0.14021036,0.14505874,0.16846588
2007-03-28,0.07979533,0.13873284,0.13945081,0.14462264,0.16413327
2007-03-29,0.08331733,0.13800352,0.13597945,0.14127766,0.14421136
2007-03-30,0.08372182,0.13776991,0.13191607,0.13759319,0.14348323
2007-04-02,0.08618638,0.13222338,0.12829441,0.13395747,0.14432112
2007-04-03,0.08141048,0.13204100,0.12946832,0.13471089,0.14634333
2007-04-04,0.08165885,0.12088450,0.12559867,0.13120516,0.14147956
2007-04-05,0.08145889,0.12104230,0.12234683,0.12821030,0.13755413
2007-04-09,0.08153359,0.11853373,0.11864172,0.12492980,0.13724787
2007-04-10,0.08179280,0.11885574,0.11547537,0.12207659,0.13660681
2007-04-11,0.09240446,0.12067545,0.11485653,0.12189746,0.13680676
2007-04-12,0.09583350,0.09970053,0.11392673,0.12089795,0.13837753
2007-04-13,0.09527445,0.09773430,0.11128277,0.11849904,0.13054176
2007-04-16,0.08803239,0.10362288,0.11549563,0.12192897,0.13726117
2007-04-17,0.09262805,0.10303526,0.11228679,0.11908818,0.13491835
2007-04-18,0.09265158,0.09598495,0.10889943,0.11617547,0.13323967
2007-04-19,0.09533043,0.09355293,0.10568545,0.11352542,0.12995743
2007-04-20,0.08998194,0.07955897,0.10855433,0.11579726,0.13476748
2007-04-23,0.08965411,0.07995011,0.10562882,0.11345614,0.12441813
2007-04-24,0.08974346,0.07986954,0.10242004,0.11079762,0.12415623
2007-04-25,0.08929392,0.08711563,0.10676709,0.11431435,0.13149514
2007-04-26,0.09121895,0.08446701,0.10355927,0.11167086,0.12939026
2007-04-27,0.09137977,0.07979533,0.10040553,0.10906902,0.12586774
2007-04-30,0.09147334,0.08331733,0.10203391,0.11099227,0.12897430
2007-05-01,0.09101664,0.08372182,0.09945983,0.10807943,0.12710670
2007-05-02,0.08917126,0.08618638,0.09963966,0.10805838,0.12661467
2007-05-03,0.08814157,0.08141048,0.09805100,0.10659797,0.12695078
2007-05-04,0.08976931,0.08165885,0.09543005,0.10436043,0.12525749
2007-05-07,0.09450436,0.08145889,0.09305700,0.10233937,0.12353565
2007-05-08,0.11262885,0.08153359,0.09033609,0.10024220,0.12307452
2007-05-09,0.11872214,0.08179280,0.08847355,0.09865748,0.12239798
2007-05-10,0.10833125,0.09240446,0.10170834,0.11106575,0.13570190
2007-05-11,0.10961195,0.09583350,0.10543250,0.11394624,0.13717771
2007-05-14,0.12124944,0.09527445,0.10245851,0.11148751,0.13469217
2007-05-15,0.12230299,0.08803239,0.09946670,0.10901326,0.13448528
2007-05-16,0.12074985,0.09262805,0.10205667,0.11094084,0.13718989
2007-05-17,0.12078117,0.09265158,0.09901204,0.10841373,0.12944739
2007-05-18,0.11875622,0.09533043,0.09935572,0.10848339,0.12955376
2007-05-21,0.12776914,0.08998194,0.09651539,0.10604044,0.12868864
2007-05-22,0.12952046,0.08965411,0.09360852,0.10368281,0.12700574
2007-05-23,0.13703907,0.08974346,0.09087829,0.10153401,0.12453645
2007-05-24,0.13327737,0.08929392,0.09592007,0.10651075,0.13139385
2007-05-25,0.13241696,0.09121895,0.09537151,0.10582369,0.12824351
2007-05-29,0.13590447,0.09137977,0.09266715,0.10350149,0.12771120
2007-05-30,0.13309144,0.09147334,0.09501605,0.10520037,0.13217828
2007-05-31,0.13319939,0.09101664,0.09212681,0.10280721,0.12969528
2007-06-01,0.13759895,0.08917126,0.09049021,0.10086908,0.12678480
2007-06-04,0.13800655,0.08814157,0.08802695,0.09880100,0.12494587
2007-06-05,0.13675642,0.08976931,0.08785466,0.09911460,0.12656569
2007-06-06,0.13372235,0.09450436,0.09194491,0.10319184,0.12956997
2007-06-07,0.11883319,0.11262885,0.11268312,0.12204906,0.14899288
2007-06-08,0.12262457,0.11872214,0.11776435,0.12590962,0.15090561
2007-06-11,0.12416230,0.10833125,0.11423793,0.12267482,0.14840191
2007-06-12,0.13530641,0.10961195,0.11836839,0.12679282,0.15156194
2007-06-13,0.12529006,0.12124944,0.12885760,0.13541853,0.15961352
2007-06-14,0.12435783,0.12230299,0.12632133,0.13284121,0.14837841
2007-06-15,0.12229929,0.12074985,0.12505825,0.13136220,0.14695026
2007-06-18,0.12243659,0.12078117,0.12134035,0.12804295,0.14501181
2007-06-19,0.12326166,0.11875622,0.11783584,0.12480620,0.14176734
2007-06-20,0.12147976,0.12776914,0.12604655,0.13281945,0.14647776
2007-06-21,0.12076804,0.12952046,0.12453299,0.13111865,0.14473973
2007-06-22,0.13177545,0.13703907,0.13086352,0.13736953,0.15340409
2007-06-25,0.13229091,0.13327737,0.12749055,0.13437210,0.15099657
2007-06-26,0.15513462,0.13241696,0.12424843,0.13151804,0.14984780
2007-06-27,0.16192593,0.13590447,0.12541016,0.13208676,0.14890473
2007-06-28,0.16573119,0.13309144,0.12160054,0.12862961,0.14632349
2007-06-29,0.17140919,0.13319939,0.11805377,0.12549363,0.14044750
2007-07-02,0.16925632,0.13759895,0.12170462,0.12898223,0.14734797
2007-07-03,0.16947414,0.13800655,0.11881252,0.12621451,0.14555200
2007-07-05,0.19347594,0.13675642,0.11520093,0.12297956,0.14290946
2007-07-06,0.21008643,0.13372235,0.11242550,0.12038326,0.14312412
2007-07-09,0.21113644,0.11883319,0.10905937,0.11740426,0.14154831
2007-07-10,0.21088470,0.12262457,0.11944283,0.12738448,0.14615349
2007-07-11,0.23441950,0.12416230,0.11790981,0.12573106,0.14192631
2007-07-12,0.22511933,0.13530641,0.13585175,0.14120207,0.16314744
2007-07-13,0.22487016,0.12529006,0.13226240,0.13775298,0.15565893
2007-07-16,0.23356210,0.12435783,0.12845060,0.13434432,0.15210641
2007-07-17,0.23854764,0.12229929,0.12453805,0.13079586,0.14587924
2007-07-18,0.23870469,0.12243659,0.12101145,0.12771838,0.14449916
2007-07-19,0.25260536,0.12326166,0.11859925,0.12537689,0.13495327
2007-07-20,0.24898995,0.12147976,0.12453076,0.13133948,0.14433949
2007-07-23,0.24844918,0.12076804,0.12220553,0.12901659,0.13971323
2007-07-24,0.24197665,0.13177545,0.14173233,0.14762904,0.16334481
2007-07-25,0.24146741,0.13229091,0.13860149,0.14445648,0.15518302
2007-07-26,0.23063579,0.15513462,0.16275687,0.16749705,0.18483193
2007-07-27,0.22571988,0.16192593,0.16979345,0.17433542,0.18625938
2007-07-30,0.23763622,0.16573119,0.16933299,0.17329541,0.18614514
2007-07-31,0.24529587,0.17140919,0.17147140,0.17546836,0.18367450
2007-08-01,0.24444993,0.16925632,0.16859931,0.17382326,0.18329980
2007-08-02,0.24702578,0.16947414,0.16433584,0.16936096,0.16861048
2007-08-03,0.23153877,0.19347594,0.19069387,0.19520979,0.19903780
2007-08-06,0.21995915,0.21008643,0.20686483,0.20975976,0.21322863
2007-08-07,0.21942103,0.21113644,0.20197916,0.20447259,0.20421073
2007-08-08,0.22201818,0.21088470,0.20322466,0.20497236,0.21141931
2007-08-09,0.19606329,0.23441950,0.22917103,0.23077140,0.24369439
2007-08-10,0.20159154,0.22511933,0.22219443,0.22351250,0.21970115
2007-08-13,0.20158431,0.22487016,0.21543410,0.21654358,0.20431732
2007-08-14,0.19352217,0.23356210,0.22068900,0.22183704,0.21826535
2007-08-15,0.18734324,0.23854764,0.22078779,0.22193836,0.21871650
2007-08-16,0.18784963,0.23870469,0.21443293,0.21528204,0.19839605
2007-08-17,0.19535973,0.25260536,0.22831656,0.22798144,0.22419570
2007-08-20,0.19648509,0.24898995,0.22136360,0.22083805,0.21681761
2007-08-21,0.19783414,0.24844918,0.21466147,0.21395695,0.20849534
2007-08-22,0.19433186,0.24197665,0.21299079,0.21180002,0.21030204
2007-08-23,0.19515218,0.24146741,0.20654437,0.20530897,0.20367570
2007-08-24,0.19106890,0.23063579,0.20515799,0.20351011,0.19715287
2007-08-27,0.18968829,0.22571988,0.20166092,0.20022141,0.19184987
2007-08-28,0.17144589,0.23763622,0.21623561,0.21520811,0.21367748
2007-08-29,0.15446948,0.24529587,0.22596995,0.22408156,0.22305554
2007-08-30,0.16044231,0.24444993,0.21969090,0.21777969,0.21624601
2007-08-31,0.15572269,0.24702578,0.21736940,0.21503368,0.21823732
2007-09-04,0.15230875,0.23153877,0.21460245,0.21363593,0.22025414
2007-09-05,0.14712429,0.21995915,0.21287136,0.21208199,0.20525419
2007-09-06,0.15005308,0.21942103,0.20704481,0.20581811,0.18706033
2007-09-07,0.13838644,0.22201818,0.21140598,0.21081737,0.20004357
2007-09-10,0.14110850,0.19606329,0.20502553,0.20414540,0.19098311
2007-09-11,0.13321711,0.20159154,0.20563416,0.20433401,0.18610112
2007-09-12,0.13441631,0.20158431,0.19936980,0.19780865,0.18026908
2007-09-13,0.13226538,0.19352217,0.19602629,0.19411403,0.18346731
2007-09-14,0.13543905,0.18734324,0.19005617,0.18797937,0.17083421
2007-09-17,0.13619619,0.18784963,0.18534436,0.18338610,0.16948166
2007-09-18,0.09295421,0.19535973,0.21171547,0.21012238,0.20617569
2007-09-19,0.09058392,0.19648509,0.20661741,0.20460258,0.18944929
2007-09-20,0.12545818,0.19783414,0.20203313,0.20006054,0.18958878
2007-09-21,0.12513386,0.19433186,0.19669282,0.19440586,0.18996924
2007-09-24,0.12746345,0.19515218,0.19179874,0.18958353,0.18873094
2007-09-25,0.12773889,0.19106890,0.18596056,0.18364618,0.16845923
2007-09-26,0.12640878,0.18968829,0.18151257,0.17901206,0.16726805
2007-09-27,0.13433852,0.17144589,0.17663498,0.17401724,0.16543105
2007-09-28,0.13454220,0.15446948,0.17165825,0.16920816,0.15675206
2007-10-01,0.12850916,0.16044231,0.17416639,0.17107385,0.15881772
2007-10-02,0.13497773,0.15572269,0.16886373,0.16589547,0.15565224
2007-10-03,0.16301695,0.15230875,0.16467778,0.16207593,0.15417481
2007-10-04,0.16287689,0.14712429,0.15987144,0.15737814,0.15197097
2007-10-05,0.16043238,0.15005308,0.15935559,0.15684962,0.15502692
2007-10-08,0.16533432,0.13838644,0.15500802,0.15288267,0.14892271
2007-10-09,0.19292125,0.14110850,0.15352191,0.15142312,0.14811823
2007-10-10,0.19284021,0.13321711,0.14899412,0.14724932,0.14651913
2007-10-11,0.19837152,0.13441631,0.14584827,0.14467356,0.14503177
2007-10-12,0.20072508,0.13226538,0.14260276,0.14156979,0.14331283
2007-10-15,0.22205730,0.13543905,0.14207933,0.14184844,0.14598063
2007-10-16,0.22224203,0.13619619,0.14011762,0.14054028,0.14557186
2007-10-17,0.22688585,0.09295421,0.13602132,0.13668625,0.14446461
2007-10-18,0.22758944,0.09058392,0.13191005,0.13296813,0.12912574
2007-10-19,0.21780677,0.12545818,0.16290351,0.16553043,0.16968742
2007-10-22,0.21796272,0.12513386,0.15862730,0.16110054,0.15721110
2007-10-23,0.22288824,0.12746345,0.15752550,0.15970010,0.15997698
2007-10-24,0.23016079,0.12773889,0.15302213,0.15535757,0.15856354
2007-10-25,0.24412467,0.12640878,0.14840907,0.15088623,0.15850374
2007-10-26,0.24491272,0.13433852,0.15342392,0.15548991,0.15069214
2007-10-29,0.26331164,0.13454220,0.14944632,0.15147050,0.14760251
2007-10-30,0.26235697,0.12850916,0.14707108,0.14951922,0.14763114
2007-10-31,0.26047049,0.13497773,0.14993563,0.15204860,0.15273111
2007-11-01,0.24424979,0.16301695,0.17881426,0.18219495,0.18904973
2007-11-02,0.24528947,0.16287689,0.17339489,0.17661525,0.17404546
2007-11-05,0.25019644,0.16043238,0.16921845,0.17252587,0.17494980
2007-11-06,0.25209100,0.16533432,0.17054561,0.17333625,0.17986615
2007-11-07,0.23005311,0.19292125,0.20193214,0.20544935,0.21641351
2007-11-08,0.23149988,0.19284021,0.19579329,0.19900683,0.18898956
2007-11-09,0.24283553,0.19837152,0.19790369,0.20125931,0.19885162
2007-11-12,0.24123940,0.20072508,0.19580492,0.19916540,0.19998094
2007-11-13,0.21987595,0.22205730,0.22016837,0.22237513,0.23108368
2007-11-14,0.22369743,0.22224203,0.21523634,0.21724231,0.20506780
2007-11-15,0.22509213,0.22688585,0.21499268,0.21703179,0.21181702
2007-11-16,0.22541113,0.22758944,0.20942782,0.21095870,0.20652009
2007-11-19,0.21704652,0.21780677,0.21428881,0.21607355,0.21771809
2007-11-20,0.21715316,0.21796272,0.20848851,0.20980023,0.18942296
2007-11-21,0.21758254,0.22288824,0.21155809,0.21310041,0.20015656
2007-11-23,0.21154721,0.23016079,0.21520509,0.21601356,0.20503561
2007-11-26,0.19525816,0.24412467,0.22780183,0.22908519,0.22489912
2007-11-27,0.19486780,0.24491272,0.22825600,0.22877775,0.22157359
2007-11-28,0.16877495,0.26331164,0.24690965,0.24660403,0.24822148
2007-11-29,0.17043907,0.26235697,0.23939496,0.23858508,0.23492702
2007-11-30,0.17569452,0.26047049,0.23404528,0.23264196,0.23170745
2007-12-03,0.17449978,0.24424979,0.22807397,0.22838944,0.22068401
2007-12-04,0.19325766,0.24528947,0.22259309,0.22262291,0.20991003
2007-12-05,0.18640117,0.25019644,0.22363216,0.22313270,0.20304059
2007-12-06,0.19023524,0.25209100,0.22445204,0.22344979,0.20988244
2007-12-07,0.19582866,0.23005311,0.21772431,0.21631799,0.20427776
2007-12-10,0.19603370,0.23149988,0.21308693,0.21117827,0.19568406
2007-12-11,0.18115181,0.24283553,0.22931970,0.22901735,0.22326752
2007-12-12,0.18379924,0.24123940,0.22356742,0.22263357,0.20998189
2007-12-13,0.20349308,0.21987595,0.21680887,0.21538547,0.20379035
2007-12-14,0.19872198,0.22369743,0.21698518,0.21594913,0.20302080
2007-12-17,0.21725971,0.22509213,0.21845151,0.21787504,0.20916410
2007-12-18,0.21719286,0.22541113,0.21319086,0.21207234,0.19175879
2007-12-19,0.22054834,0.21704652,0.20676402,0.20532286,0.19014441
2007-12-20,0.23185343,0.21715316,0.20136427,0.19951833,0.18741434
2007-12-21,0.22733049,0.21758254,0.20554155,0.20353073,0.19583186
2007-12-24,0.23232365,0.21154721,0.20172005,0.19933078,0.18684582
2007-12-26,0.23999571,0.19525816,0.19560010,0.19296273,0.18145140
2007-12-27,0.23572704,0.19486780,0.19771875,0.19587024,0.18487011
2007-12-28,0.23624943,0.16877495,0.19178447,0.18968134,0.17854221
2007-12-31,0.24200520,0.17043907,0.18785392,0.18594598,0.16331572
2008-01-02,0.24042427,0.17569452,0.19070828,0.18904875,0.17267211
2008-01-03,0.24316942,0.17449978,0.18489854,0.18311914,0.16868975
2008-01-04,0.25378289,0.19325766,0.20366431,0.20352795,0.19466361
2008-01-07,0.25492014,0.18640117,0.19785597,0.19734669,0.18634796
2008-01-08,0.24820868,0.19023524,0.20490419,0.20517172,0.19882920
2008-01-09,0.24417839,0.19582866,0.20551235,0.20528802,0.19567399
2008-01-10,0.24348453,0.19603370,0.20161558,0.20093618,0.19621388
2008-01-11,0.24013562,0.18115181,0.20259093,0.20232934,0.18972347
2008-01-14,0.24177124,0.18379924,0.20086814,0.20016088,0.18454268
2008-01-15,0.23021534,0.20349308,0.21808285,0.21864763,0.20508671
2008-01-16,0.22940672,0.19872198,0.21256862,0.21289893,0.19443809
2008-01-17,0.20537031,0.21725971,0.23591111,0.23752229,0.22867455
2008-01-18,0.20630963,0.21719286,0.22993642,0.23113657,0.21410763
2008-01-22,0.20756994,0.22054834,0.22710631,0.22817910,0.21621098
2008-01-23,0.19601917,0.23185343,0.23513429,0.23557816,0.22104945
2008-01-24,0.19869267,0.22733049,0.23127172,0.23100868,0.21917796
2008-01-25,0.19229512,0.23232365,0.23269672,0.23264824,0.20829089
2008-01-28,0.18263642,0.23999571,0.23553045,0.23485745,0.21690401
2008-01-29,0.18404258,0.23572704,0.22960030,0.22829807,0.21241539
2008-01-30,0.20651605,0.23624943,0.22337887,0.22179167,0.20115545
2008-01-31,0.19832385,0.24200520,0.22602513,0.22398709,0.21111437
2008-02-01,0.19416527,0.24042427,0.22418526,0.22277800,0.20864508
2008-02-04,0.19157291,0.24316942,0.22117004,0.21987271,0.20301238
2008-02-05,0.17308027,0.25378289,0.24893749,0.24948615,0.24442894
2008-02-06,0.17352231,0.25492014,0.24318142,0.24339816,0.22891013
2008-02-07,0.17967762,0.24820868,0.23774325,0.23730018,0.22538544
2008-02-08,0.21913596,0.24417839,0.23108193,0.23029698,0.21893034
2008-02-11,0.22042390,0.24348453,0.22520262,0.22389305,0.21601352
2008-02-12,0.21970790,0.24013562,0.22014931,0.21836561,0.19499055
2008-02-13,0.22665768,0.24177124,0.21981457,0.21764883,0.19931624
2008-02-14,0.22395199,0.23021534,0.21949944,0.21772232,0.20267841
2008-02-15,0.26617259,0.22940672,0.21283751,0.21074069,0.19245141
2008-02-19,0.27945026,0.20537031,0.20638308,0.20407766,0.19131853
2008-02-20,0.28979883,0.20630963,0.20268579,0.20007889,0.18258179
2008-02-21,0.29111004,0.20756994,0.20286113,0.20081636,0.18525173
2008-02-22,0.28994687,0.19601917,0.19903554,0.19670155,0.18012481
2008-02-25,0.28764761,0.19869267,0.20020897,0.19768858,0.18297078
2008-02-26,0.28942213,0.19229512,0.19595215,0.19318695,0.18145493
2008-02-27,0.29072247,0.18263642,0.19001633,0.18720118,0.17580809
2008-02-28,0.28971945,0.18404258,0.18750916,0.18512320,0.17181724
2008-02-29,0.29968603,0.20651605,0.21084161,0.21053215,0.20555697
2008-03-03,0.29975536,0.19832385,0.20442904,0.20365960,0.19183268
2008-03-04,0.29955042,0.19416527,0.19865573,0.19786517,0.18792120
2008-03-05,0.29901587,0.19157291,0.19367236,0.19266177,0.18723943
2008-03-06,0.28895275,0.17308027,0.20676176,0.20676787,0.20691381
2008-03-07,0.28801286,0.17352231,0.20313534,0.20325530,0.17363276
2008-03-10,0.28430469,0.17967762,0.20605902,0.20662686,0.18433122
2008-03-11,0.25518390,0.21913596,0.24496742,0.24520190,0.23831977
2008-03-12,0.26310393,0.22042390,0.24008979,0.24015818,0.22645849
2008-03-13,0.26276935,0.21970790,0.23362347,0.23318650,0.21654217
2008-03-14,0.25299669,0.22665768,0.24077893,0.24081473,0.23238669
2008-03-17,0.26282486,0.22395199,0.23605187,0.23595974,0.22430006
2008-03-18,0.21995406,0.26617259,0.28010978,0.27977324,0.26310711
2008-03-19,0.21214000,0.27945026,0.28791344,0.28780818,0.26634044
2008-03-20,0.19573845,0.28979883,0.29391537,0.29299401,0.27920304
2008-03-24,0.19099441,0.29111004,0.29103059,0.28928556,0.27428695
2008-03-25,0.19109144,0.28994687,0.28230648,0.27989246,0.26959373
2008-03-26,0.18994887,0.28764761,0.27583908,0.27312036,0.24251842
2008-03-27,0.18705378,0.28942213,0.27116576,0.26830331,0.23396854
2008-03-28,0.18503476,0.29072247,0.26473068,0.26162696,0.22396631
2008-03-31,0.18448331,0.28971945,0.25761149,0.25398246,0.22004589
2008-04-01,0.13887797,0.29968603,0.28493443,0.28451402,0.26685404
2008-04-02,0.15069263,0.29975536,0.27635672,0.27530646,0.24622222
2008-04-03,0.15104035,0.29955042,0.26798552,0.26630266,0.24398615
2008-04-04,0.15183331,0.29901587,0.25984003,0.25760407,0.24278563
2008-04-07,0.15401760,0.28895275,0.25199731,0.24925996,0.24205056
2008-04-08,0.16558241,0.28801286,0.24512808,0.24216049,0.21527071
2008-04-09,0.16366535,0.28430469,0.23975125,0.23676093,0.21688848
2008-04-10,0.16460153,0.25518390,0.23309469,0.22970927,0.21423075
2008-04-11,0.15313570,0.26310393,0.23974961,0.23745980,0.21725584
2008-04-14,0.15269071,0.26276935,0.23281924,0.23029269,0.21169050
2008-04-15,0.15249091,0.25299669,0.22643093,0.22353139,0.21165021
2008-04-16,0.13617041,0.26282486,0.23623472,0.23351485,0.22633147
2008-04-17,0.13622212,0.21995406,0.22905086,0.22600735,0.21927597
2008-04-18,0.12119529,0.21214000,0.23281432,0.22970871,0.20554347
2008-04-21,0.12530339,0.19573845,0.22580280,0.22247125,0.19404728
2008-04-22,0.13380659,0.19099441,0.22161167,0.21847162,0.19035247
2008-04-23,0.13373696,0.19109144,0.21515533,0.21175428,0.17519054
2008-04-24,0.13968861,0.18994887,0.21009001,0.20645517,0.17712245
2008-04-25,0.13988788,0.18705378,0.20523940,0.20141405,0.16989641
2008-04-28,0.14050995,0.18503476,0.19902903,0.19517674,0.16738257
2008-04-29,0.14106948,0.18448331,0.19355965,0.18985295,0.16532788
2008-04-30,0.14053444,0.13887797,0.18826037,0.18473589,0.16523671
2008-05-01,0.13274749,0.15069263,0.19412058,0.18888126,0.16200587
2008-05-02,0.13379461,0.15104035,0.18862559,0.18335503,0.15717503
2008-05-05,0.13287030,0.15183331,0.18373083,0.17875908,0.15812666
2008-05-06,0.14639353,0.15401760,0.18058289,0.17562627,0.16064907
2008-05-07,0.17098223,0.16558241,0.18896021,0.18554974,0.17699746
2008-05-08,0.17053293,0.16366535,0.18375652,0.18027326,0.16570712
2008-05-09,0.16913466,0.16460153,0.18008054,0.17699091,0.16675493
2008-05-12,0.17506782,0.15313570,0.17972107,0.17659938,0.17163507
2008-05-13,0.17542982,0.15269071,0.17425247,0.17123090,0.16255792
2008-05-14,0.18237383,0.15249091,0.16965764,0.16666013,0.15447896
2008-05-15,0.17868971,0.13617041,0.16950765,0.16655492,0.15982723
2008-05-16,0.18018112,0.13622212,0.16441558,0.16159157,0.14936989
2008-05-19,0.18329891,0.12119529,0.15944503,0.15680252,0.14599085
2008-05-20,0.18090101,0.12530339,0.15877603,0.15694243,0.14606247
2008-05-21,0.18380989,0.13380659,0.16630511,0.16579398,0.15946184
2008-05-22,0.18358681,0.13373696,0.16155884,0.16106619,0.15173623
2008-05-23,0.17798114,0.13968861,0.16495191,0.16536843,0.16148444
2008-05-27,0.17755570,0.13988788,0.16211245,0.16242261,0.16084418
2008-05-28,0.20493507,0.14050995,0.15792446,0.15821862,0.15813935
2008-05-29,0.20451187,0.14106948,0.15450495,0.15478692,0.15246126
2008-05-30,0.20449159,0.14053444,0.14991390,0.15032464,0.15173568
2008-06-02,0.20162984,0.13274749,0.15103562,0.15122908,0.15252103
2008-06-03,0.21047646,0.13379461,0.14816377,0.14881370,0.14702137
2008-06-04,0.21050749,0.13287030,0.14365572,0.14448964,0.14584159
2008-06-05,0.20171883,0.14639353,0.15822699,0.15919457,0.16634848
2008-06-06,0.17977424,0.17098223,0.19600737,0.19934657,0.20825274
2008-06-09,0.19667506,0.17053293,0.19006124,0.19296007,0.18997716
2008-06-10,0.19796914,0.16913466,0.18451551,0.18715189,0.18932294
2008-06-11,0.19287394,0.17506782,0.19076898,0.19398169,0.20212988
2008-06-12,0.19508622,0.17542982,0.18539509,0.18815166,0.18935822
2008-06-13,0.19189587,0.18237383,0.18889487,0.19115241,0.17692752
2008-06-16,0.21018428,0.17868971,0.18314064,0.18508506,0.17359763
2008-06-17,0.21291904,0.18018112,0.17951617,0.18150096,0.17440481
2008-06-18,0.21022029,0.18329891,0.17813640,0.18035981,0.17143610
2008-06-19,0.20982787,0.18090101,0.17332258,0.17522992,0.17053490
2008-06-20,0.20488819,0.18380989,0.18312609,0.18594943,0.18171949
2008-06-23,0.20536929,0.18358681,0.17754745,0.18008918,0.17356332
2008-06-24,0.22056669,0.17798114,0.17248724,0.17491837,0.17273335
2008-06-25,0.22011327,0.17755570,0.16876023,0.17087192,0.16966201
2008-06-26,0.20498362,0.20493507,0.20050661,0.20442351,0.21059496
2008-06-27,0.21965470,0.20451187,0.19493705,0.19849957,0.19275443
2008-06-30,0.22695734,0.20449159,0.18906262,0.19217177,0.19232068
2008-07-01,0.23115885,0.20162984,0.18390658,0.18705226,0.19293861
2008-07-02,0.22306917,0.21047646,0.19208182,0.19556301,0.20602525
2008-07-03,0.22520862,0.21050749,0.18627876,0.18961782,0.18161613
2008-07-07,0.24390214,0.20171883,0.18354821,0.18703385,0.18476390
2008-07-08,0.23702497,0.17977424,0.18975102,0.19257304,0.19305061
2008-07-09,0.23182058,0.19667506,0.20462438,0.20783105,0.20216763
2008-07-10,0.24464018,0.19796914,0.20023100,0.20305309,0.19036561
2008-07-11,0.24275681,0.19287394,0.19891531,0.20186369,0.19547330
2008-07-14,0.24435179,0.19508622,0.19605304,0.19908745,0.19277389
2008-07-15,0.24159544,0.19189587,0.19480039,0.19797520,0.19078435
2008-07-16,0.22666880,0.21018428,0.21198055,0.21422459,0.20314885
2008-07-17,0.22330752,0.21291904,0.21070245,0.21243089,0.20109458
2008-07-18,0.22943947,0.21022029,0.20428663,0.20584021,0.19611526
2008-07-21,0.23171096,0.20982787,0.19807435,0.19952271,0.19319300
2008-07-22,0.22801907,0.20488819,0.19898527,0.19999225,0.19864569
2008-07-23,0.22774943,0.20536929,0.19356695,0.19439710,0.17887101
2008-07-24,0.21639132,0.22056669,0.20855777,0.21001983,0.20139149
2008-07-25,0.22656547,0.22011327,0.20284989,0.20405755,0.19536865
2008-07-28,0.21740718,0.20498362,0.20977870,0.21138431,0.21044605
2008-07-29,0.20402976,0.21965470,0.22231977,0.22320351,0.21591375
2008-07-30,0.20236481,0.22695734,0.22493152,0.22524144,0.22079843
2008-07-31,0.20283568,0.23115885,0.22406561,0.22452831,0.21409236
2008-08-01,0.20240704,0.22306917,0.21832595,0.21973013,0.21322726
2008-08-04,0.20011247,0.22520862,0.21455243,0.21598752,0.20540178
2008-08-05,0.20371364,0.24390214,0.23535568,0.23633684,0.22694387
2008-08-06,0.20395887,0.23702497,0.22855703,0.22913490,0.21277847
2008-08-07,0.20643594,0.23182058,0.23249852,0.23344230,0.21966812
2008-08-08,0.22450695,0.24464018,0.24339666,0.24383129,0.23238449
2008-08-11,0.22423192,0.24275681,0.23751041,0.23746163,0.22656786
2008-08-12,0.22532710,0.24435179,0.23505103,0.23508862,0.21501755
2008-08-13,0.22521964,0.24159544,0.22817309,0.22799251,0.21267140
2008-08-14,0.27988385,0.22666880,0.22225585,0.22171878,0.20579730
2008-08-15,0.28593297,0.22330752,0.21606475,0.21524278,0.18683273
2008-08-18,0.32704933,0.22943947,0.21767456,0.21730051,0.19468022
2008-08-19,0.35708923,0.23171096,0.21415772,0.21392419,0.19264252
2008-08-20,0.38176794,0.22801907,0.20901878,0.20849958,0.19315429
2008-08-21,0.40486035,0.22774943,0.20288274,0.20218879,0.19017207
2008-08-22,0.40665353,0.21639132,0.20152368,0.20057994,0.19541120
2008-08-25,0.40087388,0.22656547,0.21003584,0.20993960,0.20030880
2008-08-26,0.40630580,0.21740718,0.20413933,0.20382063,0.19415284
2008-08-27,0.40553991,0.20402976,0.20032061,0.19975339,0.19192291
2008-08-28,0.51365903,0.20236481,0.20248894,0.20167290,0.19479518
2008-08-29,0.54309778,0.20283568,0.20354097,0.20322386,0.19494562
2008-09-02,0.54314114,0.20240704,0.19798352,0.19742572,0.18262268
2008-09-03,0.56146918,0.20011247,0.19211552,0.19159017,0.18190131
2008-09-04,0.55352704,0.20371364,0.22056233,0.22140578,0.22042052
2008-09-05,0.56979995,0.20395887,0.21453297,0.21504848,0.19788415
2008-09-08,0.60137374,0.20643594,0.22247554,0.22253305,0.21143407
2008-09-09,0.59053482,0.22450695,0.25449497,0.25570667,0.25030303
2008-09-10,0.65084390,0.22423192,0.24789091,0.24854862,0.23492266
2008-09-11,0.65040040,0.22532710,0.24618231,0.24624914,0.22396950
2008-09-12,0.75301990,0.22521964,0.23882482,0.23849767,0.22031440
2008-09-15,0.73444246,0.27988385,0.29809982,0.29948876,0.29397432
2008-09-16,0.80211626,0.28593297,0.29680710,0.29732027,0.26546240
2008-09-17,0.79762472,0.32704933,0.34360531,0.34512765,0.33195597
2008-09-18,0.78426324,0.35708923,0.37175235,0.37231467,0.35891170
2008-09-19,0.78893366,0.38176794,0.39173952,0.39130982,0.38446622
2008-09-22,0.78480630,0.40486035,0.40894281,0.40857180,0.38386890
2008-09-23,0.81271086,0.40665353,0.40119046,0.40001520,0.37699906
2008-09-24,0.81384484,0.40087388,0.38904475,0.38684596,0.34685183
2008-09-25,0.82012075,0.40630580,0.38471249,0.38146095,0.33117584
2008-09-26,0.82762614,0.40553991,0.37322364,0.36902025,0.30756691
2008-09-29,0.84199056,0.51365903,0.50935431,0.50890928,0.48211161
2008-09-30,0.82282225,0.54309778,0.53475290,0.53305796,0.48955915
2008-10-01,0.82739125,0.54314114,0.51876454,0.54160652,0.47386210
2008-10-02,0.81674436,0.56146918,0.52777033,0.55017723,0.50063582
2008-10-03,0.81543194,0.55352704,0.51441718,0.53347275,0.49588227
2008-10-06,0.81586078,0.56979995,0.52160866,0.54032552,0.44837905
2008-10-07,0.81169304,0.60137374,0.55549641,0.57729798,0.48218431
2008-10-08,0.83018182,0.59053482,0.54039411,0.55854973,0.46520836
2008-10-09,0.78968009,0.65084390,0.60778631,0.63321054,0.55246206
2008-10-10,0.78984896,0.65040040,0.59106312,0.61234977,0.52628701
2008-10-13,0.69695754,0.75301990,0.71409050,0.74674029,0.68616564
2008-10-14,0.72075275,0.73444246,0.69264731,0.71995035,0.62334725
2008-10-15,0.68236510,0.80211626,0.76587090,0.79992756,0.72869350
2008-10-16,0.68307912,0.79762472,0.75997834,0.78993845,0.68492744
2008-10-17,0.68872089,0.78426324,0.73722474,0.76166095,0.67033273
2008-10-20,0.67040815,0.78893366,0.73736027,0.75904807,0.62002293
2008-10-21,0.69677146,0.78480630,0.72517303,0.74332528,0.61927256
2008-10-22,0.70417761,0.81271086,0.74447652,0.76380150,0.60846802
2008-10-23,0.73423981,0.81384484,0.72344583,0.73775915,0.58303213
2008-10-24,0.75597841,0.82012075,0.71457784,0.72627814,0.60015467
2008-10-27,0.74800477,0.82762614,0.70408736,0.71308057,0.59476457
2008-10-28,0.66933208,0.84199056,0.79039042,0.80940563,0.72291629
2008-10-29,0.66904499,0.82282225,0.76753547,0.78139653,0.63560238
2008-10-30,0.73812022,0.82739125,0.75071821,0.76025285,0.63234402
2008-10-31,0.74862323,0.81674436,0.73025943,0.73522115,0.62543609
2008-11-03,0.75376901,0.81543194,0.70808125,0.71625767,0.74182643
2008-11-04,0.74804550,0.81586078,0.70392175,0.71007808,0.51286468
2008-11-05,0.73474650,0.81169304,0.71418052,0.72240897,0.61234298
2008-11-06,0.72454447,0.83018182,0.72087695,0.73021218,0.66281946
2008-11-07,0.72237039,0.78968009,0.70761476,0.71300542,0.66656576
2008-11-10,0.72218477,0.78984896,0.68784247,0.68844148,0.65377292
2008-11-11,0.72501009,0.69695754,0.67249538,0.66963624,0.62727141
2008-11-12,0.70153534,0.72075275,0.68414278,0.68452723,0.62199641
2008-11-13,0.66359938,0.68236510,0.71252031,0.71833999,0.68994109
2008-11-14,0.66984740,0.68307912,0.71039065,0.71554790,0.68363165
2008-11-17,0.66453370,0.68872089,0.69621438,0.69796195,0.68722412
2008-11-18,0.66779124,0.67040815,0.67607754,0.67289097,0.67333516
2008-11-19,0.63107899,0.69677146,0.69990601,0.70278916,0.72967524
2008-11-20,0.58687509,0.70417761,0.73039136,0.74008203,0.74989977
2008-11-21,0.54811782,0.73423981,0.74721579,0.75897736,0.78680034
2008-11-24,0.50362188,0.75597841,0.76439495,0.77809295,0.86156303
2008-11-25,0.50345390,0.74800477,0.74154318,0.74920508,0.83802023
2008-11-26,0.48906245,0.66933208,0.73151778,0.73596022,0.78602692
2008-11-28,0.49503000,0.66904499,0.71021386,0.70932636,0.64599202
2008-12-01,0.37740908,0.73812022,0.77873334,0.79751301,0.72952110
2008-12-02,0.36831056,0.74862323,0.77021491,0.78566043,0.69524896
2008-12-03,0.35792107,0.75376901,0.75330946,0.76394072,0.70510202
2008-12-04,0.34382676,0.74804550,0.73946307,0.74667926,0.70378177
2008-12-05,0.33754313,0.73474650,0.73036215,0.73483765,0.71976648
2008-12-08,0.31152213,0.72454447,0.72310275,0.72540440,0.60209479
2008-12-09,0.30991237,0.72237039,0.70694852,0.70569523,0.57558704
2008-12-10,0.31720409,0.72218477,0.68695235,0.68105534,0.56331083
2008-12-11,0.30100837,0.72501009,0.67546398,0.66763352,0.56591193
2008-12-12,0.32235989,0.70153534,0.65545266,0.64327830,0.54083209
2008-12-15,0.31934490,0.66359938,0.63742100,0.62179273,0.50364033
2008-12-16,0.26937015,0.66984740,0.64796261,0.63588623,0.53371515
2008-12-17,0.32676859,0.66453370,0.62934019,0.61361506,0.52301854
2008-12-18,0.35076484,0.66779124,0.61581060,0.59808522,0.51475993
2008-12-19,0.35458983,0.63107899,0.59715942,0.57584324,0.51324018
2008-12-22,0.34926312,0.58687509,0.58340581,0.56026600,0.49878167
2008-12-23,0.34815009,0.54811782,0.56690596,0.54112338,0.41942024
2008-12-24,0.34960929,0.50362188,0.55009258,0.52146960,0.39467921
2008-12-26,0.36736582,0.50345390,0.53373889,0.50250462,0.35681616
2008-12-29,0.38521416,0.48906245,0.51769895,0.48414740,0.35679014
2008-12-30,0.38443375,0.49503000,0.51061095,0.47730304,0.35968169
2008-12-31,0.38134084,0.37740908,0.49806495,0.46336011,0.36292130
2009-01-02,0.36981332,0.36831056,0.49782175,0.44862229,0.33666836
2009-01-05,0.37037459,0.35792107,0.48299893,0.43168029,0.32386716
2009-01-06,0.37364680,0.34382676,0.46926268,0.41612745,0.31941755
2009-01-07,0.37003300,0.33754313,0.47014033,0.42182136,0.32689402
2009-01-08,0.36988219,0.31152213,0.45600867,0.40562764,0.31165370
2009-01-09,0.40211033,0.30991237,0.44997567,0.40133311,0.28914755
2009-01-12,0.39521595,0.31720409,0.44520218,0.39871322,0.30140714
2009-01-13,0.39521495,0.30100837,0.43169356,0.38329469,0.29921539
2009-01-14,0.37882437,0.32235989,0.43896456,0.39765444,0.30671196
2009-01-15,0.41179905,0.31934490,0.42562327,0.38225411,0.30731028
2009-01-16,0.41098458,0.26937015,0.41369541,0.36878282,0.29615083
2009-01-20,0.36787491,0.32676859,0.45320423,0.42675955,0.35274780
2009-01-21,0.33935894,0.35076484,0.46954618,0.44936920,0.40300327
2009-01-22,0.35683242,0.35458983,0.45910203,0.43716151,0.38520257
2009-01-23,0.38149312,0.34926312,0.44560421,0.42069312,0.38606220
2009-01-26,0.38281422,0.34815009,0.43256563,0.40495803,0.38315035
2009-01-27,0.38492296,0.34960929,0.42151106,0.39191118,0.32367490
2009-01-28,0.37671757,0.36736582,0.42835007,0.40259638,0.31562360
2009-01-29,0.39453088,0.38521416,0.43546193,0.41431859,0.34583340
2009-01-30,0.38700537,0.38443375,0.43160715,0.41102367,0.36136017
2009-02-02,0.39545273,0.38134084,0.41846379,0.39455087,0.33960656
2009-02-03,0.41963071,0.36981332,0.41028877,0.38509361,0.34438500
2009-02-04,0.41884301,0.37037459,0.39886236,0.37178379,0.30895908
2009-02-05,0.41651550,0.37364680,0.39182914,0.36402737,0.28467201
2009-02-06,0.45906703,0.37003300,0.39366092,0.36798423,0.29674060
2009-02-09,0.45911624,0.36988219,0.38171204,0.35383831,0.28699442
2009-02-10,0.44661840,0.40211033,0.41871389,0.40516241,0.37654030
2009-02-11,0.44657340,0.39521595,0.40712566,0.39084876,0.36492224
2009-02-12,0.44669949,0.39521495,0.39478079,0.37578321,0.35517133
2009-02-13,0.45862577,0.37882437,0.38474318,0.36408814,0.34021723
2009-02-17,0.43515477,0.41179905,0.41475444,0.40505490,0.40698377
2009-02-18,0.43748929,0.41098458,0.40213635,0.38940330,0.33591459
2009-02-19,0.44093677,0.36787491,0.39271288,0.37822107,0.33933560
2009-02-20,0.49893055,0.33935894,0.38335647,0.36722390,0.32592548
2009-02-23,0.48894887,0.35683242,0.39623439,0.38547686,0.35806760
2009-02-24,0.47076491,0.38149312,0.41347081,0.40731309,0.35041754
2009-02-25,0.47604509,0.38281422,0.40303421,0.39445908,0.34799949
2009-02-26,0.47816128,0.38492296,0.39562053,0.38569717,0.35262898
2009-02-27,0.48670905,0.37671757,0.39461719,0.38535972,0.36752370
2009-03-02,0.45997396,0.39453088,0.42525545,0.42652393,0.40505893
2009-03-03,0.46294289,0.38700537,0.41305725,0.41130070,0.35468311
2009-03-04,0.46618536,0.39545273,0.41074546,0.40805880,0.36780844
2009-03-05,0.44247668,0.41963071,0.43261032,0.43572011,0.42019475
2009-03-06,0.44340504,0.41884301,0.41945788,0.41910876,0.39972932
2009-03-09,0.44987236,0.41651550,0.40856182,0.40564150,0.34743551
2009-03-10,0.39789652,0.45906703,0.46314397,0.47169395,0.46295563
2009-03-11,0.41831530,0.45911624,0.44913520,0.45372859,0.43650915
2009-03-12,0.39489265,0.44661840,0.46229396,0.46865473,0.44301757
2009-03-13,0.40019591,0.44657340,0.44921195,0.45184052,0.42752650
2009-03-16,0.40233592,0.44669949,0.43574243,0.43489177,0.42522896
2009-03-17,0.39079220,0.45862577,0.44001155,0.43957725,0.36980078
2009-03-18,0.38457719,0.43515477,0.43409323,0.43178760,0.37952182
2009-03-19,0.41085475,0.43748929,0.42392366,0.41932910,0.33060805
2009-03-20,0.41149006,0.44093677,0.41827851,0.41277357,0.34313739
2009-03-23,0.33756494,0.49893055,0.48490186,0.49388596,0.48294092
2009-03-24,0.33168441,0.48894887,0.47692220,0.48350178,0.46004391
2009-03-25,0.33502680,0.47076491,0.46389142,0.46668609,0.44709973
2009-03-26,0.32725261,0.47604509,0.45860511,0.45941630,0.45121740
2009-03-27,0.31957703,0.47816128,0.45174001,0.45093799,0.45269629
2009-03-30,0.30420932,0.48670905,0.45914572,0.46039815,0.38648850
2009-03-31,0.30085270,0.45997396,0.44803859,0.44617414,0.37411515
2009-04-01,0.29601370,0.46294289,0.43905738,0.43610184,0.37116058
2009-04-02,0.30217677,0.46618536,0.43969715,0.43659818,0.38379089
2009-04-03,0.30059684,0.44247668,0.42796230,0.42208596,0.37084896
2009-04-06,0.30510815,0.44340504,0.41619851,0.40795245,0.32906644
2009-04-07,0.29701108,0.44987236,0.41429655,0.40652910,0.34583005
2009-04-08,0.30554361,0.39789652,0.40425000,0.39432288,0.34080326
2009-04-09,0.28687021,0.41831530,0.41797420,0.41155954,0.34666528
2009-04-13,0.28675636,0.39489265,0.40536043,0.39622496,0.33892602
2009-04-14,0.29363045,0.40019591,0.40083606,0.39155092,0.34233784
2009-04-15,0.29261791,0.40233592,0.39163873,0.38048043,0.33036900
2009-04-16,0.29043497,0.39079220,0.38441241,0.37194772,0.33486634
2009-04-17,0.30791558,0.38457719,0.37319976,0.35860794,0.28733948
2009-04-20,0.26813838,0.41085475,0.39979804,0.39386635,0.35847034
2009-04-21,0.25866771,0.41149006,0.39614991,0.38940975,0.35534707
2009-04-22,0.26386085,0.33756494,0.38525027,0.37643261,0.34939786
2009-04-23,0.26168621,0.33168441,0.37548193,0.36467627,0.31695515
2009-04-24,0.27062577,0.33502680,0.36976077,0.35801405,0.32391507
2009-04-27,0.27642750,0.32725261,0.36064860,0.34760132,0.26755735
2009-04-28,0.28130291,0.31957703,0.34982458,0.33493855,0.24745766
2009-04-29,0.27536846,0.30420932,0.34920757,0.33495804,0.26423245
2009-04-30,0.28916050,0.30085270,0.33858948,0.32258048,0.24816086
2009-05-01,0.28864048,0.29601370,0.32894104,0.30803755,0.23782575
2009-05-04,0.26888207,0.30217677,0.34421474,0.32859739,0.28374940
2009-05-05,0.27145699,0.30059684,0.33405534,0.31677041,0.27366409
2009-05-06,0.26493831,0.30510815,0.33075512,0.31344379,0.27115830
2009-05-07,0.26093098,0.29701108,0.32481641,0.30736698,0.27721930
2009-05-08,0.24787828,0.30554361,0.32821997,0.31254744,0.29537756
2009-05-11,0.23646188,0.28687021,0.32926510,0.31549098,0.27760262
2009-05-12,0.23737786,0.28675636,0.31925707,0.30374532,0.26441351
2009-05-13,0.21783538,0.29363045,0.32718190,0.31557100,0.28746421
2009-05-14,0.23048561,0.29261791,0.31973225,0.30675765,0.28049066
2009-05-15,0.23132226,0.29043497,0.31318710,0.29965219,0.26620550
2009-05-18,0.20682971,0.30791558,0.32519460,0.31524570,0.28793596
2009-05-19,0.20876809,0.26813838,0.31536031,0.30358902,0.28437224
2009-05-20,0.20828471,0.25866771,0.30640690,0.29322488,0.24528532
2009-05-21,0.22703691,0.26386085,0.30425364,0.29189566,0.25158627
2009-05-22,0.22711786,0.26168621,0.29504238,0.28116709,0.24517060
2009-05-26,0.20976557,0.27062577,0.30334540,0.29225927,0.24505035
2009-05-27,0.21213576,0.27642750,0.30338779,0.29361514,0.25739729
2009-05-28,0.20547089,0.28130291,0.30010252,0.28990493,0.26500624
2009-05-29,0.20251889,0.27536846,0.29564624,0.28478652,0.26265373
2009-06-01,0.18465603,0.28916050,0.30329247,0.29515718,0.28665911
2009-06-02,0.18514337,0.28864048,0.29415387,0.28441563,0.26210144
2009-06-03,0.20610539,0.26888207,0.29022192,0.28063737,0.25808398
2009-06-04,0.20246905,0.27145699,0.28486193,0.27448542,0.24608289
2009-06-05,0.21368227,0.26493831,0.27635737,0.26477501,0.23893265
2009-06-08,0.21373186,0.26093098,0.26796725,0.25523918,0.21010543
2009-06-09,0.21374053,0.24787828,0.26015951,0.24638794,0.20889917
2009-06-10,0.21385518,0.23646188,0.25259805,0.23809850,0.19523422
2009-06-11,0.22927479,0.23737786,0.24604636,0.23088372,0.18624274
2009-06-12,0.22995842,0.21783538,0.23861255,0.22270747,0.18583642
2009-06-15,0.23699811,0.23048561,0.24953818,0.23876611,0.21336750
2009-06-16,0.23471241,0.23132226,0.24700434,0.23697601,0.21818568
2009-06-17,0.23466729,0.20682971,0.23953992,0.22862614,0.21571651
2009-06-18,0.23617220,0.20876809,0.23451512,0.22313927,0.20943481
2009-06-19,0.23625962,0.20828471,0.22769208,0.21555853,0.20952081
2009-06-22,0.21031323,0.22703691,0.25166831,0.24750459,0.23840258
2009-06-23,0.22478530,0.22711786,0.24416591,0.23874814,0.22525388
2009-06-24,0.22390097,0.20976557,0.23807442,0.23169484,0.22740600
2009-06-25,0.21174464,0.21213576,0.24512339,0.24052975,0.24192564
2009-06-26,0.21187563,0.20547089,0.23772551,0.23204608,0.23646866
2009-06-29,0.21015475,0.20251889,0.23313934,0.22681524,0.19873916
2009-06-30,0.21204316,0.18465603,0.22847870,0.22205496,0.20065044
2009-07-01,0.21152196,0.18514337,0.22216389,0.21334363,0.19223479
2009-07-02,0.19241958,0.20610539,0.24417813,0.24217699,0.22366739
2009-07-06,0.19249688,0.20246905,0.23694907,0.23359796,0.21793942
2009-07-07,0.18004095,0.21368227,0.24238747,0.24116320,0.23468108
2009-07-08,0.18100571,0.21373186,0.23509306,0.23259747,0.23011574
2009-07-09,0.18641668,0.21374053,0.22834667,0.22463897,0.23001308
2009-07-10,0.18625523,0.21385518,0.22194419,0.21740945,0.19351352
2009-07-13,0.17134923,0.22927479,0.23553024,0.23384278,0.22798132
2009-07-14,0.17492568,0.22995842,0.22928380,0.22640606,0.20997428
2009-07-15,0.14467840,0.23699811,0.24961614,0.25057618,0.25431995
2009-07-16,0.14465227,0.23471241,0.24431374,0.24400882,0.24909697
2009-07-17,0.16781186,0.23466729,0.23687564,0.23518533,0.24683175
2009-07-20,0.16683283,0.23617220,0.23387389,0.23152079,0.23047368
2009-07-21,0.16803837,0.23625962,0.22718581,0.22363011,0.22883471
2009-07-22,0.17221025,0.21031323,0.22027462,0.21566979,0.19217067
2009-07-23,0.16547318,0.22478530,0.23156826,0.22938087,0.21089992
2009-07-24,0.16514912,0.22390097,0.22482423,0.22144134,0.20869078
2009-07-27,0.16503050,0.21174464,0.21828242,0.21383192,0.20308379
2009-07-28,0.16478317,0.21187563,0.21187583,0.20663892,0.19822788
2009-07-29,0.16430186,0.21015475,0.20618957,0.20046929,0.19943327
2009-07-30,0.15926255,0.21204316,0.20512841,0.19954588,0.18229402
2009-07-31,0.16170067,0.21152196,0.19890016,0.19257983,0.18021579
2009-08-03,0.17138109,0.19241958,0.20172433,0.19662193,0.19463273
2009-08-04,0.17144608,0.19249688,0.19592833,0.19019378,0.18405069
2009-08-05,0.17366147,0.18004095,0.19029809,0.18423854,0.18346162
2009-08-06,0.17836645,0.18100571,0.18579993,0.17982079,0.17395171
2009-08-07,0.17494734,0.18641668,0.18746978,0.18225433,0.18572321
2009-08-10,0.17661548,0.18625523,0.18222504,0.17681460,0.17367273
2009-08-11,0.17474287,0.17134923,0.18348858,0.17969410,0.18397162
2009-08-12,0.17023870,0.17492568,0.18339423,0.17988759,0.18446756
2009-08-13,0.16998899,0.14467840,0.17979500,0.17599755,0.18493966
2009-08-14,0.16772876,0.14465227,0.17747288,0.17428229,0.17073252
2009-08-17,0.15384987,0.16781186,0.19679198,0.19880800,0.20764418
2009-08-18,0.15019876,0.16683283,0.19479266,0.19632076,0.20345209
2009-08-19,0.14859980,0.16803837,0.19072076,0.19154236,0.19852578
2009-08-20,0.14421786,0.17221025,0.18969660,0.19028121,0.20319650
2009-08-21,0.13125800,0.16547318,0.19741688,0.19908698,0.21902677
2009-08-24,0.13584532,0.16514912,0.19141454,0.19226723,0.18494884
2009-08-25,0.13958033,0.16503050,0.18581131,0.18588788,0.18018726
2009-08-26,0.14117506,0.16478317,0.18015132,0.17959181,0.17769955
2009-08-27,0.15354893,0.16430186,0.17499687,0.17386033,0.17204647
2009-08-28,0.15358882,0.15926255,0.16984218,0.16837582,0.15316685
2009-08-31,0.15143906,0.16170067,0.16765996,0.16674414,0.15640732
2009-09-01,0.15843095,0.17138109,0.18436670,0.18770369,0.19027403
2009-09-02,0.15878991,0.17144608,0.17921066,0.18203760,0.18561555
2009-09-03,0.16420642,0.17366147,0.17686585,0.17925119,0.18975005
2009-09-04,0.16477029,0.17836645,0.17880886,0.18130401,0.19966036
2009-09-08,0.16219336,0.17494734,0.17671093,0.17881453,0.20017695
2009-09-09,0.16201896,0.17661548,0.17395926,0.17563966,0.17781358
2009-09-10,0.15918476,0.17474287,0.17341146,0.17496920,0.18399664
2009-09-11,0.15983663,0.17023870,0.16821074,0.16934170,0.17804667
2009-09-14,0.15862561,0.16998899,0.16492702,0.16570503,0.17048356
2009-09-15,0.16933693,0.16772876,0.16036532,0.16074212,0.16621571
2009-09-16,0.16157477,0.15384987,0.16634512,0.16765446,0.17840688
2009-09-17,0.16366761,0.15019876,0.16171715,0.16283098,0.16473795
2009-09-18,0.16659971,0.14859980,0.15712473,0.15786047,0.16380668
2009-09-21,0.16758794,0.14421786,0.15291510,0.15364916,0.16182799
2009-09-22,0.16887699,0.13125800,0.15043070,0.15105520,0.16290545
2009-09-23,0.16922081,0.13584532,0.15106291,0.15284284,0.15283830
2009-09-24,0.17129353,0.13958033,0.15110154,0.15381732,0.15870602
2009-09-25,0.17481604,0.14117506,0.14841199,0.15143594,0.16047376
2009-09-28,0.16417582,0.15354893,0.15942489,0.16374564,0.18171212
2009-09-29,0.17767179,0.15358882,0.15481165,0.15882660,0.17798162
2009-09-30,0.19335303,0.15143906,0.15065424,0.15453381,0.17342637
2009-10-01,0.19732308,0.15843095,0.17785554,0.18646587,0.21108889
2009-10-02,0.19796138,0.15878991,0.17332905,0.18139795,0.20217898
2009-10-05,0.19142346,0.16420642,0.17758610,0.18548294,0.20116171
2009-10-06,0.18555969,0.16477029,0.18012861,0.18769723,0.21002129
2009-10-07,0.19672456,0.16219336,0.17495831,0.18167170,0.20734917
2009-10-08,0.19522022,0.16201896,0.17207910,0.17812185,0.17818204
2009-10-09,0.20865444,0.15918476,0.16826443,0.17363934,0.17827881
2009-10-12,0.20810298,0.15983663,0.16402373,0.16878214,0.16677597
2009-10-13,0.20860410,0.15862561,0.15939692,0.16383953,0.15691484
2009-10-14,0.20288247,0.16933693,0.16869314,0.17391375,0.17787519
2009-10-15,0.20334149,0.16157477,0.16434778,0.16895124,0.17430968
2009-10-16,0.20743742,0.16366761,0.16244759,0.16732020,0.17442102
2009-10-19,0.20491168,0.16659971,0.16165058,0.16623092,0.17895186
2009-10-20,0.20376795,0.16758794,0.15860427,0.16325356,0.18060953
2009-10-21,0.20679640,0.16887699,0.15761292,0.16273444,0.17018764
2009-10-22,0.20382363,0.16922081,0.15825979,0.16323601,0.17614261
2009-10-23,0.20478550,0.17129353,0.16066600,0.16665788,0.18115021
2009-10-26,0.20068247,0.17481604,0.16237380,0.16916254,0.18415060
2009-10-27,0.20095590,0.16417582,0.15795672,0.16439855,0.18173568
2009-10-28,0.19833365,0.17767179,0.17129428,0.18012880,0.19931897
2009-10-29,0.18318495,0.19335303,0.18729687,0.19692088,0.22111138
2009-10-30,0.15988053,0.19732308,0.21266704,0.22552793,0.25443262
2009-11-02,0.15832303,0.19796138,0.20770139,0.21990850,0.24225836
2009-11-03,0.16077949,0.19142346,0.20159427,0.21241684,0.24178767
2009-11-04,0.16186186,0.18555969,0.19549489,0.20507831,0.22487309
2009-11-05,0.14804191,0.19672456,0.20350407,0.21313147,0.22287486
2009-11-06,0.15203812,0.19522022,0.19754387,0.20593843,0.18563109
2009-11-09,0.13217954,0.20865444,0.20975457,0.21877888,0.21258493
2009-11-10,0.13370950,0.20810298,0.20336475,0.21116768,0.20961867
2009-11-11,0.13318441,0.20860410,0.19813309,0.20479894,0.21083516
2009-11-12,0.13053402,0.20288247,0.19623774,0.20284720,0.20103269
2009-11-13,0.13045075,0.20334149,0.19155651,0.19717914,0.19904364
2009-11-16,0.12065144,0.20743742,0.19393782,0.19938954,0.18914646
2009-11-17,0.12743825,0.20491168,0.18806365,0.19258669,0.18732225
2009-11-18,0.12900915,0.20376795,0.18234357,0.18609052,0.18514036
2009-11-19,0.12554316,0.20679640,0.18443620,0.18916610,0.19138474
2009-11-20,0.12565231,0.20382363,0.17925537,0.18341141,0.18862396
2009-11-23,0.11686320,0.20478550,0.18157624,0.18574410,0.18924397
2009-11-24,0.11825137,0.20068247,0.17605691,0.17954366,0.18654452
2009-11-25,0.11729023,0.20095590,0.17158566,0.17442997,0.18630085
2009-11-27,0.10076840,0.19833365,0.17956698,0.18459593,0.19660980
2009-11-30,0.09991366,0.18318495,0.17471791,0.17897938,0.19122769
2009-12-01,0.09735568,0.15988053,0.17570743,0.17938232,0.18634045
2009-12-02,0.11187752,0.15832303,0.17035988,0.17347014,0.17624451
2009-12-03,0.10852830,0.16077949,0.16839709,0.17183538,0.17957824
2009-12-04,0.10686305,0.16186186,0.16465892,0.16760766,0.16546431
2009-12-07,0.10741398,0.14804191,0.15993173,0.16264001,0.16492985
2009-12-08,0.10179852,0.15203812,0.16015289,0.16369202,0.16019487
2009-12-09,0.10118422,0.13217954,0.15592684,0.15903915,0.16043734
2009-12-10,0.10439093,0.13370950,0.15286274,0.15566434,0.15246782
2009-12-11,0.10751865,0.13318441,0.14889375,0.15139406,0.15152865
2009-12-14,0.10513591,0.13053402,0.14685515,0.14921981,0.15453665
2009-12-15,0.11001510,0.13045075,0.14401482,0.14674488,0.14893553
2009-12-16,0.11806686,0.12065144,0.13969637,0.14227679,0.14755159
2009-12-17,0.11665377,0.12743825,0.14310294,0.14723803,0.15400116
2009-12-18,0.13263697,0.12900915,0.14057260,0.14450547,0.15490557
2009-12-21,0.14932521,0.12554316,0.14221756,0.14628877,0.16031374
2009-12-22,0.14966202,0.12565231,0.13857709,0.14242414,0.15642094
2009-12-23,0.15016111,0.11686320,0.13465178,0.13834499,0.15653433
2009-12-24,0.15000989,0.11825137,0.13213166,0.13574575,0.14785870
2009-12-28,0.15550862,0.11729023,0.12818488,0.13177818,0.14570342
2009-12-29,0.15915462,0.10076840,0.12439937,0.12817575,0.13866943
2009-12-30,0.16654611,0.09991366,0.12061206,0.12452184,0.13321144
2009-12-31,0.16884033,0.09735568,0.12335703,0.12876687,0.14162381
2010-01-04,0.16071339,0.11187752,0.13466315,0.14056997,0.15705651
2010-01-05,0.19422305,0.10852830,0.13111992,0.13678535,0.15602051
2010-01-06,0.19447225,0.10686305,0.12714317,0.13270480,0.15491402
2010-01-07,0.19641594,0.10741398,0.12424396,0.12968816,0.15574936
2010-01-08,0.20123147,0.10179852,0.12097756,0.12636331,0.15022522
2010-01-11,0.20128959,0.10118422,0.11748825,0.12289837,0.13279553
2010-01-12,0.20140797,0.10439093,0.11966004,0.12638421,0.13982131
2010-01-13,0.19957664,0.10751865,0.12041133,0.12716523,0.14450372
2010-01-14,0.20875781,0.10513591,0.11712283,0.12382322,0.14330432
2010-01-15,0.20584797,0.11001510,0.12118256,0.12932566,0.15179935
2010-01-19,0.20257979,0.11806686,0.12703254,0.13532478,0.16231719
2010-01-20,0.19933296,0.11665377,0.12994380,0.13926117,0.16483285
2010-01-21,0.18803410,0.13263697,0.14629970,0.15796202,0.18430655
2010-01-22,0.17640987,0.14932521,0.16643039,0.18034508,0.21234639
2010-01-25,0.17885977,0.14966202,0.16234328,0.17521546,0.20485055
2010-01-26,0.17840964,0.15016111,0.15824750,0.17052906,0.19881090
2010-01-27,0.17767741,0.15000989,0.15459005,0.16600034,0.19494148
2010-01-28,0.17634969,0.15550862,0.15684728,0.16868175,0.18625762
2010-01-29,0.17318598,0.15915462,0.15684476,0.16877720,0.16658339
2010-02-01,0.16609552,0.16654611,0.16173490,0.17371276,0.17876485
2010-02-02,0.16050210,0.16884033,0.16462296,0.17602845,0.18772153
2010-02-03,0.16649709,0.16071339,0.16102884,0.17196413,0.18646575
2010-02-04,0.12534640,0.19422305,0.19876363,0.21424712,0.23528823
2010-02-05,0.12508571,0.19447225,0.19303653,0.20702174,0.22728535
2010-02-08,0.12222875,0.19641594,0.19033057,0.20364199,0.22350710
2010-02-09,0.11454623,0.20123147,0.19128547,0.20361158,0.22539713
2010-02-10,0.11428674,0.20128959,0.18566167,0.19687739,0.22359571
2010-02-11,0.10931684,0.20140797,0.18386232,0.19407170,0.18504679
2010-02-12,0.11216103,0.19957664,0.17858119,0.18789811,0.18360357
2010-02-16,0.09573389,0.20875781,0.18652157,0.19587443,0.19923783
2010-02-17,0.09461310,0.20584797,0.18158549,0.18984715,0.19083450
2010-02-18,0.09352426,0.20257979,0.17789376,0.18522431,0.19194309
2010-02-19,0.09486570,0.19933296,0.17268339,0.17912166,0.18590042
2010-02-22,0.09797469,0.18803410,0.16747219,0.17322976,0.18430526
2010-02-23,0.09046495,0.17640987,0.16913300,0.17568017,0.17413110
2010-02-24,0.08423712,0.17885977,0.16823941,0.17428527,0.17283820
2010-02-25,0.08396631,0.17840964,0.16331517,0.16882087,0.17005758
2010-02-26,0.08609339,0.17767741,0.15843407,0.16332836,0.16970221
2010-03-01,0.07865249,0.17634969,0.15855561,0.16322414,0.17670701
2010-03-02,0.07905793,0.17318598,0.15399161,0.15814929,0.16700957
2010-03-03,0.08308227,0.16609552,0.14930973,0.15309238,0.16062477
2010-03-04,0.08651060,0.16050210,0.14548560,0.14892250,0.15882727
2010-03-05,0.07208410,0.16649709,0.15106871,0.15508281,0.17075648
2010-03-08,0.07491745,0.12534640,0.14646814,0.15018297,0.16367748
2010-03-09,0.07558874,0.12508571,0.14216194,0.14558899,0.15036825
2010-03-10,0.07747024,0.12222875,0.13894443,0.14215805,0.15185491
2010-03-11,0.07644479,0.11454623,0.13562151,0.13867206,0.15110331
2010-03-12,0.07647792,0.11428674,0.13149265,0.13452787,0.13648654
2010-03-15,0.08556776,0.10931684,0.12749897,0.13055260,0.13642632
2010-03-16,0.08130059,0.11216103,0.12723421,0.13048359,0.14010053
2010-03-17,0.09683647,0.09573389,0.12540618,0.12872469,0.14113819
2010-03-18,0.09808278,0.09461310,0.12159240,0.12506222,0.13504962
2010-03-19,0.10040514,0.09352426,0.11954419,0.12372535,0.13708705
2010-03-22,0.09891259,0.09486570,0.11757516,0.12186963,0.13849545
2010-03-23,0.09608531,0.09797469,0.11733055,0.12185387,0.13879840
2010-03-24,0.09732880,0.09046495,0.11575515,0.12107058,0.13886102
2010-03-25,0.09828761,0.08423712,0.11242458,0.11807530,0.13664357
2010-03-26,0.12795027,0.08396631,0.10903739,0.11490267,0.13350395
2010-03-29,0.12838948,0.08609339,0.10798799,0.11405403,0.13460382
2010-03-30,0.13589867,0.07865249,0.10469837,0.11108417,0.13086454
2010-03-31,0.14738199,0.07905793,0.10230609,0.10935769,0.12812924
2010-04-01,0.15200576,0.08308227,0.10326416,0.10939861,0.13195453
2010-04-05,0.17129773,0.08651060,0.10472123,0.11124472,0.13710102
2010-04-06,0.17272223,0.07208410,0.10174166,0.10844005,0.13453174
2010-04-07,0.20590261,0.07491745,0.10126968,0.10907811,0.13465041
2010-04-08,0.21240407,0.07558874,0.09905450,0.10699687,0.13468106
2010-04-09,0.25847008,0.07747024,0.09946899,0.10764076,0.13490098
2010-04-12,0.25866652,0.07644479,0.09668268,0.10505255,0.13028975
2010-04-13,0.26293972,0.07647792,0.09377519,0.10245721,0.12985289
2010-04-14,0.26354064,0.08556776,0.10062400,0.10990744,0.13862030
2010-04-15,0.27160187,0.08130059,0.09761354,0.10705719,0.13699546
2010-04-16,0.26572630,0.09683647,0.11381233,0.12648725,0.15531842
2010-04-19,0.26985056,0.09808278,0.11173070,0.12399556,0.15447051
2010-04-20,0.26900517,0.10040514,0.11273294,0.12470418,0.15927908
2010-04-21,0.30218800,0.09891259,0.10937051,0.12123055,0.15146900
2010-04-22,0.30647164,0.09608531,0.10640259,0.11803161,0.15147450
2010-04-23,0.30878109,0.09732880,0.10678974,0.11823010,0.13855033
2010-04-26,0.30842307,0.09828761,0.10488144,0.11670837,0.13801157
2010-04-27,0.29798356,0.12795027,0.13712754,0.15337980,0.17720352
2010-04-28,0.31757266,0.12838948,0.13528927,0.15056102,0.17663521
2010-04-29,0.31737735,0.13589867,0.14037665,0.15507172,0.18679857
2010-04-30,0.31771663,0.14738199,0.15094551,0.16711969,0.20116336
2010-05-03,0.32667518,0.15200576,0.15487619,0.17122381,0.20863829
2010-05-04,0.31611293,0.17129773,0.17705682,0.19627249,0.21678484
2010-05-05,0.33781355,0.17272223,0.17357552,0.19170051,0.21405015
2010-05-06,0.32150539,0.20590261,0.21136531,0.23399626,0.26260415
2010-05-07,0.31928031,0.21240407,0.21352531,0.23545863,0.25929111
2010-05-10,0.28309408,0.25847008,0.26619447,0.29146867,0.32942438
2010-05-11,0.30025146,0.25866652,0.25842413,0.28083501,0.30698044
2010-05-12,0.29689317,0.26293972,0.25610856,0.27605971,0.31293558
2010-05-13,0.29392671,0.26354064,0.25281170,0.27112437,0.28585961
2010-05-14,0.29755987,0.27160187,0.25597887,0.27392473,0.29213684
2010-05-17,0.29754132,0.26572630,0.24821817,0.26356264,0.22656074
2010-05-18,0.29342375,0.26985056,0.24699471,0.26144029,0.23446992
2010-05-19,0.29291778,0.26900517,0.24030399,0.25274493,0.22749536
2010-05-20,0.25887012,0.30218800,0.27960465,0.29847355,0.29505888
2010-05-21,0.25979772,0.30647164,0.27721926,0.29371519,0.28745191
2010-05-24,0.25607931,0.30878109,0.27348061,0.28835262,0.29360893
2010-05-25,0.26271892,0.30842307,0.26515286,0.27736184,0.28630293
2010-05-26,0.26216848,0.29798356,0.25802128,0.26813646,0.28670183
2010-05-27,0.23711995,0.31757266,0.28000227,0.29221051,0.27706872
2010-05-28,0.25744611,0.31737735,0.27575632,0.28648203,0.27229123
2010-06-01,0.25282573,0.31771663,0.27570243,0.29020187,0.27861197
2010-06-02,0.23714011,0.32667518,0.28512108,0.30007421,0.30269818
2010-06-03,0.23727903,0.31611293,0.27688185,0.28848585,0.29890823
2010-06-04,0.20476688,0.33781355,0.30100534,0.31866632,0.31278617
2010-06-07,0.22610319,0.32150539,0.29660517,0.31213228,0.31102787
2010-06-08,0.22526858,0.31928031,0.29068526,0.30316209,0.29896094
2010-06-09,0.22569460,0.28309408,0.28278088,0.29237790,0.27798228
2010-06-10,0.20198229,0.30025146,0.29656898,0.30820619,0.29968506
2010-06-11,0.20823725,0.29689317,0.28803599,0.29632738,0.25752195
2010-06-14,0.20814391,0.29392671,0.27934957,0.28463551,0.24948781
2010-06-15,0.19201471,0.29755987,0.28549598,0.29144896,0.26938840
2010-06-16,0.21708918,0.29754132,0.27680707,0.27983426,0.26324413
2010-06-17,0.21802482,0.29342375,0.26842072,0.26872948,0.23258112
2010-06-18,0.22149585,0.29291778,0.26029387,0.25812621,0.23010126
2010-06-21,0.22556368,0.25887012,0.25281121,0.24870811,0.23051626
2010-06-22,0.23168358,0.25979772,0.25307586,0.25016384,0.20797458
2010-06-23,0.23318279,0.25607931,0.24564144,0.24085244,0.20490501
2010-06-24,0.22894701,0.26271892,0.24710613,0.24403941,0.21958032
2010-06-25,0.22876216,0.26216848,0.23983541,0.23476950,0.21855359
2010-06-28,0.22991597,0.23711995,0.23266379,0.22594514,0.21782343
2010-06-29,0.20287071,0.25744611,0.25670051,0.25954744,0.25001299
2010-06-30,0.19979184,0.25282573,0.25199917,0.25374393,0.24917044
2010-07-01,0.21327126,0.23714011,0.24464802,0.24392506,0.23617753
2010-07-02,0.21330716,0.23727903,0.23789011,0.23555376,0.23122705
2010-07-06,0.21352728,0.20476688,0.23157747,0.22751839,0.23231632
2010-07-07,0.18491227,0.22610319,0.25455943,0.25686184,0.23238655
2010-07-08,0.18249531,0.22526858,0.24947862,0.24996713,0.22702800
2010-07-09,0.18178296,0.22569460,0.24348359,0.24208409,0.22787989
2010-07-12,0.18294394,0.20198229,0.23608328,0.23271556,0.22648615
2010-07-13,0.20119031,0.20823725,0.23645929,0.23318484,0.23010254
2010-07-14,0.20205519,0.20814391,0.22925658,0.22423229,0.18763685
2010-07-15,0.20249495,0.19201471,0.22232110,0.21570086,0.18342342
2010-07-16,0.17533570,0.21708918,0.24370250,0.24555348,0.22629191
2010-07-19,0.17910348,0.21802482,0.23741372,0.23728903,0.22427105
2010-07-20,0.17480853,0.22149585,0.23437533,0.23319136,0.22166095
2010-07-21,0.17905631,0.22556368,0.23270810,0.23184958,0.22998451
2010-07-22,0.16209474,0.23168358,0.24165768,0.24295598,0.25390616
2010-07-23,0.16020980,0.23318279,0.23644837,0.23604933,0.22034995
2010-07-26,0.16353300,0.22894701,0.23330033,0.23183873,0.22525947
2010-07-27,0.16388785,0.22876216,0.22622990,0.22302886,0.21681094
2010-07-28,0.16429977,0.22991597,0.22099473,0.21699351,0.21244822
2010-07-29,0.17330185,0.20287071,0.21487422,0.20975729,0.19102308
2010-07-30,0.18075435,0.19979184,0.20832843,0.20187427,0.17654006
2010-08-02,0.16425498,0.21327126,0.21902389,0.21596543,0.19963024
2010-08-03,0.19195960,0.21330716,0.21317291,0.20914671,0.19845101
2010-08-04,0.19337106,0.21352728,0.20800584,0.20285464,0.19813042
2010-08-05,0.19860148,0.18491227,0.20172953,0.19550558,0.19695210
2010-08-06,0.20217483,0.18249531,0.19611561,0.18923612,0.18766312
2010-08-09,0.20250966,0.18178296,0.19132627,0.18370774,0.16428921
2010-08-10,0.20213645,0.18294394,0.18695199,0.17934916,0.16482686
2010-08-11,0.17702389,0.20119031,0.21261983,0.21492637,0.21491564
2010-08-12,0.18016303,0.20205519,0.20720657,0.20846232,0.21034734
2010-08-13,0.17963789,0.20249495,0.20150498,0.20167154,0.21054989
2010-08-16,0.18005427,0.17533570,0.19536689,0.19423720,0.20917271
2010-08-17,0.17509666,0.17910348,0.19518867,0.19404966,0.20772840
2010-08-18,0.17504484,0.17480853,0.18933012,0.18701993,0.16738820
2010-08-19,0.17284158,0.17905631,0.19520827,0.19603303,0.18443016
2010-08-20,0.17260272,0.16209474,0.18979862,0.18971932,0.18102702
2010-08-23,0.17284616,0.16020980,0.18468873,0.18390035,0.17637185
2010-08-24,0.16778326,0.16353300,0.18786857,0.18925179,0.18252669
2010-08-25,0.18248334,0.16388785,0.18259240,0.18281747,0.18053745
2010-08-26,0.18158647,0.16429977,0.17955339,0.17987162,0.16953596
2010-08-27,0.17322554,0.17330185,0.18546406,0.18717789,0.18634217
2010-08-30,0.16567740,0.18075435,0.18883274,0.19250025,0.19779320
2010-08-31,0.16601697,0.16425498,0.18308644,0.18548754,0.18660857
2010-09-01,0.13284761,0.19195960,0.21046042,0.21850594,0.23019084
2010-09-02,0.13209410,0.19337106,0.20705450,0.21372030,0.22822667
2010-09-03,0.14315998,0.19860148,0.20713972,0.21317280,0.22596189
2010-09-07,0.13748760,0.20217483,0.20577932,0.21186067,0.22350465
2010-09-08,0.13579811,0.20250966,0.20106526,0.20570650,0.22499184
2010-09-09,0.13641595,0.20213645,0.19583915,0.19908684,0.18902708
2010-09-10,0.13537768,0.17702389,0.19080797,0.19281377,0.18609769
2010-09-13,0.13050341,0.18016303,0.18993632,0.19159172,0.17630121
2010-09-14,0.13277513,0.17963789,0.18417099,0.18476165,0.16830813
2010-09-15,0.13281185,0.18005427,0.17908865,0.17869598,0.16679019
2010-09-16,0.13299106,0.17509666,0.17363867,0.17243433,0.16546263
2010-09-17,0.13529064,0.17504484,0.16837961,0.16644186,0.16237956
2010-09-20,0.13653910,0.17284158,0.17348185,0.17304691,0.17219457
2010-09-21,0.14099310,0.17260272,0.16849289,0.16753178,0.16776202
2010-09-22,0.14012840,0.17284616,0.16443918,0.16339898,0.16856853
2010-09-23,0.13734767,0.16778326,0.16271490,0.16245584,0.17317331
2010-09-24,0.11679563,0.18248334,0.17759026,0.18082623,0.19895278
2010-09-27,0.11512423,0.18158647,0.17359269,0.17646987,0.18794105
2010-09-28,0.11427923,0.17322554,0.16935275,0.17136398,0.18830582
2010-09-29,0.11399273,0.16567740,0.16450242,0.16594197,0.18450383
2010-09-30,0.11349975,0.16601697,0.15994252,0.16098936,0.17914850
2010-10-01,0.11251624,0.13284761,0.15601388,0.15597004,0.15679276
2010-10-04,0.11223112,0.13209410,0.15447965,0.15526312,0.14852243
2010-10-05,0.08741922,0.14315998,0.16993406,0.17396700,0.17733541
2010-10-06,0.10960884,0.13748760,0.16477792,0.16796955,0.17259134
2010-10-07,0.11029708,0.13579811,0.15988657,0.16244402,0.17068570
2010-10-08,0.10850112,0.13641595,0.15682211,0.15884763,0.17177610
2010-10-11,0.11205635,0.13537768,0.15204574,0.15351157,0.16782623
2010-10-12,0.11229913,0.13050341,0.14815696,0.14915148,0.14400247
2010-10-13,0.11056112,0.13277513,0.14626945,0.14716099,0.14632219
2010-10-14,0.11729162,0.13281185,0.14252117,0.14350879,0.14690314
2010-10-15,0.11715760,0.13299106,0.13840367,0.13909580,0.14467355
2010-10-18,0.12768710,0.13529064,0.13709087,0.13792297,0.14891967
2010-10-19,0.11502501,0.13653910,0.14676253,0.15162141,0.16728333
2010-10-20,0.12125526,0.14099310,0.14800021,0.15298817,0.16815586
2010-10-21,0.12141824,0.14012840,0.14365693,0.14804566,0.16693961
2010-10-22,0.12125955,0.13734767,0.13958933,0.14348411,0.16682282
2010-10-25,0.13089126,0.11679563,0.13559357,0.13909898,0.16341092
2010-10-26,0.14058989,0.11512423,0.13146286,0.13475311,0.14237604
2010-10-27,0.14266324,0.11427923,0.12788780,0.13133219,0.13541789
2010-10-28,0.14269015,0.11399273,0.12406885,0.12740728,0.13491240
2010-10-29,0.14423256,0.11349975,0.12030135,0.12371489,0.13443698
2010-11-01,0.16211398,0.11251624,0.11669449,0.11966983,0.13350277
2010-11-02,0.16586391,0.11223112,0.11706347,0.12055077,0.13850301
2010-11-03,0.16562066,0.08741922,0.11439152,0.11796331,0.13780285
2010-11-04,0.15189817,0.10960884,0.13347591,0.14065302,0.16121316
2010-11-05,0.15130202,0.11029708,0.13030206,0.13700018,0.16006088
2010-11-08,0.15166422,0.10850112,0.12660202,0.13318363,0.16021897
2010-11-09,0.14964682,0.11205635,0.12670720,0.13438169,0.16127484
2010-11-10,0.15031643,0.11229913,0.12401499,0.13133251,0.16154030
2010-11-11,0.14959341,0.11056112,0.12136798,0.12898737,0.14094355
2010-11-12,0.14385714,0.11729162,0.12641157,0.13624031,0.15083402
2010-11-15,0.14489156,0.11715760,0.12265207,0.13218700,0.14955461
2010-11-16,0.13507991,0.12768710,0.13482203,0.14768427,0.16616787
2010-11-17,0.13510898,0.11502501,0.13071741,0.14284578,0.16284220
2010-11-18,0.12467904,0.12125526,0.13990648,0.15258420,0.17533976
2010-11-19,0.12610054,0.12141824,0.13600266,0.14777392,0.16565026
2010-11-22,0.12652318,0.12125955,0.13200191,0.14320453,0.16567254
2010-11-23,0.11643356,0.13089126,0.13967345,0.15302992,0.16615610
2010-11-24,0.10453840,0.14058989,0.14715886,0.16065978,0.18018436
2010-11-26,0.10129671,0.14266324,0.14562319,0.15902347,0.17087546
2010-11-29,0.10124419,0.14269015,0.14128883,0.15382751,0.17025101
2010-11-30,0.09916075,0.14423256,0.13901553,0.15140943,0.17270290
2010-12-01,0.06591388,0.16211398,0.15837139,0.17265532,0.19231461
2010-12-02,0.06258541,0.16586391,0.16133686,0.17501149,0.18980549
2010-12-03,0.06210105,0.16562066,0.15674823,0.16917926,0.18602484
2010-12-06,0.06430902,0.15189817,0.15205697,0.16354912,0.18585642
2010-12-07,0.06470445,0.15130202,0.14743830,0.15801013,0.17993427
2010-12-08,0.06374756,0.15166422,0.14366696,0.15338452,0.15622706
2010-12-09,0.06252992,0.14964682,0.14008641,0.14906353,0.14763081
2010-12-10,0.06038407,0.15031643,0.13779738,0.14621668,0.14912590
2010-12-13,0.06790543,0.14959341,0.13359965,0.14154064,0.14851842
2010-12-14,0.06809096,0.14385714,0.12957804,0.13710238,0.14831908
2010-12-15,0.07049441,0.14489156,0.12720780,0.13508740,0.14767070
2010-12-16,0.06734926,0.13507991,0.12564147,0.13329086,0.14966684
2010-12-17,0.07594723,0.13510898,0.12185734,0.12927177,0.14351652
2010-12-20,0.07556719,0.12467904,0.11855884,0.12577825,0.14405442
2010-12-21,0.07311912,0.12610054,0.11730015,0.12450226,0.14366529
2010-12-22,0.07494120,0.12652318,0.11448090,0.12159541,0.14261966
2010-12-23,0.07472963,0.11643356,0.11117766,0.11853969,0.14031412
2010-12-27,0.07611116,0.10453840,0.10781705,0.11529667,0.13721121
2010-12-28,0.07645968,0.10129671,0.10457550,0.11223822,0.13349367
2010-12-29,0.09862982,0.10124419,0.10146553,0.10936811,0.13023738
2010-12-30,0.10197901,0.09916075,0.09854940,0.10697894,0.12962222
2010-12-31,0.11699749,0.06591388,0.09555007,0.10442110,0.12882869
2011-01-03,0.11071812,0.06258541,0.10245044,0.11142121,0.13292382
2011-01-04,0.11092401,0.06210105,0.09946070,0.10879346,0.12953069
2011-01-05,0.11001961,0.06430902,0.09836707,0.10783360,0.13164364
2011-01-06,0.11186820,0.06470445,0.09572777,0.10574567,0.13168621
2011-01-07,0.11261816,0.06374756,0.09308882,0.10366378,0.13195722
2011-01-10,0.11293127,0.06252992,0.09041171,0.10152844,0.12295394
2011-01-11,0.11222436,0.06038407,0.08884175,0.10018328,0.12391725
2011-01-12,0.10950501,0.06790543,0.09292529,0.10468231,0.12911291
2011-01-13,0.10965518,0.06809096,0.09034007,0.10261095,0.12844936
2011-01-14,0.10724115,0.07049441,0.09214183,0.10459296,0.13316811
2011-01-18,0.10929275,0.06734926,0.08949478,0.10214472,0.13239537
2011-01-19,0.10400779,0.07594723,0.09535057,0.11010500,0.14004111
2011-01-20,0.10412416,0.07556719,0.09258301,0.10754987,0.13415004
2011-01-21,0.12623381,0.07311912,0.09025066,0.10518959,0.13436343
2011-01-24,0.12641056,0.07494120,0.09037976,0.10523457,0.13317436
2011-01-25,0.12645424,0.07472963,0.08763242,0.10268144,0.13262195
2011-01-26,0.13076537,0.07611116,0.08652699,0.10157905,0.12706351
2011-01-27,0.13194063,0.07645968,0.08434271,0.09952997,0.12727598
2011-01-28,0.12858729,0.09862982,0.10767204,0.12651383,0.15461508
2011-01-31,0.12596321,0.10197901,0.10852965,0.12666296,0.15508137
2011-02-01,0.12678807,0.11699749,0.12335424,0.14224210,0.17437108
2011-02-02,0.12901203,0.11071812,0.12006527,0.13840110,0.17237473
2011-02-03,0.13198366,0.11092401,0.11676614,0.13427091,0.17093520
2011-02-04,0.13515573,0.11001961,0.11376156,0.13053026,0.15348334
2011-02-07,0.13351021,0.11186820,0.11291726,0.12903132,0.15271763
2011-02-08,0.14822659,0.11261816,0.11067506,0.12618573,0.13678872
2011-02-09,0.14991700,0.11293127,0.10785034,0.12332108,0.13680659
2011-02-10,0.15136107,0.11222436,0.10460536,0.11976278,0.13640573
2011-02-11,0.15514704,0.10950501,0.10364284,0.11843197,0.13830186
2011-02-14,0.16927397,0.10965518,0.10091147,0.11543318,0.13481483
2011-02-15,0.17508093,0.10724115,0.09864520,0.11351405,0.13450272
2011-02-16,0.17437995,0.10929275,0.09866798,0.11332430,0.13655045
2011-02-17,0.18152208,0.10400779,0.09640458,0.11089369,0.13703094
2011-02-18,0.18181780,0.10412416,0.09376629,0.10821070,0.13370896
2011-02-22,0.16732138,0.12623381,0.12153109,0.14084725,0.16778274
2011-02-23,0.16906423,0.12641056,0.12021611,0.13943072,0.16726948
2011-02-24,0.16938232,0.12645424,0.11661802,0.13516601,0.16458074
2011-02-25,0.16570886,0.13076537,0.12020503,0.13810020,0.17197279
2011-02-28,0.16638601,0.13194063,0.11852132,0.13555545,0.17307708
2011-03-01,0.15873450,0.12858729,0.13042268,0.14935624,0.16784028
2011-03-02,0.15876279,0.12596321,0.12660511,0.14455764,0.16034645
2011-03-03,0.14833112,0.12678807,0.13954970,0.15744800,0.18023659
2011-03-04,0.14610090,0.12901203,0.13832877,0.15604322,0.17351794
2011-03-07,0.14319194,0.13198366,0.13801302,0.15574150,0.17637414
2011-03-08,0.14005035,0.13515573,0.13819502,0.15490214,0.16827606
2011-03-09,0.14006994,0.13351021,0.13408977,0.14997282,0.16769582
2011-03-10,0.12432768,0.14822659,0.14962983,0.16830929,0.17740774
2011-03-11,0.12228613,0.14991700,0.14764291,0.16498092,0.17574510
2011-03-14,0.12346458,0.15136107,0.14507652,0.16190104,0.17429763
2011-03-15,0.11713893,0.15514704,0.14731802,0.16462746,0.17873350
2011-03-16,0.09523890,0.16927397,0.16205218,0.18178392,0.20221680
2011-03-17,0.08443337,0.17508093,0.16541935,0.18398881,0.19449970
2011-03-18,0.09154205,0.17437995,0.16124961,0.17819519,0.19230418
2011-03-21,0.07820989,0.18152208,0.16669355,0.18295657,0.20362356
2011-03-22,0.09015295,0.18181780,0.16220611,0.17733985,0.19748337
2011-03-23,0.09142392,0.16732138,0.15767114,0.17141404,0.17939774
2011-03-24,0.08574102,0.16906423,0.15708461,0.16982590,0.17113722
2011-03-25,0.09050395,0.16938232,0.15279285,0.16434574,0.16990128
2011-03-28,0.09255227,0.16570886,0.14852405,0.15936766,0.15824274
2011-03-29,0.09012848,0.16638601,0.14657486,0.15659360,0.15980659
2011-03-30,0.08748630,0.15873450,0.14445169,0.15370900,0.16195999
2011-03-31,0.08746738,0.15876279,0.14023200,0.14896722,0.15371142
2011-04-01,0.08656748,0.14833112,0.13731605,0.14532952,0.15501551
2011-04-04,0.08977936,0.14610090,0.13313961,0.14063509,0.15047686
2011-04-05,0.09516362,0.14319194,0.12908554,0.13621529,0.14671968
2011-04-06,0.09577815,0.14005035,0.12544016,0.13218975,0.14336275
2011-04-07,0.09691418,0.14006994,0.12176250,0.12849035,0.14217204
2011-04-08,0.09987577,0.12432768,0.11907969,0.12624648,0.14194403
2011-04-11,0.10667468,0.12228613,0.11596330,0.12341253,0.13712522
2011-04-12,0.10456701,0.12346458,0.11645691,0.12529188,0.14160683
2011-04-13,0.10826428,0.11713893,0.11291159,0.12166003,0.14033225
2011-04-14,0.11038970,0.09523890,0.10947233,0.11823407,0.13830251
2011-04-15,0.10955973,0.08443337,0.10722504,0.11593606,0.13269281
2011-04-18,0.10701572,0.09154205,0.11253119,0.12370522,0.14023769
2011-04-19,0.10543838,0.07820989,0.11134307,0.12227637,0.13796694
2011-04-20,0.09833348,0.09015295,0.11990955,0.13151692,0.14968083
2011-04-21,0.10518701,0.09142392,0.11804405,0.12921360,0.15052630
2011-04-25,0.10508111,0.08574102,0.11461566,0.12570322,0.14950797
2011-04-26,0.10101618,0.09050395,0.11643391,0.12746859,0.14734491
2011-04-27,0.09962550,0.09255227,0.11545722,0.12620154,0.14784422
2011-04-28,0.09986551,0.09012848,0.11278743,0.12322332,0.13714825
2011-04-29,0.10602874,0.08748630,0.10971595,0.11994651,0.13494042
2011-05-02,0.13258889,0.08746738,0.10659205,0.11663785,0.13373654
2011-05-03,0.13213757,0.08656748,0.10417967,0.11473493,0.12924592
2011-05-04,0.13431543,0.08977936,0.10448766,0.11628763,0.13047658
2011-05-05,0.13582690,0.09516362,0.10732095,0.12076937,0.13676892
2011-05-06,0.13522388,0.09577815,0.10510236,0.11821401,0.13709147
2011-05-09,0.13509282,0.09691418,0.10341433,0.11625547,0.13851343
2011-05-10,0.13461947,0.09987577,0.10502678,0.11777501,0.14314337
2011-05-11,0.13785003,0.10667468,0.11070926,0.12550989,0.14985309
2011-05-12,0.13682767,0.10456701,0.10900338,0.12329948,0.14578820
2011-05-13,0.14078128,0.10826428,0.11027632,0.12558031,0.14925298
2011-05-16,0.15187356,0.11038970,0.10962155,0.12543902,0.15069610
2011-05-17,0.15198953,0.10955973,0.10629170,0.12181270,0.14653049
2011-05-18,0.14929764,0.10701572,0.10854363,0.12370881,0.14497045
2011-05-19,0.15026779,0.10543838,0.10557642,0.12032811,0.14155903
2011-05-20,0.15491677,0.09833348,0.10666889,0.12240126,0.14195838
2011-05-23,0.15092167,0.10518701,0.11345416,0.13098270,0.14854167
2011-05-24,0.15121300,0.10508111,0.11004496,0.12713163,0.14722014
2011-05-25,0.15624869,0.10101618,0.10740586,0.12389162,0.14326098
2011-05-26,0.15883922,0.09962550,0.10525782,0.12121223,0.14305032
2011-05-27,0.16436489,0.09986551,0.10327265,0.11877274,0.14000125
2011-05-31,0.16278806,0.10602874,0.10818539,0.12351035,0.14002199
2011-06-01,0.14608823,0.13258889,0.13796337,0.15859355,0.17914694
2011-06-02,0.15420760,0.13213757,0.13384532,0.15340554,0.17568067
2011-06-03,0.15051015,0.13431543,0.13522699,0.15499425,0.18122918
2011-06-06,0.14581100,0.13582690,0.13769099,0.15780639,0.18703883
2011-06-07,0.15015884,0.13522388,0.13354821,0.15260476,0.18007715
2011-06-08,0.15140011,0.13509282,0.13050357,0.14896609,0.15241630
2011-06-09,0.16208980,0.13461947,0.12971593,0.14715488,0.15616676
2011-06-10,0.15534343,0.13785003,0.13716227,0.15604675,0.16455012
2011-06-13,0.15569719,0.13682767,0.13300916,0.15079936,0.15512765
2011-06-14,0.15133295,0.14078128,0.13785829,0.15502369,0.16656024
2011-06-15,0.13985281,0.15187356,0.15013497,0.16950161,0.18521999
2011-06-16,0.14255377,0.15198953,0.14572073,0.16367006,0.18062143
2011-06-17,0.15281051,0.14929764,0.14177527,0.15842450,0.17109529
2011-06-20,0.15168729,0.15026779,0.13903944,0.15453139,0.17212841
2011-06-21,0.15181554,0.15491677,0.14443126,0.15955995,0.17611869
2011-06-22,0.15017484,0.15092167,0.14228674,0.15715626,0.16082348
2011-06-23,0.15113084,0.15121300,0.13839093,0.15255701,0.15912863
2011-06-24,0.14619880,0.15624869,0.14179732,0.15702849,0.16880997
2011-06-27,0.15944523,0.15883922,0.14199969,0.15636267,0.17225605
2011-06-28,0.15350484,0.16436489,0.14647566,0.16047896,0.17388069
2011-06-29,0.15247888,0.16278806,0.14559044,0.15866291,0.17526441
2011-06-30,0.14912781,0.14608823,0.14648388,0.15888810,0.18006920
2011-07-01,0.16681035,0.15420760,0.15252847,0.16486958,0.18017785
2011-07-05,0.16764432,0.15051015,0.14797321,0.15938626,0.17488605
2011-07-06,0.23855092,0.14581100,0.14351815,0.15398580,0.16502441
2011-07-07,0.23582344,0.15015884,0.14490293,0.15499948,0.16773075
2011-07-08,0.33479877,0.15140011,0.14309036,0.15336001,0.16512509
2011-07-11,0.36583388,0.16208980,0.15583860,0.16948464,0.17736811
2011-07-12,0.39757658,0.15534343,0.15207581,0.16499918,0.17609645
2011-07-13,0.42722727,0.15569719,0.14793522,0.15970408,0.17425269
2011-07-14,0.42697621,0.15133295,0.14580245,0.15750507,0.17173553
2011-07-15,0.43302854,0.13985281,0.14299214,0.15376379,0.16915762
2011-07-18,0.43343204,0.14255377,0.14222339,0.15340830,0.15127434
2011-07-19,0.42980658,0.15281051,0.15156104,0.16336356,0.16941336
2011-07-20,0.45793118,0.15168729,0.14696705,0.15783449,0.16725442
2011-07-21,0.45855514,0.15181554,0.15179177,0.16266842,0.17722189
2011-07-22,0.45854523,0.15017484,0.14720987,0.15709795,0.17255504
2011-07-25,0.47277480,0.15113084,0.14441159,0.15418425,0.17080218
2011-07-26,0.47471233,0.14619880,0.14092289,0.15040282,0.15740065
2011-07-27,0.47249699,0.15944523,0.15821781,0.17211783,0.18526160
2011-07-28,0.47521629,0.15350484,0.15391410,0.16688023,0.17356413
2011-07-29,0.48441772,0.15247888,0.15133206,0.16396630,0.17439930
2011-08-01,0.48427339,0.14912781,0.14760274,0.15938210,0.17273486
2011-08-02,0.47620077,0.16681035,0.17496667,0.19209222,0.21274659
2011-08-03,0.47768009,0.16764432,0.17074839,0.18617412,0.18998709
2011-08-04,0.45522846,0.23855092,0.25241094,0.28034946,0.30630681
2011-08-05,0.45595782,0.23582344,0.24473170,0.26941476,0.29704851
2011-08-08,0.40050845,0.33479877,0.35804954,0.39792802,0.44977206
2011-08-09,0.36882144,0.36583388,0.39108122,0.43071943,0.48192965
2011-08-10,0.34691801,0.39757658,0.41785116,0.45846412,0.52472691
2011-08-11,0.31041735,0.42722727,0.44168266,0.48092863,0.52668481
2011-08-12,0.31147637,0.42697621,0.42871315,0.46173004,0.52334657
2011-08-15,0.30593423,0.43302854,0.42401593,0.45225822,0.44645890
2011-08-16,0.30972772,0.43343204,0.41285615,0.43612383,0.40247514
2011-08-17,0.31033704,0.42980658,0.40029582,0.41838322,0.35335473
2011-08-18,0.26925991,0.45793118,0.42671784,0.44874669,0.37038924
2011-08-19,0.26417738,0.45855514,0.41787646,0.43579296,0.37151176
2011-08-22,0.28366802,0.45854523,0.40514750,0.41806333,0.35841014
2011-08-23,0.28183330,0.47277480,0.41409891,0.42632086,0.39264380
2011-08-24,0.27898456,0.47471233,0.40467043,0.41261549,0.39475768
2011-08-25,0.28506956,0.47249699,0.39705651,0.40209400,0.35203719
2011-08-26,0.28269774,0.47521629,0.38935903,0.39093944,0.35073545
2011-08-29,0.27537481,0.48441772,0.39276386,0.39360304,0.37589176
2011-08-30,0.27667502,0.48427339,0.38090778,0.37777051,0.34532076
2011-08-31,0.28971635,0.47620077,0.36979696,0.36304343,0.34159953
2011-09-01,0.30367974,0.47768009,0.36152628,0.35626454,0.33643536
2011-09-02,0.30047927,0.45522846,0.36438120,0.36110685,0.35296801
2011-09-06,0.30558483,0.45595782,0.35447089,0.34773743,0.31740603
2011-09-07,0.29623883,0.40050845,0.36079366,0.35593629,0.34614682
2011-09-08,0.29529272,0.36882144,0.35225385,0.34465674,0.31786983
2011-09-09,0.30317830,0.34691801,0.35737423,0.35294047,0.32738529
2011-09-12,0.30222906,0.31041735,0.34753694,0.33931797,0.29441001
2011-09-13,0.30247874,0.31147637,0.33879381,0.32737295,0.28141772
2011-09-14,0.29907923,0.30593423,0.33257356,0.31903835,0.26244260
2011-09-15,0.29920977,0.30972772,0.32918030,0.31473426,0.26753724
2011-09-16,0.30615193,0.31033704,0.31991827,0.30252936,0.24117470
2011-09-19,0.31219756,0.26925991,0.31252856,0.29374399,0.24407492
2011-09-20,0.31524393,0.26417738,0.30307662,0.28177665,0.22236453
2011-09-21,0.29824123,0.28366802,0.31591015,0.30304630,0.25843964
2011-09-22,0.28375261,0.28183330,0.33118884,0.32639449,0.29171512
2011-09-23,0.28642206,0.27898456,0.32196398,0.31374947,0.28032050
2011-09-26,0.28385197,0.28506956,0.32478764,0.31751753,0.29820525
2011-09-27,0.28378491,0.28269774,0.31759541,0.30769926,0.29916443
2011-09-28,0.29821091,0.27537481,0.31847226,0.31041397,0.28789221
2011-09-29,0.29689702,0.27667502,0.31036527,0.29946460,0.24791188
2011-09-30,0.29665005,0.28971635,0.31657304,0.30987179,0.27587185
2011-10-03,0.29604370,0.30367974,0.32680570,0.32522972,0.29049805
2011-10-04,0.29115247,0.30047927,0.32843873,0.32675385,0.30191396
2011-10-05,0.29182500,0.30558483,0.32579267,0.32262789,0.29511880
2011-10-06,0.28581492,0.29623883,0.32364608,0.31928557,0.30440994
2011-10-07,0.28523074,0.29529272,0.31540111,0.30853805,0.28157518
2011-10-10,0.26358739,0.30317830,0.33246658,0.33121121,0.30281500
2011-10-11,0.29367794,0.30222906,0.32234524,0.31741380,0.27737579
2011-10-12,0.29324316,0.30247874,0.31481509,0.30709117,0.27168747
2011-10-13,0.30058587,0.29907923,0.30544415,0.29481861,0.26065658
2011-10-14,0.29646923,0.29920977,0.30362407,0.29258583,0.27042364
2011-10-17,0.28910212,0.30615193,0.30404128,0.29478922,0.24797569
2011-10-18,0.28643727,0.31219756,0.30507732,0.29631090,0.26443049
2011-10-19,0.28904391,0.31524393,0.29989667,0.29031538,0.26560986
2011-10-20,0.28861825,0.29824123,0.29129694,0.27899574,0.26529882
2011-10-21,0.28876656,0.28375261,0.29156949,0.27981744,0.26441360
2011-10-24,0.28570874,0.28642206,0.28702910,0.27405002,0.24891267
2011-10-25,0.28757614,0.28385197,0.28920874,0.27904616,0.25362996
2011-10-26,0.28542685,0.28378491,0.28334481,0.27141038,0.24646262
2011-10-27,0.27891691,0.29821091,0.30439410,0.30037689,0.29448593
2011-10-28,0.27901881,0.29689702,0.29512491,0.28799643,0.27498979
2011-10-31,0.30314834,0.29665005,0.30225747,0.29925648,0.29599722
2011-11-01,0.28688815,0.29604370,0.31308428,0.31516933,0.30884440
2011-11-02,0.28150058,0.29115247,0.30983827,0.31009133,0.30607654
2011-11-03,0.27630525,0.29182500,0.30899023,0.30828830,0.28324819
2011-11-04,0.27546868,0.28581492,0.30057702,0.29718786,0.28070334
2011-11-07,0.27469823,0.28523074,0.29244025,0.28619257,0.26042432
2011-11-08,0.28161136,0.26358739,0.28713804,0.27908204,0.23948674
2011-11-09,0.25670350,0.29367794,0.31406057,0.31746887,0.28505185
2011-11-10,0.26023320,0.29324316,0.30631837,0.30653066,0.27026614
2011-11-11,0.25331377,0.30058587,0.30631550,0.30585176,0.28396091
2011-11-14,0.25421645,0.29646923,0.29931880,0.29678476,0.28462634
2011-11-15,0.25391865,0.28910212,0.29080133,0.28528424,0.27886984
2011-11-16,0.24744560,0.28643727,0.28937265,0.28447806,0.24415086
2011-11-17,0.24383638,0.28904391,0.28818848,0.28397000,0.25029477
2011-11-18,0.26423300,0.28861825,0.27941331,0.27243269,0.23436509
2011-11-21,0.25614883,0.28876656,0.28061625,0.27550671,0.24851813
2011-11-22,0.25732997,0.28570874,0.27254557,0.26516053,0.24339851
2011-11-23,0.24738436,0.28757614,0.27815868,0.27447192,0.25640916
2011-11-25,0.24720907,0.28542685,0.26988749,0.26373648,0.24064640
2011-11-28,0.23029646,0.27891691,0.28465487,0.28339196,0.27789023
2011-11-29,0.23310705,0.27901881,0.27611704,0.27195925,0.25323708
2011-11-30,0.18161558,0.30314834,0.31440853,0.32197674,0.32664091
2011-12-01,0.18912935,0.28688815,0.30492089,0.30893709,0.30074808
2011-12-02,0.18912863,0.28150058,0.29563325,0.29638001,0.29479188
2011-12-05,0.18605479,0.27630525,0.28937659,0.28769549,0.27307033
2011-12-06,0.18622342,0.27546868,0.28059392,0.27609519,0.26968529
2011-12-07,0.18625685,0.27469823,0.27215886,0.26509724,0.20716107
2011-12-08,0.17364156,0.28161136,0.27664093,0.27275231,0.23136664
2011-12-09,0.16367297,0.25670350,0.27600118,0.27174656,0.24135931
2011-12-12,0.15538564,0.26023320,0.27389785,0.26999373,0.23474843
2011-12-13,0.15338401,0.25331377,0.26771174,0.26247080,0.23645245
2011-12-14,0.14870928,0.25421645,0.26332293,0.25761348,0.23901563
2011-12-15,0.15314372,0.25391865,0.25561131,0.24768045,0.22146303
2011-12-16,0.15368968,0.24744560,0.24813869,0.23821275,0.21101035
2011-12-19,0.14817014,0.24383638,0.24491740,0.23543370,0.20706696
2011-12-20,0.10766748,0.26423300,0.26352432,0.26065192,0.24599751
2011-12-21,0.10751469,0.25614883,0.25560852,0.25035947,0.23638526
2011-12-22,0.10790018,0.25732997,0.24988015,0.24293910,0.23621181
2011-12-23,0.10521989,0.24738436,0.24477929,0.23646360,0.23931921
2011-12-27,0.10536435,0.24720907,0.23732253,0.22721764,0.22935700
2011-12-28,0.09636484,0.23029646,0.23521601,0.22611086,0.20502795
2011-12-29,0.08903693,0.23310705,0.23178003,0.22204678,0.20165720
2011-12-30,0.09299291,0.18161558,0.22534042,0.21455482,0.19906298
2012-01-03,0.07637125,0.18912935,0.22648789,0.21582250,0.19005661
2012-01-04,0.09140596,0.18912863,0.21958937,0.20755144,0.18823455
2012-01-05,0.09084892,0.18605479,0.21320638,0.19996460,0.18175641
2012-01-06,0.09069247,0.18622342,0.20694711,0.19293010,0.17562858
2012-01-09,0.09066291,0.18625685,0.20083486,0.18592079,0.17503489
2012-01-10,0.08547905,0.17364156,0.19773181,0.18290947,0.16901070
2012-01-11,0.08876101,0.16367297,0.19171188,0.17623091,0.16246434
2012-01-12,0.09145649,0.15538564,0.18609298,0.17007643,0.15869724
2012-01-13,0.08988686,0.15338401,0.18145183,0.16584063,0.15710117
2012-01-17,0.09098533,0.14870928,0.17646380,0.16058680,0.15652058
2012-01-18,0.09086721,0.15314372,0.17639781,0.16199417,0.15968268
2012-01-19,0.08961952,0.15368968,0.17209354,0.15760004,0.16023887
2012-01-20,0.08962421,0.14817014,0.16687117,0.15219801,0.15963655
2012-01-23,0.09035574,0.10766748,0.16179797,0.14707504,0.15648575
2012-01-24,0.09148544,0.10751469,0.15691971,0.14238635,0.14359704
2012-01-25,0.08664260,0.10790018,0.15580601,0.14247454,0.14266067
2012-01-26,0.08443544,0.10521989,0.15271693,0.14068248,0.14225198
2012-01-27,0.08505043,0.10536435,0.14819425,0.13649285,0.14088265
2012-01-30,0.08618352,0.09636484,0.14401482,0.13289833,0.14137749
2012-01-31,0.08875451,0.08903693,0.13963886,0.12888156,0.13886811
2012-02-01,0.08403659,0.09299291,0.13969985,0.12797635,0.13864453
2012-02-02,0.08501861,0.07637125,0.13551088,0.12406947,0.13561402
2012-02-03,0.08708821,0.09140596,0.14296946,0.13622684,0.14942783
2012-02-06,0.09027571,0.09084892,0.13862384,0.13187152,0.14700076
2012-02-07,0.09615675,0.09069247,0.13463043,0.12788463,0.14719174
2012-02-08,0.09668455,0.09066291,0.13079846,0.12417926,0.14296654
2012-02-09,0.09655140,0.08547905,0.12694309,0.12055467,0.14295352
2012-02-10,0.11235592,0.08876101,0.12597481,0.12190444,0.13325007
2012-02-13,0.10995413,0.09145649,0.12494761,0.12173224,0.13675077
2012-02-14,0.11182156,0.08988686,0.12119633,0.11837225,0.13600010
2012-02-15,0.11031524,0.09098533,0.11936402,0.11817210,0.13785056
2012-02-16,0.10447645,0.09086721,0.12333256,0.12433540,0.14723701
2012-02-17,0.10467873,0.08961952,0.11992287,0.12090903,0.14194472
2012-02-21,0.10484997,0.08962421,0.11630320,0.11741338,0.13886143
2012-02-22,0.10717707,0.09035574,0.11350814,0.11549719,0.13974936
2012-02-23,0.10669806,0.09148544,0.11129159,0.11362600,0.13944731
2012-02-24,0.11676063,0.08664260,0.10809662,0.11071205,0.13216422
2012-02-27,0.11707492,0.08443544,0.10493565,0.10793051,0.13074538
2012-02-28,0.11775519,0.08505043,0.10256977,0.10605209,0.13116829
2012-02-29,0.11673393,0.08618352,0.10114454,0.10628100,0.13232896
2012-03-01,0.11549059,0.08875451,0.10092703,0.10622077,0.13368879
2012-03-02,0.11782209,0.08403659,0.09866558,0.10506945,0.13403590
2012-03-05,0.11786996,0.08501861,0.09684058,0.10453365,0.13389434
2012-03-06,0.11079798,0.08708821,0.11154853,0.12588875,0.15293422
2012-03-07,0.10822864,0.09027571,0.11140712,0.12542284,0.15013183
2012-03-08,0.11015413,0.09615675,0.11449941,0.12874253,0.15505506
2012-03-09,0.12465290,0.09668455,0.11190245,0.12548244,0.15453417
2012-03-12,0.12727506,0.09655140,0.10849525,0.12163817,0.15353877
2012-03-13,0.12071338,0.11235592,0.12628158,0.14261484,0.16510493
2012-03-14,0.12824040,0.10995413,0.12252297,0.13796437,0.15924157
2012-03-15,0.12658551,0.11182156,0.12102213,0.13564152,0.15626577
2012-03-16,0.13726970,0.11031524,0.11741593,0.13119377,0.15531685
2012-03-19,0.13730393,0.10447645,0.11487877,0.12795335,0.15610546
2012-03-20,0.13845264,0.10467873,0.11199036,0.12501755,0.13668119
2012-03-21,0.13835977,0.10484997,0.10882265,0.12170016,0.13671638
2012-03-22,0.13918020,0.10717707,0.10919144,0.12338083,0.13905010
2012-03-23,0.13934633,0.10669806,0.10655086,0.12022746,0.13907370
2012-03-26,0.13906590,0.11676063,0.11639290,0.13161213,0.15326684
2012-03-27,0.14062640,0.11707492,0.11337889,0.12832009,0.15152120
2012-03-28,0.13982520,0.11775519,0.11159985,0.12683854,0.15314059
2012-03-29,0.14036273,0.11673393,0.10838086,0.12329820,0.15009248
2012-03-30,0.14113895,0.11549059,0.10605508,0.12044409,0.15029456
2012-04-02,0.13901221,0.11782209,0.10685517,0.12128728,0.14316857
2012-04-03,0.14086180,0.11786996,0.10475904,0.11957720,0.14330188
2012-04-04,0.14751323,0.11079798,0.10911490,0.12618291,0.15005184
2012-04-05,0.14750212,0.10822864,0.10581911,0.12247424,0.14543971
2012-04-09,0.14286905,0.11015413,0.11179851,0.13082065,0.15434917
2012-04-10,0.13187939,0.12465290,0.12742520,0.15043229,0.17075543
2012-04-11,0.12964229,0.12727506,0.12686880,0.14851398,0.17108952
2012-04-12,0.12123459,0.12071338,0.13402143,0.15535674,0.17837066
2012-04-13,0.11960493,0.12824040,0.13880488,0.16131126,0.18337930
2012-04-16,0.12124669,0.12658551,0.13459057,0.15552927,0.17608007
2012-04-17,0.11000188,0.13726970,0.14352250,0.16448220,0.17761676
2012-04-18,0.12108792,0.13730393,0.14004446,0.15984506,0.17414926
2012-04-19,0.12205318,0.13845264,0.13773657,0.15690111,0.16719346
2012-04-20,0.13385674,0.13835977,0.13361785,0.15131376,0.15885504
2012-04-23,0.13063319,0.13918020,0.13364263,0.15167022,0.16402610
2012-04-24,0.13014416,0.13934633,0.13035611,0.14703734,0.15127283
2012-04-25,0.12147565,0.13906590,0.13693131,0.15383820,0.16398429
2012-04-26,0.11950228,0.14062640,0.13526055,0.15097816,0.16127061
2012-04-27,0.12517103,0.13982520,0.13147476,0.14594209,0.16111932
2012-04-30,0.13411857,0.14036273,0.12836432,0.14239997,0.15816938
2012-05-01,0.13292135,0.14113895,0.12637299,0.13975495,0.15954242
2012-05-02,0.15831583,0.13901221,0.12290813,0.13584669,0.14970363
2012-05-03,0.15605998,0.14086180,0.12285674,0.13672039,0.15107900
2012-05-04,0.14685356,0.14751323,0.13488898,0.15293502,0.16964344
2012-05-07,0.16672099,0.14750212,0.13078682,0.14755394,0.16524163
2012-05-08,0.16605841,0.14286905,0.12789399,0.14417577,0.16496188
2012-05-09,0.16678258,0.13187939,0.12672505,0.14319177,0.16605266
2012-05-10,0.17226776,0.12964229,0.12325284,0.13865874,0.15921526
2012-05-11,0.17648831,0.12123459,0.12022423,0.13530159,0.14486024
2012-05-14,0.17391271,0.11960493,0.12439796,0.14144259,0.15204220
2012-05-15,0.17673602,0.12124669,0.12267203,0.13971936,0.15021107
2012-05-16,0.17964181,0.11000188,0.12016676,0.13698261,0.14892545
2012-05-17,0.17186091,0.12108792,0.13058050,0.15066757,0.16270515
2012-05-18,0.17326649,0.12205318,0.12984440,0.14988161,0.16383394
2012-05-21,0.16437283,0.13385674,0.14026638,0.16074418,0.17456105
2012-05-22,0.18192780,0.13063319,0.13600644,0.15492085,0.17081531
2012-05-23,0.18351200,0.13014416,0.13202722,0.14951545,0.16917304
2012-05-24,0.19172371,0.12147565,0.12811742,0.14437645,0.15745688
2012-05-25,0.19228527,0.11950228,0.12450018,0.14003363,0.15233949
2012-05-29,0.19098944,0.12517103,0.12808516,0.14357024,0.14730587
2012-05-30,0.18446898,0.13411857,0.13628495,0.15465449,0.16205944
2012-05-31,0.20306925,0.13292135,0.13243006,0.14972980,0.16019348
2012-06-01,0.18395303,0.15831583,0.16093064,0.18549912,0.20046314
2012-06-04,0.18520733,0.15605998,0.15602863,0.17837476,0.19557710
2012-06-05,0.18486561,0.14685356,0.15289637,0.17324820,0.19174182
2012-06-06,0.17035774,0.16672099,0.17270268,0.19523142,0.21076044
2012-06-07,0.17045206,0.16605841,0.16744198,0.18760340,0.20689745
2012-06-08,0.17049648,0.16678258,0.16535442,0.18362372,0.18434230
2012-06-11,0.16472232,0.17226776,0.16775109,0.18657683,0.19345918
2012-06-12,0.16069627,0.17648831,0.16876234,0.18634163,0.19892495
2012-06-13,0.16864185,0.17391271,0.16590046,0.18244775,0.17809660
2012-06-14,0.16466950,0.17673602,0.16619577,0.18157732,0.18381221
2012-06-15,0.16279042,0.17964181,0.16602140,0.18023822,0.18637642
2012-06-18,0.16434020,0.17186091,0.16106158,0.17343760,0.17811187
2012-06-19,0.16109353,0.17326649,0.16070778,0.17219526,0.17545315
2012-06-20,0.16475474,0.16437283,0.15595013,0.16608200,0.17179933
2012-06-21,0.14840148,0.18192780,0.17471321,0.19134443,0.19633487
2012-06-22,0.14966465,0.18351200,0.17165657,0.18636830,0.19110107
2012-06-25,0.13891199,0.19172371,0.17778989,0.19449900,0.20606727
2012-06-26,0.14917856,0.19228527,0.17336514,0.18788726,0.20163098
2012-06-27,0.15994069,0.19098944,0.17164464,0.18466588,0.20596279
2012-06-28,0.15978204,0.18446898,0.16661817,0.17797951,0.18273322
2012-06-29,0.13595673,0.20306925,0.18776833,0.20343886,0.21454319
2012-07-02,0.13606265,0.18395303,0.18229852,0.19555080,0.20031687
2012-07-03,0.13685988,0.18520733,0.17838833,0.18969341,0.19493256
2012-07-05,0.15078046,0.18486561,0.17391600,0.18391473,0.19257738
2012-07-06,0.14738332,0.17035774,0.17259800,0.18265923,0.19733226
2012-07-09,0.14832707,0.17045206,0.16746146,0.17598711,0.16281600
2012-07-10,0.14562516,0.17049648,0.16543064,0.17394270,0.16727518
2012-07-11,0.14563219,0.16472232,0.16039097,0.16747965,0.16391863
2012-07-12,0.14479687,0.16069627,0.15671529,0.16329630,0.16251296
2012-07-13,0.13331198,0.16864185,0.16472501,0.17309420,0.17502406
2012-07-16,0.13307088,0.16466950,0.15996075,0.16716028,0.17239393
2012-07-17,0.13065006,0.16279042,0.15772198,0.16403829,0.17147427
2012-07-18,0.13091289,0.16434020,0.15509338,0.16053754,0.17275729
2012-07-19,0.13073566,0.16109353,0.15073833,0.15510848,0.17166114
2012-07-20,0.12595490,0.16475474,0.15134388,0.15729383,0.16443384
2012-07-23,0.12268225,0.14840148,0.15080300,0.15773019,0.16893191
2012-07-24,0.11858224,0.14966465,0.15041344,0.15829262,0.16492581
2012-07-25,0.12185588,0.13891199,0.14583635,0.15271720,0.16127672
2012-07-26,0.11007207,0.14917856,0.15511812,0.16414930,0.17655855
2012-07-27,0.08849770,0.15994069,0.16739001,0.17891998,0.19254296
2012-07-30,0.08852617,0.15978204,0.16230152,0.17223251,0.18537976
2012-07-31,0.08729743,0.13595673,0.15825378,0.16730676,0.18282779
2012-08-01,0.09086553,0.13606265,0.15384775,0.16160900,0.17579821
2012-08-02,0.08878671,0.13685988,0.15200904,0.16003779,0.16658687
2012-08-03,0.06025308,0.15078046,0.16461852,0.17522435,0.17306474
2012-08-06,0.05982618,0.14738332,0.15985976,0.16890528,0.17012780
2012-08-07,0.09043575,0.14832707,0.15625026,0.16403715,0.16985459
2012-08-08,0.09148790,0.14562516,0.15150947,0.15812749,0.16921321
2012-08-09,0.09393794,0.14563219,0.14690269,0.15254342,0.16557337
2012-08-10,0.09425793,0.14479687,0.14268087,0.14746147,0.14713028
2012-08-13,0.09443606,0.13331198,0.13841997,0.14270194,0.14654195
2012-08-14,0.10981244,0.13307088,0.13420406,0.13801975,0.14106734
2012-08-15,0.11059178,0.13065006,0.13019102,0.13360656,0.14107251
2012-08-16,0.10838512,0.13091289,0.12918843,0.13277325,0.14439350
2012-08-17,0.10828219,0.13073566,0.12546381,0.12878446,0.14324217
2012-08-20,0.10835993,0.12595490,0.12164170,0.12491529,0.14300626
2012-08-21,0.10769437,0.12268225,0.11872030,0.12261900,0.14249765
2012-08-22,0.10769183,0.11858224,0.11510697,0.11910971,0.14109603
2012-08-23,0.10425540,0.12185588,0.11596502,0.12221497,0.14243037
2012-08-24,0.10821246,0.11007207,0.11518213,0.12169499,0.14497576
2012-08-27,0.11001938,0.08849770,0.11168941,0.11832431,0.14055363
2012-08-28,0.11490417,0.08852617,0.10833253,0.11523357,0.13432849
2012-08-29,0.11591422,0.08729743,0.10508354,0.11219034,0.13437738
2012-08-30,0.11306340,0.09086553,0.10634149,0.11569241,0.13544628
2012-08-31,0.11173699,0.08878671,0.10496285,0.11446433,0.13436321
2012-09-04,0.11236498,0.06025308,0.10186632,0.11111020,0.13280611
2012-09-05,0.11500202,0.05982618,0.09885037,0.10850586,0.12700937
2012-09-06,0.09119153,0.09043575,0.12398682,0.13880922,0.16061582
2012-09-07,0.09090516,0.09148790,0.12123271,0.13518000,0.15448494
2012-09-10,0.09483185,0.09393794,0.11996055,0.13433327,0.15586802
2012-09-11,0.09663267,0.09425793,0.11694116,0.13055921,0.15618268
2012-09-12,0.09636332,0.09443606,0.11366969,0.12667453,0.15629726
2012-09-13,0.07906314,0.10981244,0.12689743,0.14204742,0.15444019
2012-09-14,0.08270670,0.11059178,0.12398720,0.13815878,0.15227800
2012-09-17,0.08930648,0.10838512,0.12082444,0.13465511,0.15080184
2012-09-18,0.09032461,0.10828219,0.11724943,0.13058402,0.14958582
2012-09-19,0.09062851,0.10835993,0.11377087,0.12653317,0.14938962
2012-09-20,0.10752099,0.10769437,0.11032500,0.12279330,0.13414156
2012-09-21,0.10753145,0.10769183,0.10696445,0.11922153,0.13297671
2012-09-24,0.11850411,0.10425540,0.10406944,0.11652845,0.13281246
2012-09-25,0.11322682,0.10821246,0.10893059,0.12409065,0.14128036
2012-09-26,0.11193958,0.11001938,0.10795551,0.12376788,0.14219744
2012-09-27,0.10691260,0.11490417,0.11112776,0.12702704,0.14934651
2012-09-28,0.10577764,0.11591422,0.10914642,0.12526717,0.15003389
2012-10-01,0.11190140,0.11306340,0.10632113,0.12194487,0.14984987
2012-10-02,0.11652673,0.11173699,0.10313790,0.11846250,0.14264348
2012-10-03,0.11609253,0.11236498,0.10098062,0.11602703,0.14141739
2012-10-04,0.11661264,0.11500202,0.10177415,0.11679572,0.14015263
2012-10-05,0.14319143,0.09119153,0.09868163,0.11369307,0.13841140
2012-10-08,0.14889413,0.09090516,0.09661819,0.11218886,0.13258503
2012-10-09,0.14497704,0.09483185,0.10133576,0.11913298,0.14073506
2012-10-10,0.14337429,0.09663267,0.10117002,0.11976115,0.14160789
2012-10-11,0.14403851,0.09636332,0.09809092,0.11641547,0.13803618
2012-10-12,0.15157855,0.07906314,0.09580156,0.11437484,0.13871888
2012-10-15,0.14909669,0.08270670,0.09801007,0.11641781,0.13941866
2012-10-16,0.14579708,0.08930648,0.10299573,0.12143121,0.14151042
2012-10-17,0.16029937,0.09032461,0.10112798,0.11907070,0.13943210
2012-10-18,0.16009162,0.09062851,0.09850772,0.11654103,0.13973671
2012-10-19,0.14947585,0.10752099,0.11551401,0.13760244,0.16119496
2012-10-22,0.15604717,0.10753145,0.11200803,0.13316842,0.15524022
2012-10-23,0.14785157,0.11850411,0.12244858,0.14591013,0.16551832
2012-10-24,0.14857667,0.11322682,0.11932484,0.14194482,0.16341034
2012-10-25,0.15067349,0.11193958,0.11627288,0.13770503,0.16221112
2012-10-26,0.15137353,0.10691260,0.11276640,0.13338709,0.14676529
2012-10-31,0.15137361,0.10577764,0.10933276,0.12921241,0.14540348
2012-11-01,0.14754087,0.11190140,0.11411420,0.13367374,0.14237892
2012-11-02,0.14400616,0.11652673,0.11654819,0.13703889,0.14780378
2012-11-05,0.14391596,0.11609253,0.11330980,0.13287337,0.14678511
2012-11-06,0.14180364,0.11661264,0.11399115,0.13287537,0.15139233
2012-11-07,0.11534226,0.14319143,0.14462558,0.16961979,0.19021154
2012-11-08,0.10721777,0.14889413,0.14812701,0.17330650,0.19005957
2012-11-09,0.10941840,0.14497704,0.14376603,0.16699646,0.18501500
2012-11-12,0.10942848,0.14337429,0.13938726,0.16095364,0.18363769
2012-11-13,0.11075107,0.14403851,0.13603014,0.15656059,0.18145232
2012-11-14,0.10068277,0.15157855,0.14260386,0.16454887,0.16727762
2012-11-15,0.10852453,0.14909669,0.13839858,0.15891703,0.15793183
2012-11-16,0.11429413,0.14579708,0.13548947,0.15452509,0.15863123
2012-11-19,0.09548776,0.16029937,0.15200150,0.17227596,0.18392558
2012-11-20,0.09732468,0.16009162,0.14739348,0.16593926,0.17992103
2012-11-21,0.10233840,0.14947585,0.14318713,0.16014694,0.17104341
2012-11-23,0.09238385,0.15604717,0.14766520,0.16427664,0.17882737
2012-11-26,0.09360344,0.14785157,0.14338451,0.15879079,0.17663788
2012-11-27,0.09192341,0.14857667,0.14050187,0.15537418,0.15665706
2012-11-28,0.09589919,0.15067349,0.13957871,0.15351947,0.16082983
2012-11-29,0.11120125,0.15137353,0.13633688,0.14915903,0.16121672
2012-11-30,0.14112817,0.15137361,0.13218502,0.14410243,0.15220792
2012-12-03,0.14034946,0.14754087,0.12948587,0.14150054,0.15373977
2012-12-04,0.14122848,0.14400616,0.12571743,0.13726862,0.15059994
2012-12-05,0.14153729,0.14391596,0.12204302,0.13299966,0.14607988
2012-12-06,0.14152244,0.14180364,0.11901932,0.12950014,0.14584433
2012-12-07,0.14146002,0.11534226,0.11594950,0.12606597,0.14552827
2012-12-10,0.14386446,0.10721777,0.11242492,0.12238234,0.13535618
2012-12-11,0.14207641,0.10941840,0.11191623,0.12194677,0.13652421
2012-12-12,0.14210454,0.10942848,0.10852081,0.11851367,0.13588689
2012-12-13,0.14045069,0.11075107,0.10806573,0.11935410,0.13870384
2012-12-14,0.13971682,0.10068277,0.10600547,0.11796351,0.13899587
2012-12-17,0.13501734,0.10852453,0.11255436,0.12547786,0.14744607
2012-12-18,0.12962591,0.11429413,0.11781630,0.13130997,0.15399146
2012-12-19,0.12783075,0.09548776,0.11800570,0.13246538,0.15686334
2012-12-20,0.12652459,0.09732468,0.11637329,0.13030815,0.15109099
2012-12-21,0.12224144,0.10233840,0.11862846,0.13404477,0.15672335
2012-12-24,0.12339062,0.09238385,0.11540628,0.13056306,0.14872575
2012-12-26,0.12243372,0.09360344,0.11343591,0.12884684,0.14062700
2012-12-27,0.12362622,0.09192341,0.11008233,0.12523737,0.13699233
2012-12-28,0.11825849,0.09589919,0.11514257,0.13237531,0.14518894
2012-12-31,0.10333067,0.11120125,0.12934382,0.14770966,0.16027125
2013-01-02,0.06577289,0.14112817,0.15887495,0.18131846,0.19874791
2013-01-03,0.07674706,0.14034946,0.15424877,0.17487605,0.19334721
2013-01-04,0.08304256,0.14122848,0.15073575,0.16951362,0.19444227
2013-01-07,0.08235454,0.14153729,0.14664900,0.16414667,0.18952328
2013-01-08,0.08182230,0.14152244,0.14274119,0.15915965,0.17739156
2013-01-09,0.08362090,0.14146002,0.13877648,0.15383208,0.14547115
2013-01-10,0.07943200,0.14386446,0.13772992,0.15188095,0.14963958
2013-01-11,0.07962353,0.14207641,0.13353424,0.14668798,0.14776652
2013-01-14,0.07958461,0.14210454,0.12951686,0.14192396,0.14666760
2013-01-15,0.07952459,0.14045069,0.12564784,0.13731078,0.14616415
2013-01-16,0.07960411,0.13971682,0.12182251,0.13295197,0.14516441
2013-01-17,0.08122825,0.13501734,0.12012093,0.13089400,0.14423604
2013-01-18,0.09126352,0.12962591,0.11720847,0.12757495,0.14278939
2013-01-22,0.09259879,0.12783075,0.11492921,0.12504167,0.14228562
2013-01-23,0.09727664,0.12652459,0.11158184,0.12150183,0.14132354
2013-01-24,0.11644976,0.12224144,0.10818261,0.11812725,0.14084305
2013-01-25,0.11684101,0.12339062,0.10699157,0.11706363,0.14011840
2013-01-28,0.12461804,0.12243372,0.10398167,0.11445636,0.13932692
2013-01-29,0.12339919,0.12362622,0.10274069,0.11340669,0.13998673
2013-01-30,0.12291792,0.11825849,0.10076280,0.11233660,0.14085026
2013-01-31,0.12362726,0.10333067,0.09820160,0.11042194,0.13936149
2013-02-01,0.12316975,0.06577289,0.10284795,0.11528395,0.14155947
2013-02-04,0.11648409,0.07674706,0.10945151,0.12491169,0.14208027
2013-02-05,0.11099305,0.08304256,0.11350992,0.12908781,0.14796794
2013-02-06,0.11205236,0.08235454,0.11007266,0.12518360,0.14573133
2013-02-07,0.11244027,0.08182230,0.10695047,0.12198190,0.14547642
2013-02-08,0.11104190,0.08362090,0.10598774,0.12072116,0.14216438
2013-02-11,0.11111520,0.07943200,0.10278596,0.11744953,0.13368830
2013-02-12,0.11265309,0.07962353,0.09984726,0.11436690,0.12614531
2013-02-13,0.11277409,0.07958461,0.09683288,0.11138548,0.12612930
2013-02-14,0.11436196,0.07952459,0.09392134,0.10860046,0.12594141
2013-02-15,0.11461297,0.07960411,0.09115084,0.10624175,0.12391366
2013-02-19,0.11414748,0.08122825,0.09283240,0.10818400,0.12888525
2013-02-20,0.10949970,0.09126352,0.10225642,0.12085711,0.14131863
2013-02-21,0.11010748,0.09259879,0.10214448,0.12148035,0.14287074
2013-02-22,0.10650135,0.09727664,0.10469450,0.12368302,0.14836627
2013-02-25,0.08925474,0.11644976,0.12436444,0.14761420,0.17278981
2013-02-26,0.08674894,0.11684101,0.12287985,0.14479214,0.16989501
2013-02-27,0.07617805,0.12461804,0.12888516,0.15021548,0.17276314
2013-02-28,0.07768759,0.12339919,0.12500400,0.14521115,0.16948988
2013-03-01,0.07931005,0.12291792,0.12153149,0.14079528,0.16546382
2013-03-04,0.08593610,0.12362726,0.11917913,0.13744789,0.14887398
2013-03-05,0.08058044,0.12316975,0.12133399,0.13907657,0.15366050
2013-03-06,0.08186218,0.11648409,0.11771315,0.13463560,0.14249621
2013-03-07,0.08447248,0.11099305,0.11434510,0.13056152,0.14067451
2013-03-08,0.08394000,0.11205236,0.11221665,0.12783452,0.14037127
2013-03-11,0.09317222,0.11244027,0.10952680,0.12464024,0.13980216
2013-03-12,0.09360809,0.11104190,0.10660155,0.12177801,0.13468960
2013-03-13,0.09401394,0.11111520,0.10348010,0.11841752,0.13419834
2013-03-14,0.12223704,0.11265309,0.10265314,0.11743250,0.13670746
2013-03-15,0.13165136,0.11277409,0.09972501,0.11471306,0.13534717
2013-03-18,0.13951649,0.11436196,0.09904552,0.11504794,0.13733332
2013-03-19,0.14119749,0.11461297,0.09649023,0.11286288,0.13716029
2013-03-20,0.14259459,0.11414748,0.09708479,0.11343024,0.14078272
2013-03-21,0.14057995,0.10949970,0.09952788,0.11753361,0.14347761
2013-03-22,0.14296419,0.11010748,0.10041976,0.11818933,0.14451131
2013-03-25,0.14249366,0.10650135,0.09822588,0.11633301,0.14256162
2013-03-26,0.14063190,0.08925474,0.09989360,0.11782455,0.14592247
2013-03-27,0.14076211,0.08674894,0.09687748,0.11477853,0.13756467
2013-03-28,0.14224111,0.07617805,0.09523628,0.11292080,0.13420546
2013-04-01,0.14165173,0.07768759,0.09396651,0.11178005,0.12977190
2013-04-02,0.14420554,0.07931005,0.09328631,0.11090943,0.13124542
2013-04-03,0.14317328,0.08593610,0.09939700,0.11921803,0.13710867
2013-04-04,0.14703931,0.08058044,0.09764115,0.11697707,0.13696690
2013-04-05,0.14643033,0.08186218,0.09613467,0.11590472,0.13598367
2013-04-08,0.14592702,0.08447248,0.09635472,0.11571994,0.13797499
2013-04-09,0.14611371,0.08394000,0.09442695,0.11344273,0.13698645
2013-04-10,0.14054021,0.09317222,0.10296036,0.12212082,0.14237557
2013-04-11,0.14079709,0.09360809,0.10077153,0.11940391,0.14079951
2013-04-12,0.14045284,0.09401394,0.09832410,0.11709968,0.14017376
2013-04-15,0.12029572,0.12223704,0.13133818,0.15626940,0.17824643
2013-04-16,0.11118293,0.13165136,0.13880216,0.16279577,0.18610834
2013-04-17,0.10082250,0.13951649,0.14580470,0.17080852,0.19118893
2013-04-18,0.10432074,0.14119749,0.14376018,0.16775761,0.19151147
2013-04-19,0.09978802,0.14259459,0.14352789,0.16584924,0.19551599
2013-04-22,0.09865915,0.14057995,0.14032564,0.16089968,0.17151728
2013-04-23,0.09629455,0.14296419,0.14189537,0.16130805,0.16816042
2013-04-24,0.09682731,0.14249366,0.13757267,0.15557207,0.15591294
2013-04-25,0.09583639,0.14063190,0.13429748,0.15094240,0.15459564
2013-04-26,0.09809828,0.14076211,0.13040348,0.14616441,0.14964854
2013-04-29,0.09802218,0.14224111,0.12946030,0.14434333,0.15245558
2013-04-30,0.09846574,0.14165173,0.12588686,0.13981020,0.14627467
2013-05-01,0.10553709,0.14420554,0.12735343,0.14280696,0.15272937
2013-05-02,0.10249974,0.14317328,0.12873054,0.14368507,0.15737973
2013-05-03,0.09774860,0.14703931,0.13129264,0.14593172,0.16302595
2013-05-06,0.10872704,0.14643033,0.12750850,0.14120813,0.15945385
2013-05-07,0.11114289,0.14592702,0.12527720,0.13822174,0.16087059
2013-05-08,0.11873807,0.14611371,0.12251809,0.13477724,0.15681908
2013-05-09,0.11805267,0.14054021,0.11965097,0.13197329,0.15285909
2013-05-10,0.12232353,0.14079709,0.11721156,0.12905050,0.14602923
2013-05-13,0.12574064,0.14045284,0.11364094,0.12522247,0.14545105
2013-05-14,0.13104731,0.12029572,0.11695757,0.12892480,0.15194988
2013-05-15,0.13145038,0.11118293,0.11511633,0.12673437,0.14423685
2013-05-16,0.13288541,0.10082250,0.11330511,0.12555908,0.14224433
2013-05-17,0.13084804,0.10432074,0.11685678,0.12945706,0.14645396
2013-05-20,0.13946274,0.09978802,0.11333028,0.12571197,0.14476879
2013-05-21,0.16465925,0.09865915,0.11008136,0.12217882,0.13788974
2013-05-22,0.16238745,0.09629455,0.11150998,0.12526344,0.14184694
2013-05-23,0.16750687,0.09682731,0.10871083,0.12265349,0.13872030
2013-05-24,0.17066661,0.09583639,0.10542087,0.11930506,0.13226278
2013-05-28,0.17245542,0.09809828,0.10512307,0.11891271,0.13550878
2013-05-29,0.17204350,0.09802218,0.10556613,0.12067407,0.13917246
2013-05-30,0.17221979,0.09846574,0.10333682,0.11817014,0.13483958
2013-05-31,0.16588008,0.10553709,0.11479407,0.13323026,0.15133431
2013-06-03,0.16461904,0.10249974,0.11365140,0.13113657,0.15052503
2013-06-04,0.16352714,0.09774860,0.11226471,0.13006487,0.14914164
2013-06-05,0.16020935,0.10872704,0.12148346,0.14180172,0.15944768
2013-06-06,0.15855130,0.11114289,0.12228443,0.14166475,0.16222371
2013-06-07,0.15430653,0.11873807,0.12850753,0.14752608,0.16255529
2013-06-10,0.15430313,0.11805267,0.12459997,0.14264358,0.15905548
2013-06-11,0.15727296,0.12232353,0.12715484,0.14619494,0.16494571
2013-06-12,0.15492278,0.12574064,0.12753954,0.14694544,0.15913699
2013-06-13,0.14642088,0.13104731,0.13618739,0.15546364,0.17043750
2013-06-14,0.14555648,0.13145038,0.13401843,0.15285061,0.16163335
2013-06-17,0.14351572,0.13288541,0.13320144,0.15086952,0.16509738
2013-06-18,0.14204371,0.13084804,0.13262271,0.14925353,0.16338430
2013-06-19,0.13368924,0.13946274,0.13955332,0.15821694,0.17180396
2013-06-20,0.10111360,0.16465925,0.16735155,0.19178776,0.20152666
2013-06-21,0.10089543,0.16238745,0.16258423,0.18466072,0.19572739
2013-06-24,0.09253704,0.16750687,0.16463665,0.18669342,0.20148630
2013-06-25,0.08700082,0.17066661,0.16379826,0.18395269,0.20309646
2013-06-26,0.08052412,0.17245542,0.16308757,0.18151115,0.19985010
2013-06-27,0.07870099,0.17204350,0.15993530,0.17648915,0.17273333
2013-06-28,0.07729015,0.17221979,0.15596138,0.17133559,0.17271442
2013-07-01,0.07500312,0.16588008,0.15265534,0.16679498,0.16715390
2013-07-02,0.08651992,0.16461904,0.14802002,0.16082326,0.15967233
2013-07-03,0.08665907,0.16352714,0.14354647,0.15511257,0.15446151
2013-07-05,0.07937148,0.16020935,0.14466156,0.15581049,0.15981158
2013-07-08,0.07978669,0.15855130,0.14172565,0.15184201,0.15733370
2013-07-09,0.07692647,0.15430653,0.14023412,0.14965027,0.15848655
2013-07-10,0.07808806,0.15430313,0.13596386,0.14458472,0.15575966
2013-07-11,0.06384458,0.15727296,0.14183661,0.15137491,0.16896724
2013-07-12,0.06307246,0.15492278,0.13803681,0.14663634,0.16154237
2013-07-15,0.06362158,0.14642088,0.13393825,0.14178234,0.15923708
2013-07-16,0.06484807,0.14555648,0.13065923,0.13851623,0.15458209
2013-07-17,0.08121683,0.14351572,0.12713598,0.13446249,0.15455257
2013-07-18,0.08015738,0.14204371,0.12479914,0.13181996,0.14570608
2013-07-19,0.08254931,0.13368924,0.12115885,0.12789232,0.14422764
2013-07-22,0.08330332,0.10111360,0.11773303,0.12429630,0.14150180
2013-07-23,0.08544814,0.10089543,0.11437375,0.12124229,0.13077235
2013-07-24,0.08950035,0.09253704,0.11187912,0.11953356,0.13145412
2013-07-25,0.09010160,0.08700082,0.10892423,0.11663590,0.12780266
2013-07-26,0.09114106,0.08052412,0.10565502,0.11358991,0.12610756
2013-07-29,0.10588276,0.07870099,0.10346516,0.11242600,0.12559117
2013-07-30,0.10630066,0.07729015,0.10032372,0.10965618,0.12455557
2013-07-31,0.10651655,0.07500312,0.09726890,0.10711663,0.12326497
2013-08-01,0.09799634,0.08651992,0.10602804,0.11718704,0.13621185
2013-08-02,0.09888512,0.08665907,0.10299539,0.11414952,0.13471043
2013-08-05,0.10264599,0.07937148,0.10002364,0.11160981,0.13400553
2013-08-06,0.10078911,0.07978669,0.09951141,0.11255344,0.13522452
2013-08-07,0.09991997,0.07692647,0.09761257,0.11152179,0.13570110
2013-08-08,0.10483305,0.07808806,0.09583266,0.10977934,0.12628706
2013-08-09,0.10714144,0.06384458,0.09394815,0.10878895,0.12713429
2013-08-12,0.10758613,0.06307246,0.09119649,0.10651340,0.12385024
2013-08-13,0.10779678,0.06362158,0.08907296,0.10457150,0.12220517
2013-08-14,0.10670098,0.06484807,0.08868616,0.10559001,0.12370519
2013-08-15,0.09637868,0.08121683,0.10257625,0.12349880,0.14080085
2013-08-16,0.09679849,0.08015738,0.10028079,0.12124190,0.13867621
2013-08-19,0.10347861,0.08254931,0.09991179,0.12146374,0.14106340
2013-08-20,0.10283047,0.08330332,0.09799673,0.11894550,0.14143207
2013-08-21,0.10392532,0.08544814,0.09764813,0.11924814,0.14246401
2013-08-22,0.10092142,0.08950035,0.10038308,0.12148611,0.13610212
2013-08-23,0.10039957,0.09010160,0.09852301,0.11903716,0.13576257
2013-08-26,0.09986870,0.09114106,0.09680969,0.11766555,0.13479571
2013-08-27,0.08394307,0.10588276,0.11261108,0.13692096,0.15476803
2013-08-28,0.08459348,0.10630066,0.10970057,0.13289016,0.15087534
2013-08-29,0.08688356,0.10651655,0.10663177,0.12889890,0.14703568
2013-08-30,0.09049351,0.09799634,0.10411990,0.12616549,0.14694370
2013-09-03,0.08937107,0.09888512,0.10223307,0.12333794,0.14468033
2013-09-04,0.09043925,0.10264599,0.10398394,0.12452526,0.13491211
2013-09-05,0.09356551,0.10078911,0.10092574,0.12096403,0.13382790
2013-09-06,0.09813364,0.09991997,0.09785136,0.11761865,0.13304194
2013-09-09,0.10144708,0.10483305,0.10244654,0.12203458,0.14077698
2013-09-10,0.09824794,0.10714144,0.10332234,0.12244828,0.14300064
2013-09-11,0.12303517,0.10758613,0.10087325,0.11951121,0.13921039
2013-09-12,0.12438370,0.10779678,0.09868259,0.11759401,0.13998056
2013-09-13,0.12482604,0.10670098,0.09625530,0.11485519,0.14036407
2013-09-16,0.12568934,0.09637868,0.09589823,0.11424030,0.13674721
2013-09-17,0.13359759,0.09679849,0.09440618,0.11252216,0.13133908
2013-09-18,0.12896632,0.10347861,0.10292232,0.12143005,0.14309383
2013-09-19,0.13077753,0.10283047,0.10004435,0.11853046,0.14065908
2013-09-20,0.12834843,0.10392532,0.10100279,0.12057374,0.14434894
2013-09-23,0.12883142,0.10092142,0.09963863,0.11963706,0.14330835
2013-09-24,0.12955890,0.10039957,0.09713103,0.11722665,0.14149981
2013-09-25,0.12970034,0.09986870,0.09477422,0.11507271,0.13303824
2013-09-26,0.13002949,0.08394307,0.09287770,0.11286031,0.13355770
2013-09-27,0.12934022,0.08459348,0.09143657,0.11200326,0.12739078
2013-09-30,0.12908194,0.08688356,0.09171683,0.11322248,0.12902038
2013-10-01,0.12722899,0.09049351,0.09416424,0.11496435,0.13361882
2013-10-02,0.12790407,0.08937107,0.09133244,0.11211124,0.13232506
2013-10-03,0.12443471,0.09043925,0.09524326,0.11751896,0.13844224
2013-10-04,0.12265255,0.09356551,0.09630120,0.11798835,0.13979499
2013-10-07,0.11942624,0.09813364,0.09910056,0.12190204,0.14325102
2013-10-08,0.11239356,0.10144708,0.10751651,0.13207109,0.15137972
2013-10-09,0.12141505,0.09824794,0.10426499,0.12799120,0.14844446
2013-10-10,0.10620762,0.12303517,0.13141707,0.15607509,0.17758290
2013-10-11,0.10399559,0.12438370,0.12972272,0.15273850,0.17389667
2013-10-14,0.10336458,0.12482604,0.12676091,0.14826604,0.17106983
2013-10-15,0.10421766,0.12568934,0.12595246,0.14730670,0.16685389
2013-10-16,0.09422143,0.13359759,0.13328039,0.15413528,0.17895592
2013-10-17,0.09245849,0.12896632,0.13183666,0.15129659,0.15741879
2013-10-18,0.09056499,0.13077753,0.13031603,0.14850767,0.15613906
2013-10-21,0.09084109,0.12834843,0.12634658,0.14346176,0.15481250
2013-10-22,0.08954619,0.12883142,0.12450119,0.14061572,0.15391363
2013-10-23,0.09238981,0.12955890,0.12210494,0.13809935,0.14464144
2013-10-24,0.09328901,0.12970034,0.11905890,0.13419565,0.14259264
2013-10-25,0.09214800,0.13002949,0.11668453,0.13111201,0.14150431
2013-10-28,0.09203442,0.12934022,0.11324779,0.12713657,0.14126687
2013-10-29,0.09039988,0.12908194,0.11191260,0.12539251,0.14169004
2013-10-30,0.08884177,0.12722899,0.11015533,0.12418198,0.14150780
2013-10-31,0.08834165,0.12790407,0.10784195,0.12222194,0.14091478
2013-11-01,0.08846527,0.12443471,0.10516265,0.11934823,0.14021362
2013-11-04,0.08771589,0.12265255,0.10289659,0.11686016,0.13984339
2013-11-05,0.08846651,0.11942624,0.10035833,0.11478267,0.13777425
2013-11-06,0.09543339,0.11239356,0.09869865,0.11303851,0.13667374
2013-11-07,0.08386793,0.12141505,0.10871816,0.12660424,0.14798301
2013-11-08,0.07085651,0.10620762,0.11747522,0.13561943,0.15957688
2013-11-11,0.08104821,0.10399559,0.11393111,0.13133392,0.15076150
2013-11-12,0.08168524,0.10336458,0.11084510,0.12800394,0.15020485
2013-11-13,0.07676266,0.10421766,0.11194802,0.12866833,0.15400826
2013-11-14,0.07803443,0.09422143,0.11014766,0.12626305,0.14477831
2013-11-15,0.07740877,0.09245849,0.10804141,0.12364164,0.13254083
2013-11-18,0.09538715,0.09056499,0.10573613,0.12164348,0.13280429
2013-11-19,0.09514494,0.09084109,0.10282294,0.11882383,0.13198095
2013-11-20,0.09576364,0.08954619,0.10069152,0.11715056,0.12903607
2013-11-21,0.09339048,0.09238981,0.10257401,0.11893886,0.13282456
2013-11-22,0.09235567,0.09328901,0.10129412,0.11736105,0.13282139
2013-11-25,0.09369823,0.09214800,0.09833123,0.11453293,0.13166390
2013-11-26,0.09370405,0.09203442,0.09533745,0.11160760,0.13106949
2013-11-27,0.09331083,0.09039988,0.09293556,0.10919710,0.13076382
2013-11-29,0.09427037,0.08884177,0.09015619,0.10679439,0.12602241
2013-12-02,0.09873584,0.08834165,0.08804850,0.10495138,0.12432410
2013-12-03,0.09811918,0.08846527,0.08626713,0.10402504,0.12484849
2013-12-04,0.09840150,0.08771589,0.08379272,0.10211203,0.12474244
2013-12-05,0.09948396,0.08846651,0.08298148,0.10242273,0.12589026
2013-12-06,0.09164595,0.09543339,0.09143867,0.11102096,0.13679844
2013-12-09,0.09143787,0.08386793,0.08893370,0.10840848,0.13499471
2013-12-10,0.09112013,0.07085651,0.08710915,0.10719081,0.13237976
2013-12-11,0.09311565,0.08104821,0.09534837,0.11776848,0.14061585
2013-12-12,0.09944130,0.08168524,0.09360347,0.11624452,0.13934185
2013-12-13,0.10103008,0.07676266,0.09075279,0.11318629,0.13150180
2013-12-16,0.09875515,0.07803443,0.09133480,0.11324581,0.13378975
2013-12-17,0.09909393,0.07740877,0.08937209,0.11159235,0.13320651
2013-12-18,0.08148838,0.09538715,0.10784244,0.13030215,0.14825071
2013-12-19,0.08148792,0.09514494,0.10458146,0.12641467,0.14452846
2013-12-20,0.08555566,0.09576364,0.10310407,0.12412098,0.14634877
2013-12-23,0.11100850,0.09339048,0.10206855,0.12236624,0.14596802
2013-12-24,0.11183872,0.09235567,0.09960461,0.11932667,0.14485380
2013-12-26,0.11264397,0.09369823,0.09830925,0.11751538,0.12997369
2013-12-27,0.11811408,0.09370405,0.09532334,0.11440712,0.12968171
2013-12-30,0.12432585,0.09331083,0.09242204,0.11148136,0.12820688
2013-12-31,0.12559608,0.09427037,0.09091455,0.10974638,0.12774063
2014-01-02,0.14568799,0.09873584,0.09469722,0.11526722,0.13390182
2014-01-03,0.14805059,0.09811918,0.09182149,0.11233852,0.13151982
2014-01-06,0.14796130,0.09840150,0.08955974,0.11040653,0.13191368
2014-01-07,0.15259593,0.09948396,0.08997535,0.11047653,0.13508489
2014-01-08,0.15931213,0.09164595,0.08723824,0.10784979,0.13342211
2014-01-09,0.15940014,0.09143787,0.08459145,0.10534671,0.12632496
2014-01-10,0.16369809,0.09112013,0.08250234,0.10329549,0.12675817
2014-01-13,0.15772080,0.09311565,0.09391518,0.11721781,0.14038661
2014-01-14,0.15456160,0.09944130,0.10020666,0.12283706,0.14429054
2014-01-15,0.15442434,0.10103008,0.09919860,0.12108019,0.14507499
2014-01-16,0.15440581,0.09875515,0.09631935,0.11801903,0.14494699
2014-01-17,0.15547525,0.09909393,0.09461012,0.11658432,0.14528159
2014-01-21,0.15657078,0.08148838,0.09235809,0.11391200,0.13624728
2014-01-22,0.15669942,0.08148792,0.08957237,0.11099634,0.12434100
2014-01-23,0.15509470,0.08555566,0.09352742,0.11636425,0.13005630
2014-01-24,0.13687761,0.11100850,0.12227767,0.14921295,0.16468451
2014-01-27,0.13582618,0.11183872,0.12006667,0.14620221,0.16125851
2014-01-28,0.13524562,0.11264397,0.11881794,0.14344747,0.16328186
2014-01-29,0.13084498,0.11811408,0.12191315,0.14696636,0.17014478
2014-01-30,0.12756255,0.12432585,0.12597250,0.14975364,0.17408750
2014-01-31,0.13609722,0.12559608,0.12471188,0.14806930,0.15363256
2014-02-03,0.11009564,0.14568799,0.15061767,0.17901033,0.18877534
2014-02-04,0.10705656,0.14805059,0.14899880,0.17512352,0.18568883
2014-02-05,0.10684154,0.14796130,0.14467525,0.16897429,0.18075508
2014-02-06,0.09789561,0.15259593,0.14827708,0.17118848,0.18492004
2014-02-07,0.08831586,0.15931213,0.15266664,0.17438911,0.19245881
2014-02-10,0.08815500,0.15940014,0.14814132,0.16793065,0.16672269
2014-02-11,0.08933847,0.16369809,0.14986353,0.16844249,0.17236290
2014-02-12,0.08986830,0.15772080,0.14530186,0.16230239,0.17106513
2014-02-13,0.09365933,0.15456160,0.14266506,0.15821596,0.16385421
2014-02-14,0.09548217,0.15442434,0.13957131,0.15378943,0.15465392
2014-02-18,0.09774818,0.15440581,0.13539427,0.14846429,0.15403345
2014-02-19,0.09734346,0.15547525,0.13371454,0.14697204,0.15079278
2014-02-20,0.09563125,0.15657078,0.13173287,0.14411587,0.15298350
2014-02-21,0.09688367,0.15669942,0.12793790,0.13979140,0.15099315
2014-02-24,0.09571682,0.15509470,0.12633743,0.13759287,0.15267923
2014-02-25,0.09865132,0.13687761,0.12260088,0.13349044,0.15124311
2014-02-26,0.09887105,0.13582618,0.11886600,0.12938165,0.14224801
2014-02-27,0.09869303,0.13524562,0.11683212,0.12702804,0.14182364
2014-02-28,0.10195696,0.13084498,0.11378715,0.12369638,0.14142990
2014-03-03,0.10162445,0.12756255,0.11401732,0.12508343,0.14216970
2014-03-04,0.08757759,0.13609722,0.12526530,0.13792179,0.15788756
2014-03-05,0.08766438,0.11009564,0.12144939,0.13354013,0.15514527
2014-03-06,0.09777421,0.10705656,0.11793867,0.12949307,0.14637820
2014-03-07,0.10468122,0.10684154,0.11436491,0.12559887,0.14507397
2014-03-10,0.10546919,0.09789561,0.11089553,0.12204162,0.14187922
2014-03-11,0.11057692,0.08831586,0.10932733,0.12133392,0.12768112
2014-03-12,0.13255822,0.08815500,0.10600342,0.11796497,0.12438367
2014-03-13,0.13038245,0.08933847,0.11250410,0.12750657,0.13675320
2014-03-14,0.13306930,0.08986830,0.10962880,0.12468359,0.13399141
2014-03-17,0.13097022,0.09365933,0.11261203,0.12761405,0.14177463
2014-03-18,0.13356121,0.09548217,0.11270771,0.12733071,0.14313052
2014-03-19,0.13193537,0.09774818,0.11186071,0.12722183,0.14536479
2014-03-20,0.13092782,0.09734346,0.11095238,0.12585102,0.13997778
2014-03-21,0.13129628,0.09563125,0.10817683,0.12320773,0.13919263
2014-03-24,0.13043104,0.09688367,0.10658172,0.12220022,0.13509183
2014-03-25,0.12967596,0.09571682,0.10473798,0.11998730,0.13330488
2014-03-26,0.13044805,0.09865132,0.10515707,0.12160075,0.13452655
2014-03-27,0.13076140,0.09887105,0.10222143,0.11873610,0.13203359
2014-03-28,0.13081302,0.09869303,0.10072895,0.11694073,0.13337579
2014-03-31,0.12834166,0.10195696,0.10236933,0.11847072,0.13677753
2014-04-01,0.12602126,0.10162445,0.10293058,0.11861063,0.13867966
2014-04-02,0.12572107,0.08757759,0.10040802,0.11585014,0.13501573
2014-04-03,0.12582720,0.08766438,0.09744779,0.11309394,0.13107184
2014-04-04,0.12206817,0.09777421,0.10645687,0.12509086,0.14354132
2014-04-07,0.11779314,0.10468122,0.11144234,0.13174638,0.14788878
2014-04-08,0.11717393,0.10546919,0.10902350,0.12848971,0.14507958
2014-04-09,0.11109621,0.11057692,0.11382393,0.13284195,0.15386066
2014-04-10,0.09004889,0.13255822,0.13752788,0.16122470,0.18377452
2014-04-11,0.08378911,0.13038245,0.13839396,0.16192375,0.17887593
2014-04-14,0.08051946,0.13306930,0.13789977,0.15976567,0.17548475
2014-04-15,0.08367067,0.13097022,0.13623923,0.15651103,0.17722691
2014-04-16,0.07656528,0.13356121,0.13817926,0.15729345,0.17754628
2014-04-17,0.07756713,0.13193537,0.13407455,0.15179176,0.15390274
2014-04-21,0.07972670,0.13092782,0.13081322,0.14725231,0.14952434
2014-04-22,0.08330849,0.13129628,0.12781836,0.14314453,0.14646375
2014-04-23,0.08335582,0.13043104,0.12422365,0.13899604,0.14399591
2014-04-24,0.08443072,0.12967596,0.12062388,0.13461842,0.13745694
2014-04-25,0.08223865,0.13044805,0.12114593,0.13612399,0.14262233
2014-04-28,0.08156500,0.13076140,0.11812528,0.13235211,0.14123157
2014-04-29,0.08201210,0.13081302,0.11600618,0.12962261,0.14198972
2014-04-30,0.08160633,0.12834166,0.11307051,0.12617795,0.14188996
2014-05-01,0.08164374,0.12602126,0.10962735,0.12265987,0.14056715
2014-05-02,0.08152041,0.12572107,0.10641708,0.11953124,0.13601658
2014-05-05,0.08152605,0.12582720,0.10343096,0.11642834,0.13553983
2014-05-06,0.07858660,0.12206817,0.10624838,0.12128016,0.14113936
2014-05-07,0.07781543,0.11779314,0.10528859,0.12003024,0.13995488
2014-05-08,0.07773760,0.11717393,0.10222091,0.11708660,0.13795817
2014-05-09,0.07756414,0.11109621,0.09928254,0.11407906,0.13780727
2014-05-12,0.07109768,0.09004889,0.10327969,0.11830384,0.14358246
2014-05-13,0.07523349,0.08378911,0.10014680,0.11514401,0.13065700
2014-05-14,0.07423725,0.08051946,0.09880961,0.11467206,0.12917925
2014-05-15,0.06676759,0.08367067,0.10254375,0.12036452,0.13565263
2014-05-16,0.06592860,0.07656528,0.10047784,0.11790975,0.13504941
2014-05-19,0.06985245,0.07756713,0.09855304,0.11568576,0.12864104
2014-05-20,0.06624848,0.07972670,0.09885656,0.11709954,0.13230198
2014-05-21,0.06033764,0.08330849,0.10086728,0.11883253,0.13602724
2014-05-22,0.05978326,0.08335582,0.09822387,0.11590459,0.13005320
2014-05-23,0.06211718,0.08443072,0.09664779,0.11407087,0.13066260
2014-05-27,0.06096954,0.08223865,0.09653616,0.11375751,0.13270681
2014-05-28,0.06098419,0.08156500,0.09369559,0.11115943,0.12864220
2014-05-29,0.05847205,0.08201210,0.09319523,0.11054104,0.12690351
2014-05-30,0.05813716,0.08160633,0.09063956,0.10804168,0.12613912
2014-06-02,0.06249109,0.08164374,0.08792384,0.10501732,0.12442097
2014-06-03,0.06251892,0.08152041,0.08525808,0.10279499,0.12204843
2014-06-04,0.06499301,0.08152605,0.08298679,0.10080009,0.12227786
2014-06-05,0.06246527,0.07858660,0.08433992,0.10225668,0.12433633
2014-06-06,0.06516562,0.07781543,0.08371827,0.10173588,0.12422104
2014-06-09,0.06703451,0.07773760,0.08124984,0.09966296,0.12346581
2014-06-10,0.06854588,0.07756414,0.07878045,0.09780207,0.12341825
2014-06-11,0.06762990,0.07109768,0.07761321,0.09778254,0.12434360
2014-06-12,0.06516620,0.07523349,0.08017243,0.10201750,0.12460962
2014-06-13,0.06460634,0.07423725,0.07867693,0.10055173,0.12352846
2014-06-16,0.06615503,0.06676759,0.07634940,0.09855811,0.12302839
2014-06-17,0.07759256,0.06592860,0.07450295,0.09695804,0.12190256
2014-06-18,0.08101038,0.06985245,0.07817679,0.10036999,0.12642550
2014-06-19,0.08128884,0.06624848,0.07595760,0.09843017,0.12227320
2014-06-20,0.08290026,0.06033764,0.07394972,0.09671656,0.12112369
2014-06-23,0.08312109,0.05978326,0.07169877,0.09505488,0.11986247
2014-06-24,0.08007370,0.06211718,0.07390867,0.09866209,0.12351268
2014-06-25,0.08005573,0.06096954,0.07413256,0.09868158,0.12102994
2014-06-26,0.07995760,0.06098419,0.07202039,0.09714680,0.12012125
2014-06-27,0.08121954,0.05847205,0.07021983,0.09557526,0.12023730
2014-06-30,0.08120957,0.05813716,0.06809604,0.09404295,0.11968589
2014-07-01,0.10469409,0.06249109,0.07091271,0.09511549,0.12075906
2014-07-02,0.10513811,0.06251892,0.06880010,0.09337751,0.11860482
2014-07-03,0.10635527,0.06499301,0.07000678,0.09432821,0.12145749
2014-07-07,0.11073703,0.06246527,0.06957418,0.09488776,0.12229282
2014-07-08,0.10799183,0.06516562,0.07284716,0.09940095,0.12614559
2014-07-09,0.10852273,0.06703451,0.07288981,0.09901804,0.12431120
2014-07-10,0.11466915,0.06854588,0.07247933,0.09933676,0.12564309
2014-07-11,0.11495308,0.06762990,0.07050336,0.09736849,0.12367338
2014-07-14,0.11386942,0.06516620,0.07089066,0.09733412,0.12463749
2014-07-15,0.11600688,0.06460634,0.06914122,0.09612432,0.12045971
2014-07-16,0.11607043,0.06615503,0.06898852,0.09567611,0.12050358
2014-07-17,0.10849771,0.07759256,0.08134280,0.10953818,0.13248380
2014-07-18,0.10670644,0.08101038,0.08829852,0.11520212,0.13984363
2014-07-21,0.10779655,0.08128884,0.08608380,0.11285994,0.13687625
2014-07-22,0.10673872,0.08290026,0.08569913,0.11165158,0.13872810
2014-07-23,0.10705325,0.08312109,0.08336750,0.10888207,0.13763100
2014-07-24,0.10726267,0.08007370,0.08085006,0.10617918,0.12886335
2014-07-25,0.10721706,0.08005573,0.08063371,0.10655592,0.12356473
2014-07-28,0.10727415,0.07995760,0.07818531,0.10401958,0.12250635
2014-07-29,0.10611619,0.08121954,0.07783026,0.10426696,0.12279558
2014-07-30,0.10627760,0.08120957,0.07545960,0.10190805,0.12227686
2014-07-31,0.08080455,0.10469409,0.10734639,0.13686449,0.15698953
2014-08-01,0.08021567,0.10513811,0.10466999,0.13353276,0.15162060
2014-08-04,0.07632881,0.10635527,0.10523456,0.13263374,0.15550279
2014-08-05,0.06868539,0.11073703,0.10882140,0.13659850,0.16066198
2014-08-06,0.07085532,0.10799183,0.10550627,0.13223532,0.15957878
2014-08-07,0.06900415,0.10852273,0.10456162,0.13107264,0.13880096
2014-08-08,0.06084021,0.11466915,0.11074637,0.13604434,0.14856123
2014-08-11,0.06139509,0.11495308,0.10790591,0.13204123,0.14471871
2014-08-12,0.06120854,0.11386942,0.10481236,0.12832226,0.13934051
2014-08-13,0.06032773,0.11600688,0.10489112,0.12739163,0.14271798
2014-08-14,0.05847939,0.11607043,0.10308414,0.12469269,0.14197196
2014-08-15,0.06392955,0.10849771,0.09994407,0.12106962,0.13363991
2014-08-18,0.05693002,0.10670644,0.10237552,0.12285067,0.13723371
2014-08-19,0.05681662,0.10779655,0.10113416,0.12091695,0.13679634
2014-08-20,0.05619049,0.10673872,0.09852427,0.11779485,0.13426139
2014-08-21,0.06188729,0.10705325,0.09620704,0.11505426,0.13340033
2014-08-22,0.06469187,0.10726267,0.09359808,0.11261693,0.13360827
2014-08-25,0.06813021,0.10721706,0.09262778,0.11131969,0.13111952
2014-08-26,0.08841447,0.10727415,0.08989882,0.10854232,0.12899091
2014-08-27,0.09323152,0.10611619,0.08716035,0.10596256,0.12858560
2014-08-28,0.09346562,0.10627760,0.08476063,0.10404099,0.12794418
2014-08-29,0.09325961,0.08080455,0.08318323,0.10246541,0.12867386
2014-09-02,0.10405932,0.08021567,0.08067690,0.09952244,0.11975405
2014-09-03,0.10402429,0.07632881,0.07827785,0.09765355,0.11958557
2014-09-04,0.11078016,0.06868539,0.07612772,0.09620437,0.11887523
2014-09-05,0.10953945,0.07085532,0.07634938,0.09642332,0.11943278
2014-09-08,0.12113173,0.06900415,0.07498472,0.09602403,0.11930681
2014-09-09,0.13323473,0.06084021,0.07705393,0.09959219,0.12284459
2014-09-10,0.15107336,0.06139509,0.07603514,0.09845516,0.12122626
2014-09-11,0.15622277,0.06120854,0.07379845,0.09646586,0.12084438
2014-09-12,0.16518201,0.06032773,0.07523436,0.09915938,0.12257215
2014-09-15,0.16525407,0.05847939,0.07299470,0.09729730,0.12074744
2014-09-16,0.16563671,0.06392955,0.07648005,0.10021369,0.12291444
2014-09-17,0.16557673,0.05693002,0.07432089,0.09813957,0.12151551
2014-09-18,0.17057727,0.05681662,0.07451271,0.09805340,0.12247277
2014-09-19,0.17345845,0.05619049,0.07226659,0.09621249,0.11932165
2014-09-22,0.18390368,0.06188729,0.07673237,0.10210636,0.12546057
2014-09-23,0.18455862,0.06469187,0.07773055,0.10393515,0.12407338
2014-09-24,0.18741881,0.06813021,0.08123967,0.10656528,0.12921712
2014-09-25,0.18036076,0.08841447,0.10110180,0.12886876,0.14947036
2014-09-26,0.17799459,0.09323152,0.10349306,0.12985834,0.15258910
2014-09-29,0.18246736,0.09346562,0.10082900,0.12661652,0.14885416
2014-09-30,0.18227453,0.09325961,0.09835740,0.12372178,0.14750719
2014-10-01,0.17762981,0.10405932,0.10855067,0.13604162,0.15754155
2014-10-02,0.18216665,0.10402429,0.10524378,0.13165776,0.14113196
2014-10-03,0.17806002,0.11078016,0.11079636,0.13602209,0.14712808
2014-10-06,0.17824785,0.10953945,0.10759360,0.13197524,0.14568359
2014-10-07,0.17138363,0.12113173,0.11997617,0.14643375,0.16279448
2014-10-08,0.16107990,0.13323473,0.13439352,0.16022205,0.17312404
2014-10-09,0.14393604,0.15107336,0.15352034,0.18227138,0.19815059
2014-10-10,0.13871673,0.15622277,0.15543471,0.18354392,0.19759377
2014-10-13,0.12625144,0.16518201,0.16394922,0.19273459,0.21251866
2014-10-14,0.12615649,0.16525407,0.15907299,0.18516296,0.20106906
2014-10-15,0.12298383,0.16563671,0.15743621,0.18225920,0.19250586
2014-10-16,0.12298562,0.16557673,0.15264111,0.17521514,0.17159528
2014-10-17,0.11474018,0.17057727,0.15613876,0.17729527,0.17649550
2014-10-20,0.11174087,0.17345845,0.15546366,0.17476384,0.16731131
2014-10-21,0.08946280,0.18390368,0.16852536,0.18825021,0.19142146
2014-10-22,0.08605739,0.18455862,0.16585616,0.18437046,0.18824869
2014-10-23,0.07706413,0.18741881,0.16768627,0.18479086,0.19669248
2014-10-24,0.07378483,0.18036076,0.16485912,0.17994448,0.19093846
2014-10-27,0.07370884,0.17799459,0.15994362,0.17327549,0.18396335
2014-10-28,0.06194283,0.18246736,0.16179251,0.17428104,0.17515753
2014-10-29,0.06238282,0.18227453,0.15695626,0.16790325,0.17145857
2014-10-30,0.06318431,0.17762981,0.15407917,0.16360582,0.16677468
2014-10-31,0.05334744,0.18216665,0.15611763,0.16528828,0.17130410
2014-11-03,0.05491103,0.17806002,0.15136236,0.15935656,0.17020301
2014-11-04,0.05417630,0.17824785,0.14716438,0.15429444,0.16218223
2014-11-05,0.05079916,0.17138363,0.14438304,0.15051212,0.16433301
2014-11-06,0.05519650,0.16107990,0.14074939,0.14588171,0.16000093
2014-11-07,0.05518937,0.14393604,0.13646837,0.14082564,0.14837631
2014-11-10,0.07868233,0.13871673,0.13286437,0.13654940,0.14264231
2014-11-11,0.08019254,0.12625144,0.12884525,0.13206216,0.14006997
2014-11-12,0.09813982,0.12615649,0.12494987,0.12799656,0.13377798
2014-11-13,0.10056778,0.12298383,0.12116090,0.12405088,0.13287983
2014-11-14,0.10481100,0.12298562,0.11747357,0.12037246,0.13178544
2014-11-17,0.12589758,0.11474018,0.11393071,0.11692574,0.13122558
2014-11-18,0.14931062,0.11174087,0.11224031,0.11554712,0.13084404
2014-11-19,0.15005353,0.08946280,0.10897770,0.11283560,0.12933463
2014-11-20,0.15047689,0.08605739,0.10593376,0.11006973,0.12317017
2014-11-21,0.14950734,0.07706413,0.10469550,0.10935824,0.12479362
2014-11-24,0.14917951,0.07378483,0.10211341,0.10715169,0.12258488
2014-11-25,0.14956484,0.07370884,0.09910368,0.10491962,0.11994706
2014-11-26,0.14927936,0.06194283,0.09670037,0.10302272,0.12051173
2014-11-28,0.14998251,0.06238282,0.09427559,0.10180209,0.11822332
2014-12-01,0.15238199,0.06318431,0.09520851,0.10470435,0.12044606
2014-12-02,0.15078337,0.05334744,0.09556767,0.10568503,0.12258971
2014-12-03,0.16324761,0.05491103,0.09380131,0.10420481,0.12094893
2014-12-04,0.16610599,0.05417630,0.09105603,0.10215627,0.12037303
2014-12-05,0.17076985,0.05079916,0.08851884,0.10004240,0.12004103
2014-12-08,0.17971683,0.05519650,0.09037395,0.10461321,0.12144750
2014-12-09,0.18207725,0.05518937,0.08762568,0.10227519,0.11775073
2014-12-10,0.17516598,0.07868233,0.10642867,0.12768017,0.14175824
2014-12-11,0.17469219,0.08019254,0.10467612,0.12494377,0.14039737
2014-12-12,0.16648948,0.09813982,0.11974904,0.14440307,0.16111212
2014-12-15,0.16813322,0.10056778,0.11870795,0.14298159,0.15890981
2014-12-16,0.17184426,0.10481100,0.11977063,0.14430890,0.16388523
2014-12-17,0.15712382,0.12589758,0.14007923,0.16601968,0.17839471
2014-12-18,0.13489682,0.14931062,0.16419535,0.19217669,0.20898137
2014-12-19,0.14388713,0.15005353,0.16017758,0.18506822,0.19490158
2014-12-22,0.14454692,0.15047689,0.15600047,0.17807989,0.19388932
2014-12-23,0.14469360,0.14950734,0.15140017,0.17096806,0.19081428
2014-12-24,0.15203939,0.14917951,0.14678891,0.16423629,0.17205982
2014-12-26,0.15874638,0.14956484,0.14289588,0.15835724,0.14340150
2014-12-29,0.16208677,0.14927936,0.13858318,0.15235142,0.14213184
2014-12-30,0.16743971,0.14998251,0.13570593,0.14893227,0.14317176
2014-12-31,0.16952135,0.15238199,0.13760570,0.15228393,0.15133729
2015-01-02,0.17664211,0.15078337,0.13342023,0.14717781,0.14947928
2015-01-05,0.16530873,0.16324761,0.14791292,0.16726251,0.17345160
2015-01-06,0.16621473,0.16610599,0.14755392,0.16674450,0.17578480
2015-01-07,0.16175185,0.17076985,0.14995775,0.16810224,0.18287561
2015-01-08,0.15036204,0.17971683,0.16090741,0.17999611,0.19684019
2015-01-09,0.15201062,0.18207725,0.15941957,0.17775415,0.19817771
2015-01-12,0.14938118,0.17516598,0.15776019,0.17536386,0.18716251
2015-01-13,0.15277523,0.17469219,0.15328331,0.16900031,0.18025949
2015-01-14,0.15208824,0.16648948,0.15033278,0.16510529,0.17604372
2015-01-15,0.14874663,0.16813322,0.15016364,0.16524754,0.16310370
2015-01-16,0.14139630,0.17184426,0.15454708,0.16945082,0.17096382
2015-01-20,0.14134242,0.15712382,0.14995993,0.16284244,0.16538827
2015-01-21,0.14197872,0.13489682,0.14654562,0.15773109,0.16123706
2015-01-22,0.13192127,0.14388713,0.15381624,0.16610598,0.16846945
2015-01-23,0.13088323,0.14454692,0.15065974,0.16216218,0.16404082
2015-01-26,0.13060820,0.14469360,0.14641020,0.15620151,0.15486882
2015-01-27,0.12208486,0.15203939,0.15131607,0.16399148,0.16803298
2015-01-28,0.11311259,0.15874638,0.15593017,0.17091289,0.17810665
2015-01-29,0.11027820,0.16208677,0.15561792,0.16924344,0.17171757
2015-01-30,0.10177161,0.16743971,0.15921557,0.17459573,0.18107019
2015-02-02,0.09273139,0.16952135,0.16228562,0.17716129,0.18979372
2015-02-03,0.07842146,0.17664211,0.16692515,0.18160481,0.19224991
2015-02-04,0.09158175,0.16530873,0.16264814,0.17561359,0.18363992
2015-02-05,0.08552886,0.16621473,0.16264142,0.17440697,0.18220940
2015-02-06,0.10337416,0.16175185,0.15824779,0.16848260,0.17322283
2015-02-09,0.10253314,0.15036204,0.15431698,0.16344377,0.16459222
2015-02-10,0.10507954,0.15201062,0.15520914,0.16387754,0.15800998
2015-02-11,0.10717850,0.14938118,0.15048089,0.15756859,0.15503463
2015-02-12,0.11202787,0.15277523,0.15059480,0.15727251,0.15561046
2015-02-13,0.11173421,0.15208824,0.14686079,0.15219156,0.15528003
2015-02-17,0.11919124,0.14874663,0.14252205,0.14665143,0.15387358
2015-02-18,0.12038133,0.14139630,0.13818566,0.14145904,0.14642583
2015-02-19,0.12427453,0.14134242,0.13403967,0.13675896,0.14384583
2015-02-20,0.12260965,0.14197872,0.13210866,0.13459024,0.14159700
2015-02-23,0.12444727,0.13192127,0.12808953,0.13018947,0.13989893
2015-02-24,0.13407878,0.13088323,0.12464859,0.12640588,0.13677923
2015-02-25,0.13430588,0.13060820,0.12088799,0.12265735,0.13625737
2015-02-26,0.13445835,0.12208486,0.11734591,0.11939793,0.13626794
2015-02-27,0.14053093,0.11311259,0.11435206,0.11715813,0.13177663
2015-03-02,0.14226078,0.11027820,0.11338244,0.11617397,0.13179848
2015-03-03,0.14205373,0.10177161,0.11134231,0.11551227,0.13127983
2015-03-04,0.14176076,0.09273139,0.10929667,0.11476636,0.12991214
2015-03-05,0.14352575,0.07842146,0.10606894,0.11166765,0.12686234
2015-03-06,0.13492715,0.09158175,0.11686242,0.12922284,0.14105159
2015-03-09,0.13455663,0.08552886,0.11433169,0.12601079,0.13772932
2015-03-10,0.12178316,0.10337416,0.12927567,0.14762678,0.15838404
2015-03-11,0.12292306,0.10253314,0.12555945,0.14272400,0.15470564
2015-03-12,0.11610891,0.10507954,0.13111199,0.14847377,0.16598175
2015-03-13,0.11431347,0.10717850,0.12930701,0.14643760,0.15531605
2015-03-16,0.10590300,0.11202787,0.13582874,0.15332846,0.16749827
2015-03-17,0.10530907,0.11173421,0.13232426,0.14871417,0.15022118
2015-03-18,0.10435652,0.11919124,0.13662869,0.15294705,0.16085480
2015-03-19,0.10778713,0.12038133,0.13382112,0.14944612,0.15302673
2015-03-20,0.10333618,0.12427453,0.13435335,0.14912813,0.15700253
2015-03-23,0.10464582,0.12260965,0.13043746,0.14405824,0.14664913
2015-03-24,0.10277254,0.12444727,0.12871102,0.14247804,0.14850653
2015-03-25,0.08967656,0.13407878,0.13720308,0.15494759,0.15701724
2015-03-26,0.09044642,0.13430588,0.13334494,0.14973684,0.15402667
2015-03-27,0.09058235,0.13445835,0.12960959,0.14442567,0.15004623
2015-03-30,0.08123172,0.14053093,0.13426590,0.14933046,0.16110729
2015-03-31,0.08310051,0.14226078,0.13463221,0.15048609,0.16343223
2015-04-01,0.09018045,0.14205373,0.13144192,0.14646135,0.15193898
2015-04-02,0.08992780,0.14176076,0.12817203,0.14184201,0.15215211
2015-04-06,0.09627015,0.14352575,0.12687961,0.13967207,0.15481946
2015-04-07,0.09724262,0.13492715,0.12327589,0.13542665,0.14663603
2015-04-08,0.09767427,0.13455663,0.11997350,0.13124142,0.13959587
2015-04-09,0.10699243,0.12178316,0.11759723,0.12823524,0.14003197
2015-04-10,0.10694231,0.12292306,0.11578661,0.12600119,0.13678134
2015-04-13,0.10624667,0.11610891,0.11367034,0.12449324,0.13564971
2015-04-14,0.10610207,0.11431347,0.11038924,0.12080007,0.13284025
2015-04-15,0.11099849,0.10590300,0.10887297,0.11914919,0.13411138
2015-04-16,0.11099761,0.10530907,0.10559969,0.11592620,0.12964411
2015-04-17,0.10430115,0.10435652,0.11152957,0.12581768,0.13925993
2015-04-20,0.09934596,0.10778713,0.11388702,0.12831110,0.14154131
2015-04-21,0.09926568,0.10333618,0.11056778,0.12464243,0.14030896
2015-04-22,0.09803108,0.10464582,0.10900037,0.12261675,0.13966983
2015-04-23,0.09799776,0.10277254,0.10607576,0.11923933,0.13978399
2015-04-24,0.10404131,0.08967656,0.10321583,0.11607779,0.13171839
2015-04-27,0.10777860,0.09044642,0.10136414,0.11505509,0.12416000
2015-04-28,0.10744179,0.09058235,0.09886272,0.11239496,0.12444070
2015-04-29,0.10889145,0.08123172,0.09695222,0.11135336,0.12389046
2015-04-30,0.10326866,0.08310051,0.10199431,0.11959520,0.13052162
2015-05-01,0.09623085,0.09018045,0.10753212,0.12538432,0.13798579
2015-05-04,0.09597221,0.08992780,0.10487965,0.12200191,0.13616732
2015-05-05,0.09170127,0.09627015,0.11173084,0.13194041,0.14733924
2015-05-06,0.09052404,0.09724262,0.10970999,0.12980030,0.14608340
2015-05-07,0.09236153,0.09767427,0.10737146,0.12648409,0.14105383
2015-05-08,0.07992661,0.10699243,0.11635707,0.13613585,0.14877306
2015-05-11,0.08829124,0.10694231,0.11454386,0.13420373,0.14829771
2015-05-12,0.08790245,0.10624667,0.11164684,0.13079735,0.14026290
2015-05-13,0.09119704,0.10610207,0.10825212,0.12663600,0.13867211
2015-05-14,0.08482378,0.11099849,0.11293138,0.13137633,0.14737439
2015-05-15,0.08703039,0.11099761,0.10953177,0.12710421,0.13541817
2015-05-18,0.08666073,0.10430115,0.10685229,0.12363983,0.13463288
2015-05-19,0.09311460,0.09934596,0.10362736,0.12004723,0.13190637
2015-05-20,0.09486439,0.09926568,0.10053565,0.11678946,0.13056731
2015-05-21,0.09683432,0.09803108,0.09789494,0.11382467,0.12359537
2015-05-22,0.09654904,0.09799776,0.09531021,0.11159104,0.12351640
2015-05-26,0.09323934,0.10404131,0.10076735,0.12007375,0.13268659
2015-05-27,0.08832725,0.10777860,0.10393587,0.12311207,0.13869911
2015-05-28,0.08822839,0.10744179,0.10089004,0.11973503,0.13761663
2015-05-29,0.11241908,0.10889145,0.10087390,0.12069530,0.14059221
2015-06-01,0.11256929,0.10326866,0.09812752,0.11713785,0.13983824
2015-06-02,0.11503456,0.09623085,0.09521904,0.11411316,0.13174543
2015-06-03,0.11480561,0.09597221,0.09268444,0.11127851,0.12480609
2015-06-04,0.11162399,0.09170127,0.09596385,0.11664782,0.13146804
2015-06-05,0.11347327,0.09052404,0.09320810,0.11380822,0.12581314
2015-06-08,0.12551462,0.09236153,0.09383193,0.11557665,0.12911228
2015-06-09,0.12575012,0.07992661,0.09098797,0.11242053,0.12833407
2015-06-10,0.12608787,0.08829124,0.09974301,0.12148933,0.13792705
2015-06-11,0.13158773,0.08790245,0.09694005,0.11801969,0.13161111
2015-06-12,0.13023466,0.09119704,0.09786936,0.12001742,0.13569315
2015-06-15,0.12926696,0.08482378,0.09658309,0.11904928,0.13447096
2015-06-16,0.13072238,0.08703039,0.09620461,0.11799276,0.13520007
2015-06-17,0.13059890,0.08666073,0.09359031,0.11483197,0.12616422
2015-06-18,0.12608723,0.09311460,0.09849756,0.11965447,0.13463347
2015-06-19,0.12560868,0.09486439,0.09770983,0.11940970,0.13303293
2015-06-22,0.12410903,0.09683432,0.09763526,0.11870476,0.13466725
2015-06-23,0.12564640,0.09654904,0.09469316,0.11531883,0.13221831
2015-06-24,0.12854166,0.09323934,0.09618936,0.11814099,0.13671300
2015-06-25,0.12968835,0.08832725,0.09397521,0.11599705,0.12913374
2015-06-26,0.13651263,0.08822839,0.09112498,0.11290272,0.12579379
2015-06-29,0.11805879,0.11241908,0.12053547,0.14901699,0.16059315
2015-06-30,0.11770005,0.11256929,0.11731858,0.14389590,0.15636634
2015-07-01,0.11550773,0.11503456,0.11687694,0.14171157,0.15679371
2015-07-02,0.11589803,0.11480561,0.11332273,0.13686796,0.15586482
2015-07-06,0.11538446,0.11162399,0.11089581,0.13387787,0.15693226
2015-07-07,0.11396741,0.11347327,0.11007151,0.13191273,0.13348662
2015-07-08,0.10164381,0.12551462,0.12511071,0.15079001,0.15586970
2015-07-09,0.10183151,0.12575012,0.12161715,0.14549927,0.15035327
2015-07-10,0.10251222,0.12608787,0.12718901,0.15030096,0.16176326
2015-07-13,0.10080670,0.13158773,0.13052852,0.15258325,0.16651808
2015-07-14,0.09967898,0.13023466,0.12772605,0.14804197,0.16498354
2015-07-15,0.09974443,0.12926696,0.12386799,0.14285912,0.14940358
2015-07-16,0.09678424,0.13072238,0.12404108,0.14201684,0.15381303
2015-07-17,0.09837041,0.13059890,0.12033910,0.13710818,0.14451375
2015-07-20,0.09875497,0.12608723,0.11671160,0.13250415,0.13742733
2015-07-21,0.10177517,0.12560868,0.11436820,0.13016262,0.13626842
2015-07-22,0.12548771,0.12410903,0.11127303,0.12677650,0.13608120
2015-07-23,0.16712739,0.12564640,0.11013035,0.12625380,0.13439815
2015-07-24,0.21434900,0.12854166,0.11468156,0.13313980,0.14387576
2015-07-27,0.21855694,0.12968835,0.11344576,0.13213472,0.14458639
2015-07-28,0.25207809,0.13651263,0.11995415,0.13879881,0.15515433
2015-07-29,0.26423747,0.11805879,0.11970660,0.13758591,0.15745476
2015-07-30,0.26424586,0.11770005,0.11605991,0.13297460,0.14884578
2015-07-31,0.26573671,0.11550773,0.11287117,0.12932716,0.14263017
2015-08-03,0.28520319,0.11589803,0.10995792,0.12600997,0.14045807
2015-08-04,0.29193036,0.11538446,0.10696727,0.12286214,0.13166224
2015-08-05,0.29175940,0.11396741,0.10441122,0.11978502,0.12888087
2015-08-06,0.29539873,0.10164381,0.10565767,0.12258240,0.13364877
2015-08-07,0.30745039,0.10183151,0.10304880,0.12003978,0.12868293
2015-08-10,0.30811103,0.10251222,0.11149410,0.12923479,0.14227096
2015-08-11,0.30685226,0.10080670,0.11436533,0.13366365,0.14564090
2015-08-12,0.30722632,0.09967898,0.11094276,0.12930696,0.14236894
2015-08-13,0.30752235,0.09974443,0.10767738,0.12552955,0.13864599
2015-08-14,0.31038319,0.09678424,0.10549521,0.12265501,0.13943442
2015-08-17,0.31131185,0.09837041,0.10425928,0.12089590,0.13075872
2015-08-18,0.31130538,0.09875497,0.10159872,0.11833555,0.12514198
2015-08-19,0.31507670,0.10177517,0.10364292,0.12206306,0.13136751
2015-08-20,0.30669983,0.12548771,0.13028380,0.15554667,0.16663688
2015-08-21,0.28867834,0.16712739,0.17831906,0.21305819,0.22598444
2015-08-24,0.25294689,0.21434900,0.23310569,0.27705291,0.29298033
2015-08-25,0.24878530,0.21855694,0.23212158,0.27233604,0.29122472
2015-08-26,0.21048052,0.25207809,0.26984607,0.31234711,0.34332431
2015-08-27,0.21330407,0.26423747,0.27778098,0.31662831,0.34507874
2015-08-28,0.21333635,0.26424586,0.26932905,0.30185211,0.31609316
2015-08-31,0.22123487,0.26573671,0.26317220,0.29083354,0.27390252
2015-09-01,0.19538480,0.28520319,0.28059327,0.31679560,0.30530496
2015-09-02,0.19145822,0.29193036,0.28102891,0.31258982,0.27242890
2015-09-03,0.20144975,0.29175940,0.27250524,0.29743427,0.25254450
2015-09-04,0.19461053,0.29539873,0.27094640,0.29310369,0.26344337
2015-09-08,0.17685343,0.30745039,0.27979792,0.30153789,0.28610783
2015-09-09,0.17277679,0.30811103,0.27667867,0.29516598,0.26427626
2015-09-10,0.17183014,0.30685226,0.26902974,0.28183244,0.25260508
2015-09-11,0.17118578,0.30722632,0.26141431,0.26900644,0.25254259
2015-09-14,0.17223798,0.30752235,0.25395102,0.25723778,0.24534005
2015-09-15,0.16728255,0.31038319,0.25115628,0.25182273,0.23219610
2015-09-16,0.17230891,0.31131185,0.24582650,0.24308614,0.22788827
2015-09-17,0.17280330,0.31130538,0.23854613,0.23231833,0.22647825
2015-09-18,0.16332499,0.31507670,0.23980278,0.23565052,0.23922694
2015-09-21,0.16263549,0.30669983,0.23317122,0.22560829,0.23739543
2015-09-22,0.15816543,0.28867834,0.23114852,0.22396770,0.23513213
2015-09-23,0.16801551,0.25294689,0.22424863,0.21419532,0.22160754
2015-09-24,0.17186366,0.24878530,0.21781134,0.20549016,0.20538359
2015-09-25,0.17198406,0.21048052,0.21118370,0.19650957,0.19229768
2015-09-28,0.14677957,0.21330407,0.22835217,0.22621033,0.21517273
2015-09-29,0.15227790,0.21333635,0.22144748,0.21596089,0.19818569
2015-09-30,0.13750028,0.22123487,0.22692580,0.22370927,0.21839097
2015-10-01,0.13834242,0.19538480,0.22014630,0.21304250,0.21524674
2015-10-02,0.13559580,0.19145822,0.22047959,0.21341302,0.21705722
2015-10-05,0.12055403,0.20144975,0.22508112,0.21994162,0.20468886
2015-10-06,0.12053873,0.19461053,0.21867144,0.21101588,0.20286446
2015-10-07,0.11737252,0.17685343,0.21428182,0.20467482,0.18924581
2015-10-08,0.11336994,0.17277679,0.21054029,0.19947032,0.18618720
2015-10-09,0.11838812,0.17183014,0.20414584,0.19083957,0.17411013
2015-10-12,0.11842125,0.17118578,0.19798879,0.18275732,0.15788709
2015-10-13,0.11655971,0.17223798,0.19379580,0.17859825,0.16042357
2015-10-14,0.12529979,0.16728255,0.18878907,0.17305587,0.15814908
2015-10-15,0.12089623,0.17230891,0.19180590,0.17884666,0.16769481
2015-10-16,0.13035517,0.17280330,0.18680616,0.17248129,0.16612965
2015-10-19,0.13043446,0.16332499,0.18111834,0.16551249,0.16577410
2015-10-20,0.14168152,0.16263549,0.17568780,0.15925999,0.15999724
2015-10-21,0.14028256,0.15816543,0.17184394,0.15608405,0.16108369
2015-10-22,0.12879972,0.16801551,0.17852275,0.16769252,0.16759615
2015-10-23,0.12314062,0.17186366,0.17826298,0.16823003,0.17244521
2015-10-26,0.12303457,0.17198406,0.17299270,0.16195236,0.17146315
2015-10-27,0.12271603,0.14677957,0.16801718,0.15634856,0.17178283
2015-10-28,0.11576233,0.15227790,0.16920632,0.15929938,0.17096722
2015-10-29,0.11686812,0.13750028,0.16406094,0.15324246,0.15623795
2015-10-30,0.12138210,0.13834242,0.16016405,0.14968022,0.14642780
2015-11-02,0.12053471,0.13559580,0.16192610,0.15300374,0.15635874
2015-11-03,0.13021075,0.12055403,0.15735019,0.14759081,0.15231369
2015-11-04,0.14750340,0.12053873,0.15318050,0.14354216,0.14066906
2015-11-05,0.14943967,0.11737252,0.14857931,0.13867415,0.14042467
2015-11-06,0.15112740,0.11336994,0.14405933,0.13397573,0.13805805
2015-11-09,0.14964787,0.11838812,0.14484900,0.13856578,0.13701122
2015-11-10,0.14975925,0.11842125,0.14055892,0.13386625,0.13564702
2015-11-11,0.16406958,0.11655971,0.13685565,0.13068144,0.13575407
2015-11-12,0.15750197,0.12529979,0.14355170,0.14407972,0.15126087
2015-11-13,0.15691195,0.12089623,0.14591545,0.14971491,0.15866941
2015-11-16,0.15648405,0.13035517,0.15271780,0.15882732,0.16564660
2015-11-17,0.16499002,0.13043446,0.14815709,0.15296978,0.16331665
2015-11-18,0.16735171,0.14168152,0.15658961,0.16407545,0.18054238
2015-11-19,0.16944579,0.14028256,0.15188213,0.15781218,0.16909876
2015-11-20,0.17164785,0.12879972,0.14799582,0.15248622,0.16346882
2015-11-23,0.17684016,0.12314062,0.14356769,0.14702866,0.14822170
2015-11-24,0.17687641,0.12303457,0.13927502,0.14171109,0.14643783
2015-11-25,0.17703712,0.12271603,0.13503308,0.13677117,0.13134246
2015-11-27,0.18077484,0.11576233,0.13093976,0.13213015,0.13118689
2015-11-30,0.18179514,0.11686812,0.12823297,0.13018255,0.12992568
2015-12-01,0.18101977,0.12138210,0.13101007,0.13438553,0.13925001
2015-12-02,0.18481140,0.12053471,0.13409777,0.14095448,0.14769774
2015-12-03,0.17801251,0.13021075,0.14167761,0.15331246,0.16061987
2015-12-04,0.16978291,0.14750340,0.15846122,0.17409949,0.18683316
2015-12-07,0.18745588,0.14943967,0.15603595,0.17076546,0.18542040
2015-12-08,0.18988432,0.15112740,0.15338637,0.16722713,0.18274298
2015-12-09,0.18799064,0.14964787,0.15175098,0.16528451,0.18085819
2015-12-10,0.18974914,0.14975925,0.14738767,0.15892068,0.16973670
2015-12-11,0.19763267,0.16406958,0.16197672,0.17980810,0.17667079
2015-12-14,0.20513071,0.15750197,0.15812209,0.17342307,0.17234460
2015-12-15,0.21554907,0.15691195,0.15871153,0.17277701,0.17527987
2015-12-16,0.20969692,0.15648405,0.16376173,0.17793479,0.18376139
2015-12-17,0.20706796,0.16499002,0.16935584,0.18589820,0.19373215
2015-12-18,0.19831722,0.16735171,0.17842726,0.19818154,0.19548721
2015-12-21,0.20844210,0.16944579,0.17559572,0.19250897,0.19272672
2015-12-22,0.21331799,0.17164785,0.17363438,0.18818956,0.19227083
2015-12-23,0.21457868,0.17684016,0.17505133,0.18840741,0.19211328
2015-12-24,0.21781877,0.17687641,0.16983254,0.18069571,0.18098806
2015-12-28,0.21852392,0.17703712,0.16487700,0.17365924,0.16618609
2015-12-29,0.23149467,0.18077484,0.16505699,0.17300402,0.17111952
2015-12-30,0.23013591,0.18179514,0.16248840,0.16999186,0.17007588
2015-12-31,0.23703475,0.18101977,0.16177280,0.16982497,0.16827514
2016-01-04,0.23157928,0.18481140,0.16791767,0.17969954,0.18213794
2016-01-05,0.23153487,0.17801251,0.16298976,0.17235121,0.17865061
2016-01-06,0.23599272,0.16978291,0.16615383,0.17760018,0.18250140
2016-01-07,0.22633429,0.18745588,0.18614376,0.20574913,0.20918185
2016-01-08,0.22317577,0.18988432,0.18538102,0.20395049,0.20764038
2016-01-11,0.22315717,0.18799064,0.17976417,0.19498260,0.19676034
2016-01-12,0.22563819,0.18974914,0.17688888,0.18958269,0.19953973
2016-01-13,0.21846282,0.19763267,0.19767897,0.21847032,0.22791519
2016-01-14,0.21830325,0.20513071,0.20218259,0.22170702,0.21315288
2016-01-15,0.21246421,0.21554907,0.21362201,0.23647005,0.23209535
2016-01-19,0.21307299,0.20969692,0.20712454,0.22556605,0.22778957
2016-01-20,0.20914052,0.20706796,0.20595772,0.22299818,0.23082579
2016-01-21,0.21421681,0.19831722,0.20069750,0.21397532,0.20519108
2016-01-22,0.20720714,0.20844210,0.20966554,0.22397868,0.21383600
2016-01-25,0.20047239,0.21331799,0.21231643,0.22720794,0.20581710
2016-01-26,0.19836834,0.21457868,0.21297012,0.22587362,0.21430283
2016-01-27,0.19483409,0.21781877,0.21080528,0.22228359,0.21267066
2016-01-28,0.19594243,0.21852392,0.20550459,0.21346952,0.21244075
2016-01-29,0.19465783,0.23149467,0.22077903,0.23273202,0.22949089
2016-02-01,0.19516571,0.23013591,0.21406016,0.22270066,0.21523540
2016-02-02,0.18422811,0.23703475,0.22019412,0.23167564,0.22668612
2016-02-03,0.18377474,0.23157928,0.21436242,0.22198903,0.22030147
2016-02-04,0.18372429,0.23153487,0.20791672,0.21195212,0.21673925
2016-02-05,0.17638646,0.23599272,0.21423591,0.22191978,0.21329420
2016-02-08,0.17023068,0.22633429,0.21497834,0.22313436,0.22015101
2016-02-09,0.17021600,0.22317577,0.20844522,0.21306591,0.19878032
2016-02-10,0.17929501,0.22315717,0.20209647,0.20354908,0.19644472
2016-02-11,0.17414762,0.22563819,0.20176424,0.20397816,0.20538740
2016-02-12,0.16088557,0.21846282,0.20956111,0.21410703,0.21132456
2016-02-16,0.15178307,0.21830325,0.21292846,0.21765836,0.20919972
2016-02-17,0.14265448,0.21246421,0.21600512,0.22074160,0.21922823
2016-02-18,0.14254734,0.21307299,0.21021277,0.21219524,0.21368288
2016-02-19,0.14258815,0.20914052,0.20380887,0.20271829,0.20761493
2016-02-22,0.13367612,0.21421681,0.20532812,0.20438998,0.20326792
2016-02-23,0.12836292,0.20720714,0.20495094,0.20495195,0.19982274
2016-02-24,0.12744905,0.20047239,0.19945255,0.19672755,0.18385499
2016-02-25,0.12132099,0.19836834,0.19829214,0.19482185,0.18793534
2016-02-26,0.12490547,0.19483409,0.19238910,0.18674138,0.18477804
2016-02-29,0.12259534,0.19594243,0.18920380,0.18350294,0.17844772
2016-03-01,0.09166627,0.19465783,0.20509301,0.20647946,0.20535131
2016-03-02,0.09316814,0.19516571,0.19947877,0.19804424,0.19467326
2016-03-03,0.09304751,0.18422811,0.19387810,0.18992617,0.18991588
2016-03-04,0.09886707,0.18377474,0.18840938,0.18225973,0.18618143
2016-03-07,0.10524466,0.18372429,0.18270205,0.17462643,0.18292284
2016-03-08,0.10623094,0.17638646,0.18250807,0.17658940,0.16567954
2016-03-09,0.10522906,0.17023068,0.17802996,0.17059751,0.16081030
2016-03-10,0.10565599,0.17021600,0.17260751,0.16370671,0.15714208
2016-03-11,0.09538918,0.17929501,0.17889814,0.17370722,0.17546007
2016-03-14,0.10137854,0.17414762,0.17351756,0.16683434,0.17317466
2016-03-15,0.10118004,0.16088557,0.16838336,0.16057991,0.16528877
2016-03-16,0.09937187,0.15178307,0.16469171,0.15610402,0.16124747
2016-03-17,0.09932928,0.14265448,0.16170752,0.15276084,0.16047648
2016-03-18,0.09873312,0.14254734,0.15771034,0.14810625,0.14357948
2016-03-21,0.09870936,0.14258815,0.15295382,0.14268745,0.14302591
2016-03-22,0.10029814,0.13367612,0.14833350,0.13779895,0.14288740
2016-03-23,0.09781219,0.12836292,0.14595627,0.13709539,0.14134906
2016-03-24,0.09800501,0.12744905,0.14151750,0.13249907,0.13589084
2016-03-28,0.09820094,0.12132099,0.13722267,0.12814845,0.13443737
2016-03-29,0.09354877,0.12490547,0.13735104,0.12996184,0.13901855
2016-03-30,0.09776123,0.12259534,0.13423226,0.12702618,0.13966296
2016-03-31,0.09907781,0.09166627,0.13038496,0.12369233,0.13634098
2016-04-01,0.10032318,0.09316814,0.12877277,0.12237247,0.13031117
2016-04-04,0.10417357,0.09304751,0.12547357,0.12010437,0.13047859
2016-04-05,0.10015011,0.09886707,0.12794899,0.12737062,0.13473435
2016-04-06,0.09337879,0.10524466,0.13054008,0.13187597,0.14166454
2016-04-07,0.08425130,0.10623094,0.13495566,0.14091051,0.15199286
2016-04-08,0.08373869,0.10522906,0.13129101,0.13629851,0.14707087
2016-04-11,0.09364218,0.10565599,0.12773761,0.13257933,0.14664756
2016-04-12,0.09363205,0.09538918,0.12936738,0.13509413,0.14827750
2016-04-13,0.08700395,0.10137854,0.13130409,0.13786974,0.14537820
2016-04-14,0.09186553,0.10118004,0.12730581,0.13310024,0.13587338
2016-04-15,0.09781691,0.09937187,0.12348695,0.12888067,0.13543970
2016-04-18,0.10065300,0.09932928,0.12237969,0.12785671,0.13816761
2016-04-19,0.10008853,0.09873312,0.11925431,0.12435643,0.13225952
2016-04-20,0.10087740,0.09870936,0.11565923,0.12056859,0.12558371
2016-04-21,0.10140530,0.10029814,0.11394941,0.12026397,0.12809332
2016-04-22,0.10166271,0.09781219,0.11047821,0.11681701,0.12769035
2016-04-25,0.11185547,0.09800501,0.10734452,0.11418574,0.12455038
2016-04-26,0.11423378,0.09820094,0.10432835,0.11134704,0.12422133
2016-04-27,0.11409337,0.09354877,0.10135287,0.10868742,0.12439370
2016-04-28,0.11047569,0.09776123,0.10467275,0.11599361,0.12933430
2016-04-29,0.10912302,0.09907781,0.10338556,0.11601595,0.13034395
2016-05-02,0.10581592,0.10032318,0.10470127,0.11766813,0.13487724
2016-05-03,0.10188805,0.10417357,0.10701806,0.12256112,0.13991311
2016-05-04,0.10028824,0.10015011,0.10630994,0.12287158,0.14174657
2016-05-05,0.10170271,0.09337879,0.10307550,0.11925718,0.13464818
2016-05-06,0.10120677,0.08425130,0.10069254,0.11648625,0.13218048
2016-05-09,0.10181851,0.08373869,0.09766896,0.11330012,0.12583705
2016-05-10,0.09249574,0.09364218,0.10627376,0.12364885,0.13497756
2016-05-11,0.09201828,0.09363205,0.10959977,0.12924420,0.13900542
2016-05-12,0.09624841,0.08700395,0.10626296,0.12513991,0.13649499
2016-05-13,0.09182979,0.09186553,0.10821479,0.12870602,0.14054251
2016-05-16,0.08563255,0.09781691,0.11155652,0.13186723,0.14756023
2016-05-17,0.07985858,0.10065300,0.11423702,0.13608049,0.14523940
2016-05-18,0.08065158,0.10008853,0.11075977,0.13143892,0.13831376
2016-05-19,0.08210766,0.10087740,0.10835211,0.12874460,0.13934148
2016-05-20,0.07998427,0.10140530,0.10761205,0.12720693,0.13801088
2016-05-23,0.07986220,0.10166271,0.10464908,0.12385396,0.13181232
2016-05-24,0.07922781,0.11185547,0.11439522,0.13485783,0.14244715
2016-05-25,0.14749637,0.11423378,0.11415576,0.13369711,0.14439194
2016-05-26,0.16048914,0.11409337,0.11068114,0.12927113,0.14303962
2016-05-27,0.17105633,0.11047569,0.10859084,0.12631058,0.14246799
2016-05-31,0.18075145,0.10912302,0.10535534,0.12260650,0.14077379
2016-06-01,0.18663918,0.10581592,0.10224099,0.11889253,0.12915279
2016-06-02,0.18650519,0.10188805,0.09973127,0.11599868,0.12575776
2016-06-03,0.18774631,0.10028824,0.09735563,0.11406540,0.12513624
2016-06-06,0.18789438,0.10170271,0.09628236,0.11289456,0.12548561
2016-06-07,0.18786563,0.10120677,0.09348359,0.11004619,0.12528035
2016-06-08,0.19471124,0.10181851,0.09154178,0.10813124,0.12603306
2016-06-09,0.19497679,0.09249574,0.08900447,0.10618297,0.12565322
2016-06-10,0.19386038,0.09201828,0.09344050,0.11365929,0.13032660
2016-06-13,0.19179502,0.09624841,0.09597472,0.11811904,0.13230776
2016-06-14,0.19255285,0.09182979,0.09331396,0.11536770,0.13171471
2016-06-15,0.19247398,0.08563255,0.09075445,0.11286339,0.13009415
2016-06-16,0.19234541,0.07985858,0.08882644,0.11061227,0.12915972
2016-06-17,0.19207738,0.08065158,0.08705022,0.10942197,0.12301194
2016-06-20,0.19159627,0.08210766,0.08735104,0.10956738,0.12171915
2016-06-21,0.19177664,0.07998427,0.08534226,0.10739877,0.12154168
2016-06-22,0.19233624,0.07986220,0.08299165,0.10548239,0.12083715
2016-06-23,0.18704945,0.07922781,0.09559873,0.11921036,0.13638078
2016-06-24,0.13758958,0.14749637,0.16977533,0.20992717,0.22100759
2016-06-27,0.12225398,0.16048914,0.17926771,0.21926827,0.22769755
2016-06-28,0.10608420,0.17105633,0.18681484,0.22406146,0.24094964
2016-06-29,0.08867233,0.18075145,0.19266221,0.22709849,0.25246911
2016-06-30,0.07552228,0.18663918,0.19400145,0.22493037,0.25356387
2016-07-01,0.07840210,0.18650519,0.18824364,0.21634648,0.20501100
2016-07-05,0.07548409,0.18774631,0.18445422,0.20943671,0.19412008
2016-07-06,0.07318723,0.18789438,0.18003583,0.20118120,0.18202277
2016-07-07,0.07891709,0.18786563,0.17458414,0.19230159,0.16828770
2016-07-08,0.05905772,0.19471124,0.17920886,0.19645150,0.17550049
2016-07-11,0.05788512,0.19497679,0.17425253,0.18821616,0.17393771
2016-07-12,0.05351627,0.19386038,0.17111336,0.18258021,0.17491779
2016-07-13,0.05595981,0.19179502,0.16590139,0.17477437,0.17207490
2016-07-14,0.05299941,0.19255285,0.16213542,0.16891795,0.17308881
2016-07-15,0.05377654,0.19247398,0.15723765,0.16215936,0.16172705
2016-07-18,0.05644644,0.19234541,0.15272808,0.15592121,0.16150629
2016-07-19,0.05659744,0.19207738,0.14818064,0.15019190,0.15899618
2016-07-20,0.05516618,0.19159627,0.14461880,0.14559343,0.16017959
2016-07-21,0.05395428,0.19177664,0.14091756,0.14170311,0.15911605
2016-07-22,0.05164436,0.19233624,0.13776226,0.13794267,0.16037821
2016-07-25,0.05102555,0.18704945,0.13407934,0.13427934,0.16052730
2016-07-26,0.05416289,0.13758958,0.13000080,0.12978296,0.15791709
2016-07-27,0.05421030,0.12225398,0.12612669,0.12590670,0.13716990
2016-07-28,0.05420154,0.10608420,0.12244350,0.12212610,0.13114361
2016-07-29,0.05685251,0.08867233,0.11888245,0.11864478,0.12473683
2016-08-01,0.05708526,0.07552228,0.11536666,0.11494574,0.11934046
2016-08-02,0.05327171,0.07840210,0.11457191,0.11683027,0.11999940
2016-08-03,0.05215750,0.07548409,0.11174595,0.11428540,0.12026765
2016-08-04,0.05413650,0.07318723,0.10834487,0.11132792,0.11910246
2016-08-05,0.04643780,0.07891709,0.11019948,0.11511144,0.12551183
2016-08-08,0.04633402,0.05905772,0.10690063,0.11230458,0.12455491
2016-08-09,0.04695160,0.05788512,0.10365508,0.10950261,0.11768237
2016-08-10,0.09748176,0.05351627,0.10111455,0.10822772,0.11762001
2016-08-11,0.10854732,0.05595981,0.09973986,0.10759392,0.11883220
2016-08-12,0.12022471,0.05299941,0.09675095,0.10540722,0.11350085
2016-08-15,0.11985318,0.05377654,0.09442835,0.10372450,0.11371054
2016-08-16,0.12335575,0.05644644,0.09401126,0.10579272,0.11667767
2016-08-17,0.12387990,0.05659744,0.09143591,0.10372349,0.11594869
2016-08-18,0.12364587,0.05516618,0.08906115,0.10194730,0.11479742
2016-08-19,0.12354937,0.05395428,0.08652968,0.10052849,0.11455280
2016-08-22,0.12913323,0.05164436,0.08392224,0.09891675,0.11375512
2016-08-23,0.13089483,0.05102555,0.08171813,0.09750541,0.11158575
2016-08-24,0.13114648,0.05416289,0.08182035,0.10004570,0.11400149
2016-08-25,0.13442344,0.05421030,0.07950544,0.09877355,0.11347192
2016-08-26,0.13614271,0.05420154,0.07732786,0.09772907,0.11353091
2016-08-29,0.13617423,0.05685251,0.07766555,0.09871745,0.11622520
2016-08-30,0.13982130,0.05708526,0.07568253,0.09788840,0.11593430
2016-08-31,0.14226009,0.05327171,0.07395760,0.09742020,0.11450006
2016-09-01,0.14270920,0.05215750,0.07170474,0.09472816,0.11291444
2016-09-02,0.14300761,0.05413650,0.07140593,0.09496285,0.11438163
2016-09-06,0.14340641,0.04643780,0.07019189,0.09426312,0.11312800
2016-09-07,0.14341521,0.04633402,0.06805595,0.09298771,0.11129376
2016-09-08,0.14365210,0.04695160,0.06654774,0.09279069,0.11139367
2016-09-09,0.11615648,0.09748176,0.11611678,0.15403038,0.16436059
2016-09-12,0.11325703,0.10854732,0.12603190,0.16273472,0.17259591
2016-09-13,0.10081589,0.12022471,0.13530198,0.17331599,0.18486621
2016-09-14,0.10136725,0.11985318,0.13120005,0.16586078,0.18296935
2016-09-15,0.09519308,0.12335575,0.13308040,0.16536672,0.18910936
2016-09-16,0.09487573,0.12387990,0.12986048,0.15979046,0.16023763
2016-09-19,0.09723177,0.12364587,0.12590443,0.15320574,0.14893203
2016-09-20,0.09752166,0.12354937,0.12207441,0.14706855,0.13619563
2016-09-21,0.09010251,0.12913323,0.12566074,0.14993883,0.14605098
2016-09-22,0.08726315,0.13089483,0.12440995,0.14684921,0.14253767
2016-09-23,0.08652805,0.13114648,0.12267699,0.14451789,0.14395211
2016-09-26,0.08226895,0.13442344,0.12357755,0.14608709,0.14920228
2016-09-27,0.07943208,0.13614271,0.12238871,0.14329570,0.15164521
2016-09-28,0.07798689,0.13617423,0.12042504,0.13974885,0.14700251
2016-09-29,0.07173415,0.13982130,0.12230359,0.14307614,0.15100917
2016-09-30,0.06625806,0.14226009,0.12252768,0.14223354,0.15319727
2016-10-03,0.06941646,0.14270920,0.11947189,0.13883659,0.14932366
2016-10-04,0.07097060,0.14300761,0.11743202,0.13655028,0.14893546
2016-10-05,0.07107796,0.14340641,0.11506871,0.13293562,0.14836243
2016-10-06,0.07129280,0.14341521,0.11157896,0.12838699,0.14318172
2016-10-07,0.10369560,0.14365210,0.10891943,0.12560954,0.14047401
2016-10-10,0.10329310,0.11615648,0.10710241,0.12318290,0.14144285
2016-10-11,0.10120940,0.11325703,0.11469293,0.13543042,0.14336529
2016-10-12,0.10135660,0.10081589,0.11128817,0.13071342,0.13733545
2016-10-13,0.10090104,0.10136725,0.10857089,0.12761946,0.13454012
2016-10-14,0.10089942,0.09519308,0.10526630,0.12350446,0.13378464
2016-10-17,0.10361545,0.09487573,0.10274292,0.12101342,0.13164996
2016-10-18,0.10155606,0.09723177,0.10243554,0.12047366,0.12488554
2016-10-19,0.10255390,0.09752166,0.09967921,0.11717804,0.12478037
2016-10-20,0.10277687,0.09010251,0.09679073,0.11430872,0.12427273
2016-10-21,0.10595338,0.08726315,0.09384266,0.11132581,0.12214498
2016-10-24,0.10494196,0.08652805,0.09283085,0.11040037,0.12295464
2016-10-25,0.10414851,0.08226895,0.09121083,0.10982047,0.12097478
2016-10-26,0.10485062,0.07943208,0.08869121,0.10778129,0.11940259
2016-10-27,0.10592146,0.07798689,0.08677237,0.10675894,0.11936396
2016-10-28,0.10547238,0.07173415,0.08499539,0.10594006,0.11969458
2016-10-31,0.10587236,0.06625806,0.08240746,0.10369933,0.11639620
2016-11-01,0.10392916,0.06941646,0.08417090,0.10726674,0.11861014
2016-11-02,0.10143382,0.07097060,0.08548523,0.11041085,0.12183000
2016-11-03,0.10226082,0.07107796,0.08465471,0.11040089,0.12214847
2016-11-04,0.10277667,0.07129280,0.08233151,0.10820236,0.12118871
2016-11-07,0.08256937,0.10369560,0.11694735,0.14852331,0.16165872
2016-11-08,0.08187455,0.10329310,0.11432584,0.14357444,0.15540192
2016-11-09,0.07528573,0.10120940,0.11883206,0.14723191,0.16185576
2016-11-10,0.07508601,0.10135660,0.11546091,0.14169377,0.15778728
2016-11-11,0.07825798,0.10090104,0.11207559,0.13675595,0.15773567
2016-11-14,0.08319423,0.10089942,0.10866224,0.13189555,0.13047938
2016-11-15,0.08021829,0.10361545,0.10926526,0.13170407,0.13458386
2016-11-16,0.08026036,0.10155606,0.10611540,0.12763040,0.12647233
2016-11-17,0.07891291,0.10255390,0.10446990,0.12503589,0.12757813
2016-11-18,0.07947908,0.10277687,0.10171266,0.12191971,0.12763318
2016-11-21,0.07567329,0.10595338,0.10276316,0.12282511,0.13256731
2016-11-22,0.07557794,0.10494196,0.09998698,0.11927076,0.12889179
2016-11-23,0.07565034,0.10414851,0.09699184,0.11576460,0.12835299
2016-11-25,0.07483548,0.10485062,0.09525620,0.11370858,0.12813633
2016-11-28,0.07818128,0.10592146,0.09459909,0.11429058,0.13008978
2016-11-29,0.07805112,0.10547238,0.09186388,0.11125805,0.12627614
2016-11-30,0.07916120,0.10587236,0.08966253,0.10957303,0.12644839
2016-12-01,0.08351437,0.10392916,0.08800303,0.10876290,0.12731229
2016-12-02,0.08581058,0.10143382,0.08533607,0.10616162,0.12538819
2016-12-05,0.08346432,0.10226082,0.08575968,0.10683807,0.12603015
2016-12-06,0.08351685,0.10277667,0.08419472,0.10529473,0.12624217
2016-12-07,0.07123556,0.08256937,0.09617280,0.11957260,0.14082285
2016-12-08,0.07084259,0.08187455,0.09361946,0.11630053,0.13067288
2016-12-09,0.06851077,0.07528573,0.09364231,0.11598529,0.13351997
2016-12-12,0.06880046,0.07508601,0.09089738,0.11307565,0.12910841
2016-12-13,0.06530393,0.07825798,0.09170088,0.11381027,0.13216925
2016-12-14,0.05977845,0.08319423,0.09438692,0.11865627,0.12703158
2016-12-15,0.05857024,0.08021829,0.09274414,0.11631243,0.12731264
2016-12-16,0.05958628,0.08026036,0.09017653,0.11363551,0.12418796
2016-12-19,0.06032682,0.07891291,0.08776540,0.11081396,0.12439193
2016-12-20,0.05973440,0.07947908,0.08625506,0.10903689,0.12243808
2016-12-21,0.06331910,0.07567329,0.08417285,0.10743908,0.11829639
2016-12-22,0.06880728,0.07557794,0.08193008,0.10562847,0.11649639
2016-12-23,0.06871796,0.07565034,0.07958295,0.10334936,0.11630708
2016-12-27,0.06834215,0.07483548,0.07765116,0.10154455,0.11651711
2016-12-28,0.06528099,0.07818128,0.08205282,0.10875556,0.12227241
2016-12-29,0.06534590,0.07805112,0.07956134,0.10623813,0.12045917
2016-12-30,0.06333977,0.07916120,0.07922647,0.10693878,0.12230514
2017-01-03,0.05620357,0.08351437,0.08354655,0.11097158,0.12829418
2017-01-04,0.05828289,0.08581058,0.08398512,0.11095650,0.12988548
2017-01-05,0.05868197,0.08346432,0.08148177,0.10834511,0.12507146
2017-01-06,0.05741326,0.08351685,0.08017035,0.10669284,0.12563262
2017-01-09,0.05612841,0.07123556,0.07894761,0.10618105,0.12507698
2017-01-10,0.05954182,0.07084259,0.07654255,0.10382035,0.11703321
2017-01-11,0.06001229,0.06851077,0.07501972,0.10220031,0.11549681
2017-01-12,0.06224674,0.06880046,0.07321192,0.10103925,0.11515030
2017-01-13,0.06344765,0.06530393,0.07134444,0.09928336,0.11454768
2017-01-17,0.06494004,0.05977845,0.07012968,0.09903560,0.11370346
2017-01-18,0.06472181,0.05857024,0.06833765,0.09744249,0.11261264
2017-01-19,0.06376343,0.05958628,0.06773120,0.09799765,0.11307849
2017-01-20,0.06607997,0.06032682,0.06695538,0.09726480,0.11368978
2017-01-23,0.06552523,0.05973440,0.06575528,0.09700224,0.11397154
2017-01-24,0.06149723,0.06331910,0.06864152,0.09970001,0.11739421
2017-01-25,0.05515227,0.06880728,0.07345203,0.10425453,0.12282267
2017-01-26,0.05520599,0.06871796,0.07127182,0.10223000,0.12111972
2017-01-27,0.05584502,0.06834215,0.06918275,0.10043451,0.12040223
2017-01-30,0.06997188,0.06528099,0.07105231,0.10367143,0.12335610
2017-01-31,0.07280823,0.06534590,0.06897470,0.10175084,0.11882231
2017-02-01,0.07282181,0.06333977,0.06688351,0.09858743,0.11411198
2017-02-02,0.07367783,0.05620357,0.06488386,0.09673219,0.11368805
2017-02-03,0.07001302,0.05828289,0.06891694,0.10038764,0.11764390
2017-02-06,0.07007687,0.05868197,0.06732291,0.09925406,0.11423830
2017-02-07,0.07012718,0.05741326,0.06527794,0.09735513,0.11411411
2017-02-08,0.07099190,0.05612841,0.06334666,0.09561342,0.11391873
2017-02-09,0.06816622,0.05954182,0.06534154,0.09729734,0.11702844
2017-02-10,0.06805919,0.06001229,0.06484550,0.09663971,0.11421760
2017-02-13,0.07168120,0.06224674,0.06607992,0.09760219,0.11639384
2017-02-14,0.07055540,0.06344765,0.06592724,0.09725454,0.11755638
2017-02-15,0.06856551,0.06494004,0.06678759,0.09787076,0.11972730
2017-02-16,0.06885372,0.06472181,0.06484017,0.09634434,0.11706147
2017-02-17,0.08110340,0.06376343,0.06320223,0.09483983,0.11640135
2017-02-21,0.07863989,0.06607997,0.06560945,0.09699932,0.11791091
2017-02-22,0.07863630,0.06552523,0.06374991,0.09564003,0.11622298
2017-02-23,0.07867729,0.06149723,0.06182929,0.09405972,0.11434785
2017-02-24,0.07858678,0.05515227,0.06022590,0.09272511,0.11369632
2017-02-27,0.08240097,0.05520599,0.05852506,0.09143764,0.11232606
2017-02-28,0.08200035,0.05584502,0.05762334,0.09156843,0.11037202
2017-03-01,0.06792453,0.06997188,0.07687715,0.10960929,0.12828588
2017-03-02,0.06527187,0.07280823,0.07795988,0.11133608,0.12857602
2017-03-03,0.06549644,0.07282181,0.07561028,0.10831337,0.12802083
2017-03-06,0.06453085,0.07367783,0.07440986,0.10724666,0.12894625
2017-03-07,0.06460967,0.07001302,0.07302963,0.10598101,0.12917424
2017-03-08,0.06446894,0.07007687,0.07136105,0.10437587,0.11649303
2017-03-09,0.06447317,0.07012718,0.06925692,0.10194115,0.11397897
2017-03-10,0.06351904,0.07099190,0.06833556,0.10053891,0.11505473
2017-03-13,0.06370057,0.06816622,0.06626912,0.09844336,0.11415289
2017-03-14,0.06395758,0.06805919,0.06558447,0.09848633,0.11410326
2017-03-15,0.06178212,0.07168120,0.07137852,0.10362517,0.12038942
2017-03-16,0.06832199,0.07055540,0.06949299,0.10184634,0.11918851
2017-03-17,0.06891000,0.06856551,0.06756976,0.10007621,0.11830414
2017-03-20,0.06881442,0.06885372,0.06597677,0.09885353,0.11821533
2017-03-21,0.05953946,0.08110340,0.08030452,0.11607701,0.13218630
2017-03-22,0.06010860,0.07863989,0.07820351,0.11283430,0.12621117
2017-03-23,0.07067171,0.07863630,0.07593324,0.10999480,0.12546484
2017-03-24,0.07367765,0.07867729,0.07369318,0.10732125,0.12538605
2017-03-27,0.07361210,0.07858678,0.07155822,0.10493934,0.12521144
2017-03-28,0.06925277,0.08240097,0.07485108,0.10738225,0.11993319
2017-03-29,0.06946821,0.08200035,0.07269329,0.10471161,0.11910069
2017-03-30,0.06898336,0.06792453,0.07139420,0.10285948,0.11973933
2017-03-31,0.06866214,0.06527187,0.06977368,0.10153034,0.11664419
2017-04-03,0.06856747,0.06549644,0.06794927,0.09884982,0.11588118
2017-04-04,0.06856973,0.06453085,0.06591516,0.09678679,0.11217126
2017-04-05,0.06920455,0.06460967,0.06500503,0.09655895,0.11285820
2017-04-06,0.06888176,0.06446894,0.06346888,0.09491102,0.11233521
2017-04-07,0.06891377,0.06447317,0.06161942,0.09345361,0.11188497
2017-04-10,0.06898375,0.06351904,0.05980202,0.09186686,0.11171760
2017-04-11,0.06921203,0.06370057,0.05824806,0.09096580,0.11169650
2017-04-12,0.06816367,0.06395758,0.05834233,0.09208726,0.11249235
2017-04-13,0.06601260,0.06178212,0.06250269,0.09756448,0.11665732
2017-04-17,0.05899712,0.06832199,0.06916903,0.10313341,0.12202061
2017-04-18,0.08612714,0.06891000,0.06800824,0.10214154,0.12181258
2017-04-19,0.08686188,0.06881442,0.06627391,0.10043410,0.12182264
2017-04-20,0.08608528,0.05953946,0.07060986,0.10381471,0.12621250
2017-04-21,0.08727933,0.06010860,0.06947166,0.10286548,0.12052286
2017-04-24,0.07914032,0.07067171,0.07933707,0.11193264,0.12669273
2017-04-25,0.07677820,0.07367765,0.08046247,0.11196911,0.12813226
2017-04-26,0.07828016,0.07361210,0.07803413,0.10894919,0.12750025
2017-04-27,0.07826413,0.06925277,0.07568742,0.10604227,0.12386280
2017-04-28,0.07809419,0.06946821,0.07375851,0.10409583,0.12267088
2017-05-01,0.07788000,0.06898336,0.07182752,0.10133139,0.11475078
2017-05-02,0.08204290,0.06866214,0.06979250,0.09905239,0.11206178
2017-05-03,0.08292150,0.06856747,0.06784692,0.09735391,0.11209578
2017-05-04,0.08300437,0.06856973,0.06581894,0.09537420,0.11203355
2017-05-05,0.08235817,0.06920455,0.06575669,0.09507327,0.11351233
2017-05-08,0.08253677,0.06888176,0.06375364,0.09333339,0.11288375
2017-05-09,0.08246544,0.06891377,0.06194001,0.09204814,0.11282050
2017-05-10,0.08242269,0.06898375,0.06021359,0.09057276,0.11281077
2017-05-11,0.08215079,0.06921203,0.05898319,0.09020332,0.11325179
2017-05-12,0.08346035,0.06816367,0.05747498,0.08943428,0.11218252
2017-05-15,0.08188445,0.06601260,0.05872389,0.09044141,0.11425552
2017-05-16,0.08221753,0.05899712,0.05699758,0.08929699,0.11300521
2017-05-17,0.05217292,0.08612714,0.09023597,0.12729887,0.14287359
2017-05-18,0.05821245,0.08686188,0.08864956,0.12384878,0.13985380
2017-05-19,0.05817700,0.08608528,0.08986125,0.12340074,0.14334535
2017-05-22,0.05541441,0.08727933,0.08939280,0.12135460,0.14288324
2017-05-23,0.05507079,0.07914032,0.08696313,0.11759704,0.14270105
2017-05-24,0.05466095,0.07677820,0.08486624,0.11433796,0.12060553
2017-05-25,0.05247182,0.07828016,0.08406636,0.11250841,0.12087450
2017-05-26,0.05950245,0.07826413,0.08151430,0.10928968,0.11753542
2017-05-30,0.06667801,0.07809419,0.07916991,0.10667978,0.11584136
2017-05-31,0.07306596,0.07788000,0.07677892,0.10404663,0.11553766
2017-06-01,0.06844058,0.08204290,0.08000931,0.10639282,0.12055535
2017-06-02,0.06770293,0.08292150,0.07889545,0.10467632,0.11981431
2017-06-05,0.06775825,0.08300437,0.07663855,0.10240623,0.11974459
2017-06-06,0.07457544,0.08235817,0.07508767,0.10128093,0.12038683
2017-06-07,0.07759445,0.08253677,0.07305475,0.09900963,0.12020723
2017-06-08,0.07765540,0.08246544,0.07083683,0.09683263,0.11629324
2017-06-09,0.07764950,0.08242269,0.06875470,0.09508175,0.11538724
2017-06-12,0.08157054,0.08215079,0.06676882,0.09354138,0.11534801
2017-06-13,0.08032867,0.08346035,0.06705935,0.09373058,0.11677897
2017-06-14,0.08186369,0.08188445,0.06513177,0.09231802,0.11639401
2017-06-15,0.08149461,0.08221753,0.06374659,0.09174816,0.11645684
2017-06-16,0.08151499,0.05217292,0.06181445,0.09019301,0.11634004
2017-06-19,0.07848590,0.05821245,0.06809216,0.09629072,0.11692359
2017-06-20,0.07495702,0.05817700,0.07099982,0.10080133,0.11890156
2017-06-21,0.07494066,0.05541441,0.06887417,0.09863163,0.11741320
2017-06-22,0.07501468,0.05507079,0.06679951,0.09661063,0.11658164
2017-06-23,0.07550000,0.05466095,0.06504788,0.09473237,0.11675688
2017-06-26,0.07549842,0.05247182,0.06307821,0.09291440,0.11172548
2017-06-27,0.07016388,0.05950245,0.06880059,0.10055457,0.11500268
2017-06-28,0.06341713,0.06667801,0.07491529,0.10589434,0.12181283
2017-06-29,0.05597215,0.07306596,0.08002210,0.11246585,0.12789530
2017-06-30,0.05636060,0.06844058,0.07781269,0.10928930,0.12703233
2017-07-03,0.05581663,0.06770293,0.07597420,0.10610178,0.12626215
2017-07-05,0.05610289,0.06775825,0.07387586,0.10335762,0.12187266
2017-07-06,0.04611969,0.07457544,0.08043557,0.11187121,0.12530284
2017-07-07,0.04087375,0.07759445,0.08183925,0.11215922,0.12307963
2017-07-10,0.04159888,0.07765540,0.07942799,0.10887482,0.12244034
2017-07-11,0.04152948,0.07764950,0.07706845,0.10604635,0.12213543
2017-07-12,0.06033138,0.08157054,0.07990182,0.10818746,0.12702808
2017-07-13,0.06014388,0.08032867,0.07780923,0.10537771,0.12089669
2017-07-14,0.06748987,0.08186369,0.07758690,0.10448144,0.11988765
2017-07-17,0.06751175,0.08149461,0.07522358,0.10183417,0.11952494
2017-07-18,0.06765882,0.08151499,0.07296898,0.09934935,0.11942577
2017-07-19,0.08448405,0.07848590,0.07375034,0.09977077,0.11868653
2017-07-20,0.08472172,0.07495702,0.07150611,0.09752385,0.11676372
2017-07-21,0.08480771,0.07494066,0.06934251,0.09551015,0.11439247
2017-07-24,0.09139421,0.07501468,0.06735731,0.09389909,0.11450134
2017-07-25,0.09162033,0.07550000,0.06628431,0.09275678,0.11533690
2017-07-26,0.09189709,0.07549842,0.06427442,0.09104417,0.11314961
2017-07-27,0.09201758,0.07016388,0.06243114,0.08979464,0.11324419
2017-07-28,0.09191555,0.06341713,0.06075377,0.08883200,0.11211999
2017-07-31,0.09192725,0.05597215,0.05897102,0.08768989,0.11053934
2017-08-01,0.09291522,0.05636060,0.05796031,0.08512663,0.10882783
2017-08-02,0.09497814,0.05581663,0.05622723,0.08387542,0.10871377
2017-08-03,0.09492404,0.05610289,0.05517306,0.08385534,0.10905272
2017-08-04,0.09827109,0.04611969,0.05399333,0.08295037,0.10919504
2017-08-07,0.09870057,0.04087375,0.05273822,0.08204883,0.10758928
2017-08-08,0.09834664,0.04159888,0.05198842,0.08241304,0.10690395
2017-08-09,0.09847393,0.04152948,0.05042448,0.08154445,0.10679619
2017-08-10,0.09241685,0.06033138,0.07486202,0.10955983,0.12795984
2017-08-11,0.09304146,0.06014388,0.07275048,0.10636545,0.12429455
2017-08-14,0.08640086,0.06748987,0.08053046,0.11306290,0.13325384
2017-08-15,0.08646778,0.06751175,0.07810128,0.10969210,0.13136422
2017-08-16,0.08656431,0.06765882,0.07592279,0.10651146,0.13153498
2017-08-17,0.06792944,0.08448405,0.09527813,0.13018169,0.14002034
2017-08-18,0.06773984,0.08472172,0.09265135,0.12602564,0.13699856
2017-08-21,0.06765582,0.08480771,0.08994238,0.12161888,0.13105620
2017-08-22,0.05928603,0.09139421,0.09530834,0.12592981,0.13960873
2017-08-23,0.05810544,0.09162033,0.09337893,0.12311635,0.13938620
2017-08-24,0.05817109,0.09189709,0.09089361,0.11960743,0.12467399
2017-08-25,0.05788275,0.09201758,0.08836398,0.11574133,0.12466534
2017-08-28,0.05955681,0.09191555,0.08569298,0.11204110,0.12454816
2017-08-29,0.05963127,0.09192725,0.08314698,0.10861765,0.11806333
2017-08-30,0.05886929,0.09291522,0.08257836,0.10723256,0.11935007
2017-08-31,0.05704799,0.09497814,0.08307881,0.10709300,0.12187781
2017-09-01,0.05712449,0.09492404,0.08091523,0.10440834,0.12144076
2017-09-05,0.05091619,0.09827109,0.08380367,0.10914706,0.12678770
2017-09-06,0.05344008,0.09870057,0.08215363,0.10666391,0.12687898
2017-09-07,0.05356592,0.09834664,0.07965392,0.10373201,0.12535359
2017-09-08,0.05368249,0.09847393,0.07744435,0.10147166,0.12334603
2017-09-11,0.03939073,0.09241685,0.08599511,0.11061836,0.13380680
2017-09-12,0.03814778,0.09304146,0.08439180,0.10815211,0.12622990
2017-09-13,0.03850427,0.08640086,0.08187379,0.10503879,0.12548726
2017-09-14,0.03843525,0.08646778,0.07949502,0.10249999,0.12381710
2017-09-15,0.03838120,0.08656431,0.07740663,0.09999956,0.12397889
2017-09-18,0.03812009,0.06792944,0.07526143,0.09760084,0.11628727
2017-09-19,0.03801283,0.06773984,0.07309611,0.09533765,0.11085922
2017-09-20,0.03796631,0.06765582,0.07091219,0.09322685,0.11077549
2017-09-21,0.04052596,0.05928603,0.06976770,0.09301841,0.11164860
2017-09-22,0.04274861,0.05810544,0.06768915,0.09109896,0.10934837
2017-09-25,0.04241960,0.05817109,0.06619466,0.09040275,0.10948063
2017-09-26,0.04540386,0.05788275,0.06417872,0.08874150,0.10923134
2017-09-27,0.04337538,0.05955681,0.06421118,0.08880893,0.11093871
2017-09-28,0.05137946,0.05963127,0.06243080,0.08729343,0.11017207
2017-09-29,0.05097467,0.05886929,0.06221372,0.08717278,0.11157187
2017-10-02,0.04929210,0.05704799,0.06216396,0.08584619,0.11194841
2017-10-03,0.04903340,0.05712449,0.06085074,0.08471513,0.11158488
2017-10-04,0.04884750,0.05091619,0.05919557,0.08340168,0.11039654
2017-10-05,0.04604715,0.05344008,0.06142703,0.08575338,0.11250464
2017-10-06,0.04610707,0.05356592,0.05970201,0.08470147,0.11099669
2017-10-09,0.04568532,0.05368249,0.05830772,0.08417782,0.11023788
2017-10-10,0.04524985,0.03939073,0.05724653,0.08327434,0.11038531
2017-10-11,0.04668030,0.03814778,0.05594306,0.08223576,0.10818538
2017-10-12,0.04641690,0.03850427,0.05463460,0.08187036,0.10582585
2017-10-13,0.04644225,0.03843525,0.05308005,0.08076087,0.10576968
2017-10-16,0.04673677,0.03838120,0.05191056,0.07993412,0.10582715
2017-10-17,0.05047111,0.03812009,0.05039701,0.07898969,0.10534891
2017-10-18,0.05779508,0.03801283,0.04894684,0.07813361,0.10511035
2017-10-19,0.05849741,0.03796631,0.04747285,0.07736735,0.10486890
2017-10-20,0.05593626,0.04052596,0.05012293,0.07975972,0.10771121
2017-10-23,0.05872685,0.04274861,0.05100122,0.08199978,0.10865115
2017-10-24,0.05851702,0.04241960,0.04984548,0.08101710,0.10866443
2017-10-25,0.05668084,0.04540386,0.05163145,0.08408847,0.11085034
2017-10-26,0.05652549,0.04337538,0.05030160,0.08283462,0.11070401
2017-10-27,0.05976514,0.05137946,0.05793069,0.08939351,0.11528833
2017-10-30,0.05874364,0.05097467,0.05752566,0.08960397,0.11431400
2017-10-31,0.06510511,0.04929210,0.05589386,0.08783136,0.11381405
2017-11-01,0.06525022,0.04903340,0.05454303,0.08426018,0.11188929
2017-11-02,0.06534873,0.04884750,0.05288658,0.08271681,0.11164831
2017-11-03,0.06575815,0.04604715,0.05266643,0.08218605,0.10789127
2017-11-06,0.06561191,0.04610707,0.05130040,0.08085247,0.10650151
2017-11-07,0.06638807,0.04568532,0.04974302,0.07967358,0.10638982
2017-11-08,0.06887846,0.04524985,0.04855279,0.07859812,0.10636137
2017-11-09,0.06853041,0.04668030,0.04930227,0.08051174,0.10779267
2017-11-10,0.06866938,0.04641690,0.04792771,0.07961880,0.10688580
2017-11-13,0.06860445,0.04644225,0.04662463,0.07846427,0.10680004
2017-11-14,0.06958510,0.04673677,0.04608976,0.07874838,0.10736040
2017-11-15,0.07369883,0.05047111,0.04960881,0.08344007,0.11041634
2017-11-16,0.07053542,0.05779508,0.05762639,0.09002873,0.11595936
2017-11-17,0.07083715,0.05849741,0.05679868,0.08944982,0.11569345
2017-11-20,0.07075754,0.05593626,0.05529104,0.08751062,0.11569642
2017-11-21,0.06740734,0.05872685,0.05929923,0.09049958,0.11911583
2017-11-22,0.06737589,0.05851702,0.05756676,0.08868052,0.11619406
2017-11-24,0.06709949,0.05668084,0.05638160,0.08703159,0.11185220
2017-11-27,0.06714216,0.05652549,0.05468442,0.08537721,0.11087067
2017-11-28,0.05827350,0.05976514,0.06529307,0.09523528,0.12058560
2017-11-29,0.06097724,0.05874364,0.06332027,0.09291295,0.11518033
2017-11-30,0.06115718,0.06510511,0.06910187,0.09800613,0.12162642
2017-12-01,0.06464619,0.06525022,0.06745860,0.09568019,0.12064400
2017-12-04,0.06602884,0.06534873,0.06553151,0.09351721,0.12064288
2017-12-05,0.06914420,0.06575815,0.06518383,0.09368395,0.11546456
2017-12-06,0.06938206,0.06561191,0.06319963,0.09137603,0.11507966
2017-12-07,0.06878468,0.06638807,0.06232314,0.08989297,0.11119434
2017-12-08,0.06621445,0.06887846,0.06408620,0.09103612,0.11396168
2017-12-11,0.06965079,0.06853041,0.06336515,0.08976039,0.11448919
2017-12-12,0.07324962,0.06866938,0.06172886,0.08780060,0.11332431
2017-12-13,0.07424562,0.06860445,0.05987662,0.08605315,0.11329765
2017-12-14,0.07979051,0.06958510,0.06018046,0.08743415,0.11440397
2017-12-15,0.07375680,0.07369883,0.06790651,0.09488886,0.12009081
2017-12-18,0.07298319,0.07053542,0.06904450,0.09531383,0.12061482
2017-12-19,0.07730160,0.07083715,0.06811312,0.09475701,0.11988113
2017-12-20,0.07761390,0.07075754,0.06611660,0.09257445,0.11966775
2017-12-21,0.07733344,0.06740734,0.06456484,0.09052510,0.11889294
2017-12-22,0.07734531,0.06737589,0.06262329,0.08855215,0.11246691
2017-12-26,0.08735958,0.06709949,0.06085501,0.08697383,0.11049830
2017-12-27,0.09039753,0.06714216,0.05908116,0.08512298,0.10969600
2017-12-28,0.09783929,0.05827350,0.05772272,0.08363013,0.10999679
2017-12-29,0.09618386,0.06097724,0.05950053,0.08696478,0.11063447
2018-01-02,0.09184687,0.06115718,0.06604365,0.09235968,0.11718089
2018-01-03,0.11602590,0.06464619,0.06866736,0.09436938,0.11903112
2018-01-04,0.18514214,0.06602884,0.06838644,0.09338169,0.11998260
2018-01-05,0.19306900,0.06914420,0.07168626,0.09624157,0.12431178
2018-01-08,0.19376334,0.06938206,0.06980185,0.09374706,0.12192168
2018-01-09,0.23471035,0.06878468,0.06786454,0.09136120,0.11743552
2018-01-10,0.24023257,0.06621445,0.06593925,0.08951369,0.11453986
2018-01-11,0.24374912,0.06965079,0.06949746,0.09287189,0.11784660
2018-01-12,0.24280101,0.07324962,0.07227937,0.09534856,0.11818952
2018-01-16,0.24683945,0.07424562,0.07140962,0.09503279,0.11860420
2018-01-17,0.24819956,0.07979051,0.07823776,0.10203246,0.12683328
2018-01-18,0.24813966,0.07375680,0.07611470,0.09960298,0.12560877
2018-01-19,0.24850634,0.07298319,0.07573197,0.09846866,0.12278112
2018-01-22,0.24767989,0.07730160,0.07979488,0.10239594,0.12526153
2018-01-23,0.24758853,0.07761390,0.07782365,0.09960662,0.12389790
2018-01-24,0.25363463,0.07733344,0.07548426,0.09690926,0.11798581
2018-01-25,0.25683770,0.07734531,0.07322218,0.09422930,0.11776451
2018-01-26,0.25742035,0.08735958,0.08446892,0.10692979,0.12981107
2018-01-29,0.25925215,0.09039753,0.08600448,0.10976223,0.12825561
2018-01-30,0.26063344,0.09783929,0.09364163,0.12059061,0.13813445
2018-01-31,0.26121642,0.09618386,0.09080882,0.11627151,0.13670260
2018-02-01,0.26395737,0.09184687,0.08807850,0.11265159,0.13612634
2018-02-02,0.25346096,0.11602590,0.11933342,0.15392896,0.16404323
2018-02-05,0.20793194,0.18514214,0.19964495,0.25606974,0.25722772
2018-02-06,0.19971502,0.19306900,0.20490719,0.25725841,0.25637979
2018-02-07,0.20771779,0.19376334,0.19961933,0.24656564,0.25526746
2018-02-08,0.16000350,0.23471035,0.24410855,0.30314407,0.31601344
2018-02-09,0.15314233,0.24023257,0.24359191,0.29671442,0.30500928
2018-02-12,0.14682170,0.24374912,0.24220661,0.28965367,0.26185529
2018-02-13,0.14656821,0.24280101,0.23504715,0.27578879,0.25114800
2018-02-14,0.13924809,0.24683945,0.23369278,0.26980947,0.25818619
2018-02-15,0.14184106,0.24819956,0.23132600,0.26285622,0.21401899
2018-02-16,0.14192788,0.24813966,0.22428358,0.25027736,0.20349139
2018-02-20,0.14061485,0.24850634,0.21864100,0.24052898,0.19780235
2018-02-21,0.16492952,0.24767989,0.21306097,0.23117093,0.19885752
2018-02-22,0.18049510,0.24758853,0.20660493,0.22033305,0.19057341
2018-02-23,0.19534575,0.25363463,0.20963674,0.22311340,0.19994812
2018-02-26,0.20041220,0.25683770,0.20827001,0.21955249,0.20597361
2018-02-27,0.19571648,0.25742035,0.20795805,0.21957248,0.21289763
2018-02-28,0.19762415,0.25925215,0.20623808,0.21730437,0.21601135
2018-03-01,0.20741301,0.26063344,0.20664633,0.21978830,0.22463471
2018-03-02,0.21118444,0.26121642,0.20131440,0.21049503,0.21419193
2018-03-05,0.21152158,0.26395737,0.19978971,0.20716046,0.21551939
2018-03-06,0.21264846,0.25346096,0.19397418,0.19768508,0.20877350
2018-03-07,0.22607854,0.20793194,0.18807437,0.18860075,0.19879165
2018-03-08,0.22584660,0.19971502,0.18316519,0.18097790,0.17120648
2018-03-09,0.22527001,0.20771779,0.18980253,0.19180815,0.18591820
2018-03-12,0.22604307,0.16000350,0.18408713,0.18324070,0.17778202
2018-03-13,0.22675234,0.15314233,0.18019709,0.17846082,0.16113242
2018-03-14,0.22610042,0.14682170,0.17612799,0.17343317,0.16012237
2018-03-15,0.22780866,0.14656821,0.17078951,0.16586961,0.15614585
2018-03-16,0.23067647,0.13924809,0.16571878,0.15869992,0.14006491
2018-03-19,0.22530861,0.14184106,0.17002780,0.16944420,0.15382325
2018-03-20,0.22612692,0.14192788,0.16494858,0.16202100,0.14754075
2018-03-21,0.22797916,0.14061485,0.16008454,0.15550787,0.14597522
2018-03-22,0.21019225,0.16492952,0.18414550,0.19848245,0.19124655
2018-03-23,0.20241113,0.18049510,0.19663161,0.21874798,0.21215876
2018-03-26,0.17998610,0.19534575,0.21725543,0.24625884,0.23946619
2018-03-27,0.17333044,0.20041220,0.22126913,0.25125906,0.24725221
2018-03-28,0.17307781,0.19571648,0.21482883,0.23967366,0.24436403
2018-03-29,0.16888653,0.19762415,0.21496555,0.23726521,0.23001170
2018-04-02,0.14992120,0.20741301,0.22617228,0.25486455,0.23752037
2018-04-03,0.14566460,0.21118444,0.22463477,0.24965376,0.21497062
2018-04-04,0.14032902,0.21152158,0.22233485,0.24365959,0.20944550
2018-04-05,0.14517396,0.21264846,0.21719599,0.23387576,0.20946498
2018-04-06,0.12378822,0.22607854,0.22753305,0.25053670,0.22876050
2018-04-09,0.12325268,0.22584660,0.22098140,0.23865178,0.20701448
2018-04-10,0.11403154,0.22527001,0.22374887,0.24086968,0.21617446
2018-04-11,0.11695606,0.22604307,0.21799981,0.23126895,0.20768523
2018-04-12,0.11359332,0.22675234,0.21376001,0.22338667,0.20946942
2018-04-13,0.11319240,0.22610042,0.20755264,0.21342320,0.18926557
2018-04-16,0.11222940,0.22780866,0.20366553,0.20671226,0.19238981
2018-04-17,0.10697143,0.23067647,0.20172104,0.20327054,0.18725279
2018-04-18,0.10697381,0.22530861,0.19560250,0.19373534,0.18497272
2018-04-19,0.10550370,0.22612692,0.19095374,0.18755308,0.18165691
2018-04-20,0.10439829,0.22797916,0.18811391,0.18489425,0.18571373
2018-04-23,0.10496348,0.21019225,0.18238333,0.17647534,0.18219609
2018-04-24,0.09468881,0.20241113,0.18442236,0.18296540,0.18108118
2018-04-25,0.09473525,0.17998610,0.17894648,0.17473968,0.17398295
2018-04-26,0.08802633,0.17333044,0.17812825,0.17397455,0.17051207
2018-04-27,0.09673309,0.17307781,0.17275597,0.16620823,0.16194261
2018-04-30,0.10225536,0.16888653,0.17051650,0.16507907,0.16668243
2018-05-01,0.10464348,0.14992120,0.16561799,0.15748101,0.15503565
2018-05-02,0.10825867,0.14566460,0.16301642,0.15583560,0.15136088
2018-05-03,0.10908062,0.14032902,0.15829359,0.14987592,0.14297649
2018-05-04,0.09979942,0.14517396,0.16125636,0.15592553,0.15375936
2018-05-07,0.10339364,0.12378822,0.15691899,0.14990974,0.14871166
2018-05-08,0.10341916,0.12325268,0.15214212,0.14368749,0.14061908
2018-05-09,0.09847977,0.11403154,0.15219138,0.14502781,0.14520604
2018-05-10,0.09310230,0.11695606,0.15194677,0.14574571,0.14671833
2018-05-11,0.09311024,0.11359332,0.14746716,0.13982003,0.13637206
2018-05-14,0.09410346,0.11319240,0.14301595,0.13418639,0.13458870
2018-05-15,0.09144909,0.11222940,0.14120575,0.13435725,0.13851597
2018-05-16,0.09043398,0.10697143,0.13780788,0.13021295,0.13286213
2018-05-17,0.09068554,0.10697381,0.13365117,0.12544622,0.12541104
2018-05-18,0.09129920,0.10550370,0.12998428,0.12190332,0.12585807
2018-05-21,0.08786749,0.10439829,0.12923279,0.12223783,0.13014337
2018-05-22,0.08993664,0.10496348,0.12588959,0.11932585,0.12615816
2018-05-23,0.08946456,0.09468881,0.12270424,0.11582124,0.12598072
2018-05-24,0.10122502,0.09473525,0.11922654,0.11263558,0.12291956
2018-05-25,0.10118232,0.08802633,0.11595811,0.10992105,0.12288978
2018-05-29,0.09752161,0.09673309,0.12118227,0.12301547,0.13013566
2018-05-30,0.08975434,0.10225536,0.12732061,0.13294061,0.14176206
2018-05-31,0.08654979,0.10464348,0.12632682,0.13329654,0.14226228
2018-06-01,0.07877927,0.10825867,0.12946641,0.13786740,0.15047516
2018-06-04,0.07913040,0.10908062,0.12671982,0.13372517,0.14971879
2018-06-05,0.08449788,0.09979942,0.12288978,0.12847077,0.14206031
2018-06-06,0.08439489,0.10339364,0.12367765,0.12980427,0.13652045
2018-06-07,0.08967908,0.10341916,0.11994211,0.12500801,0.13266686
2018-06-08,0.08983156,0.09847977,0.11691973,0.12099603,0.12637668
2018-06-11,0.09308203,0.09310230,0.11343395,0.11664384,0.12342090
2018-06-12,0.09766489,0.09311024,0.11018666,0.11271853,0.12208230
2018-06-13,0.09673206,0.09410346,0.10797553,0.11147979,0.11876516
2018-06-14,0.09641922,0.09144909,0.10512529,0.10818641,0.11910089
2018-06-15,0.09732920,0.09043398,0.10199953,0.10508874,0.11757404
2018-06-18,0.09733707,0.09068554,0.09923792,0.10284849,0.11762608
2018-06-19,0.09730224,0.09129920,0.09748345,0.10257658,0.11897131
2018-06-20,0.09717723,0.08786749,0.09474750,0.09971188,0.11781357
2018-06-21,0.09485573,0.08993664,0.09513760,0.10318735,0.12037525
2018-06-22,0.09606802,0.08946456,0.09252251,0.10031750,0.11991754
2018-06-25,0.08900756,0.10122502,0.10456806,0.12177556,0.13700178
2018-06-26,0.08930188,0.10118232,0.10174347,0.11760905,0.13411916
2018-06-27,0.08717146,0.09752161,0.10421011,0.12277730,0.14024239
2018-06-28,0.08685153,0.08975434,0.10383564,0.12149601,0.13810352
2018-06-29,0.08843770,0.08654979,0.10071554,0.11709074,0.13489479
2018-07-02,0.08787278,0.07877927,0.09837114,0.11348994,0.12290418
2018-07-03,0.08784224,0.07913040,0.09730462,0.11323236,0.12271558
2018-07-05,0.08420031,0.08449788,0.10007087,0.11648497,0.12426686
2018-07-06,0.07989662,0.08439489,0.10242943,0.11909100,0.12760969
2018-07-09,0.07451810,0.08967908,0.10501904,0.12194000,0.13245789
2018-07-10,0.07354939,0.08983156,0.10270846,0.11835072,0.13201474
2018-07-11,0.06947118,0.09308203,0.10335606,0.12067969,0.13473123
2018-07-12,0.06728525,0.09766489,0.10577737,0.12320865,0.13639419
2018-07-13,0.06860534,0.09673206,0.10264070,0.11869528,0.13127618
2018-07-16,0.07197746,0.09641922,0.09959421,0.11479322,0.12629490
2018-07-17,0.07543769,0.09732920,0.09778379,0.11211317,0.12688619
2018-07-18,0.07988517,0.09733707,0.09517560,0.10864367,0.12387840
2018-07-19,0.07953276,0.09730224,0.09355264,0.10769703,0.12029454
2018-07-20,0.07990762,0.09717723,0.09077766,0.10459952,0.11979176
2018-07-23,0.07997500,0.09485573,0.08830140,0.10160330,0.11998746
2018-07-24,0.07826189,0.09606802,0.08759716,0.10082127,0.12038374
2018-07-25,0.07193197,0.08900756,0.09194613,0.10671112,0.12756080
2018-07-26,0.07430882,0.08930188,0.08992382,0.10503118,0.12296304
2018-07-27,0.07551346,0.08717146,0.09086540,0.10814464,0.12680669
2018-07-30,0.07282533,0.08685153,0.09091015,0.10958147,0.12782830
2018-07-31,0.07352862,0.08843770,0.09015428,0.10814643,0.12752080
2018-08-01,0.07503358,0.08787278,0.08750148,0.10487046,0.12187853
2018-08-02,0.07307834,0.08784224,0.08696136,0.10390096,0.12342374
2018-08-03,0.07152423,0.08420031,0.08621571,0.10274076,0.12190812
2018-08-06,0.07113770,0.07989662,0.08470998,0.10074781,0.11927358
2018-08-07,0.07159461,0.07451810,0.08285826,0.09846941,0.11694422
2018-08-08,0.07199916,0.07354939,0.08034054,0.09587703,0.11527887
2018-08-09,0.07212518,0.06947118,0.07809480,0.09397379,0.11357406
2018-08-10,0.06897547,0.06728525,0.08064448,0.09965449,0.11631642
2018-08-13,0.06757064,0.06860534,0.07973043,0.09965965,0.11492242
2018-08-14,0.06642363,0.07197746,0.08117168,0.10103252,0.11825009
2018-08-15,0.06094411,0.07543769,0.08410725,0.10660007,0.12338735
2018-08-16,0.05780868,0.07988517,0.08712298,0.10948357,0.12808276
2018-08-17,0.05961403,0.07953276,0.08544827,0.10677841,0.12501969
2018-08-20,0.05917842,0.07990762,0.08338011,0.10381573,0.12412152
2018-08-21,0.06467458,0.07997500,0.08123836,0.10094604,0.12180656
2018-08-22,0.06467247,0.07826189,0.07877873,0.09819091,0.11782333
2018-08-23,0.06555143,0.07193197,0.07666189,0.09623558,0.11337933
2018-08-24,0.06212239,0.07430882,0.07811426,0.09774012,0.11492013
2018-08-27,0.05734812,0.07551346,0.08135440,0.10137322,0.11970791
2018-08-28,0.05813186,0.07282533,0.07888297,0.09846125,0.11781517
2018-08-29,0.05469415,0.07352862,0.07961080,0.09904196,0.12039013
2018-08-30,0.05397577,0.07503358,0.07909298,0.09964016,0.12125923
2018-08-31,0.05399125,0.07307834,0.07668527,0.09687991,0.11843176
2018-09-04,0.05374226,0.07152423,0.07462735,0.09460191,0.11397694
2018-09-05,0.06000961,0.07113770,0.07317258,0.09380090,0.11432905
2018-09-06,0.06171899,0.07159461,0.07235609,0.09397112,0.11309688
2018-09-07,0.06125513,0.07199916,0.07067895,0.09272284,0.11186382
2018-09-10,0.06110002,0.07212518,0.06892125,0.09065600,0.11217009
2018-09-11,0.13025307,0.06897547,0.06837995,0.08987842,0.11334614
2018-09-12,0.14882815,0.06757064,0.06631132,0.08784756,0.11158490
2018-09-13,0.15557821,0.06642363,0.06747609,0.08902771,0.11323495
2018-09-14,0.15692221,0.06094411,0.06542927,0.08707617,0.11168703
2018-09-17,0.17227327,0.05780868,0.06705076,0.09084953,0.11355276
2018-09-18,0.17127399,0.05961403,0.06826113,0.09179721,0.11389031
2018-09-19,0.17843131,0.05917842,0.06636058,0.08964332,0.11341919
2018-09-20,0.17637274,0.06467458,0.07114610,0.09467821,0.11761725
2018-09-21,0.17699859,0.06467247,0.06899359,0.09238607,0.11670064
2018-09-24,0.17761261,0.06555143,0.06827922,0.09254840,0.11581765
2018-09-25,0.20813512,0.06212239,0.06639364,0.09082261,0.11376948
2018-09-26,0.21743147,0.05734812,0.06563351,0.09089562,0.11401288
2018-09-27,0.22550235,0.05813186,0.06453236,0.08938898,0.10912895
2018-09-28,0.22665184,0.05469415,0.06256645,0.08745004,0.10900440
2018-10-01,0.23262078,0.05397577,0.06228496,0.08610591,0.10863477
2018-10-02,0.23560215,0.05399125,0.06040721,0.08445855,0.10792061
2018-10-03,0.23838190,0.05374226,0.05863223,0.08278460,0.10716810
2018-10-04,0.23769792,0.06000961,0.06518355,0.09263735,0.11376786
2018-10-05,0.23770955,0.06171899,0.06677256,0.09550561,0.11583373
2018-10-08,0.23868635,0.06125513,0.06475663,0.09307779,0.11423985
2018-10-09,0.24946443,0.06110002,0.06302585,0.09129013,0.11433897
2018-10-10,0.22115236,0.13025307,0.14358881,0.19284691,0.19871509
2018-10-11,0.21153669,0.14882815,0.16097947,0.21304586,0.21205200
2018-10-12,0.21705109,0.15557821,0.16543335,0.21378209,0.21860249
2018-10-15,0.21614037,0.15692221,0.16203841,0.20620476,0.21873718
2018-10-16,0.20489323,0.17227327,0.17753914,0.22198443,0.24168536
2018-10-17,0.20811793,0.17127399,0.17213339,0.21131429,0.19744832
2018-10-18,0.20211502,0.17843131,0.17615206,0.21512025,0.19219070
2018-10-19,0.21030694,0.17637274,0.17079154,0.20486425,0.18186933
2018-10-22,0.21916388,0.17699859,0.16643401,0.19673308,0.18078315
2018-10-23,0.21857956,0.17761261,0.16278869,0.19005021,0.16163606
2018-10-24,0.19105383,0.20813512,0.19942707,0.24219393,0.22191729
2018-10-25,0.18779192,0.21743147,0.20623736,0.24702292,0.22531110
2018-10-26,0.17812022,0.22550235,0.21119016,0.25189454,0.23842430
2018-10-29,0.19338615,0.22665184,0.20634943,0.24219823,0.23780517
2018-10-30,0.18589146,0.23262078,0.20899554,0.24213063,0.24828688
2018-10-31,0.18426186,0.23560215,0.20692912,0.23580047,0.21880604
2018-11-01,0.18452593,0.23838190,0.20473948,0.23150585,0.21152376
2018-11-02,0.21577088,0.23769792,0.20002572,0.22292644,0.20114148
2018-11-05,0.21496664,0.23770955,0.19514417,0.21347919,0.20018448
2018-11-06,0.22896480,0.23868635,0.19074870,0.20509695,0.19209552
2018-11-07,0.21720172,0.24946443,0.20214272,0.22099620,0.21293594
2018-11-08,0.21703084,0.22115236,0.19622791,0.21079832,0.20565775
2018-11-09,0.21547170,0.21153669,0.19361411,0.20682475,0.19661687
2018-11-12,0.20415018,0.21705109,0.20303644,0.22294648,0.21289120
2018-11-13,0.21472648,0.21614037,0.19693558,0.21229425,0.20634989
2018-11-14,0.22517360,0.20489323,0.19320730,0.20632122,0.19171197
2018-11-15,0.22219504,0.20811793,0.19175087,0.20273575,0.19253664
2018-11-16,0.22847364,0.20211502,0.18610982,0.19318352,0.18831942
2018-11-19,0.22771253,0.21030694,0.19187906,0.20434455,0.18670149
2018-11-20,0.23025995,0.21916388,0.19920346,0.21719515,0.20457899
2018-11-21,0.24894775,0.21857956,0.19349601,0.20696433,0.19995073
2018-11-23,0.29928315,0.19105383,0.18933619,0.20040115,0.19764965
2018-11-26,0.29595953,0.18779192,0.19310414,0.20509456,0.20017850
2018-11-27,0.29577579,0.17812022,0.18764911,0.19568410,0.18312290
2018-11-28,0.28661883,0.19338615,0.20223820,0.21763247,0.19746145
2018-11-29,0.28655248,0.18589146,0.19626128,0.20752238,0.19259183
2018-11-30,0.29809183,0.18426186,0.19289537,0.20115947,0.19202095
2018-12-03,0.31798442,0.18452593,0.19174615,0.19830401,0.18753547
2018-12-04,0.29784331,0.21577088,0.22566980,0.25423418,0.24439360
2018-12-06,0.29966636,0.21496664,0.21887516,0.24179039,0.21878382
2018-12-07,0.28865064,0.22896480,0.23119380,0.26064580,0.24660645
2018-12-10,0.28900845,0.21720172,0.22425523,0.24764315,0.24051778
2018-12-11,0.28900626,0.21703084,0.21742793,0.23538540,0.23234371
2018-12-12,0.28897667,0.21547170,0.21184925,0.22508072,0.19340294
2018-12-13,0.29132773,0.20415018,0.20539694,0.21413169,0.19207118
2018-12-14,0.28368011,0.21472648,0.21277192,0.22745725,0.18717752
2018-12-17,0.27544987,0.22517360,0.22185265,0.24257633,0.21022289
2018-12-18,0.27916105,0.22219504,0.21509438,0.23057575,0.20615720
2018-12-19,0.27835551,0.22847364,0.21709327,0.23408664,0.21733179
2018-12-20,0.27295972,0.22771253,0.21936990,0.23786214,0.22892511
2018-12-21,0.26331816,0.23025995,0.22755053,0.25093245,0.23376548
2018-12-24,0.24724021,0.24894775,0.24514450,0.27786416,0.25018108
2018-12-26,0.18373357,0.29928315,0.30317360,0.35808408,0.33987781
2018-12-27,0.18141431,0.29595953,0.29580154,0.34183375,0.32494872
2018-12-28,0.18907539,0.29577579,0.28683092,0.32429683,0.31670575
2018-12-31,0.18913156,0.28661883,0.28003028,0.31013899,0.30829935
2019-01-02,0.18910617,0.28655248,0.27154417,0.29567965,0.28387153
2019-01-03,0.16960951,0.29809183,0.28073794,0.30967608,0.24108923
2019-01-04,0.12391854,0.31798442,0.30218733,0.33876452,0.28561624
2019-01-07,0.12177712,0.29784331,0.29423811,0.32293679,0.28013550
2019-01-08,0.12154470,0.29966636,0.28773096,0.30978686,0.27300214
2019-01-09,0.12073894,0.28865064,0.27941841,0.29449117,0.27310702
2019-01-10,0.11974987,0.28900845,0.27147278,0.28022764,0.25003305
2019-01-11,0.12770383,0.28900626,0.26320324,0.26611422,0.21046879
2019-01-14,0.12682358,0.28897667,0.25600691,0.25456420,0.21018248
2019-01-15,0.12167173,0.29132773,0.25164822,0.24720544,0.21251560
2019-01-16,0.12708172,0.28368011,0.24413459,0.23509177,0.21129076
2019-01-17,0.12446019,0.27544987,0.23851705,0.22629970,0.20974390
2019-01-18,0.11605956,0.27916105,0.23679207,0.22440047,0.21421356
2019-01-22,0.10573518,0.27835551,0.23617835,0.22655748,0.22292408
2019-01-23,0.10775855,0.27295972,0.22914321,0.21565449,0.21508321
2019-01-24,0.10773770,0.26331816,0.22222690,0.20528167,0.21231784
2019-01-25,0.10371839,0.24724021,0.21794964,0.19948849,0.20955326
2019-01-28,0.10008170,0.18373357,0.21351876,0.19493444,0.19756639
2019-01-29,0.10043373,0.18141431,0.20709166,0.18607333,0.15857936
2019-01-30,0.08829890,0.18907539,0.20955524,0.19273544,0.17426002
2019-01-31,0.08425371,0.18913156,0.20588021,0.18806354,0.17688830
2019-02-01,0.08428753,0.18910617,0.19963882,0.17807326,0.17235105
2019-02-04,0.08409048,0.16960951,0.19533027,0.17268087,0.17260378
2019-02-05,0.08720803,0.12391854,0.19025853,0.16608921,0.16520748
2019-02-06,0.08718013,0.12177712,0.18466562,0.15930918,0.13582663
2019-02-07,0.09530764,0.12154470,0.18273382,0.16067941,0.13834799
2019-02-08,0.09582495,0.12073894,0.17718651,0.15356932,0.13574572
2019-02-11,0.09875196,0.11974987,0.17181081,0.14692168,0.13282971
2019-02-12,0.08827517,0.12770383,0.17386235,0.15375068,0.14514294
2019-02-13,0.08932980,0.12682358,0.16897420,0.14758493,0.14374322
2019-02-14,0.08977424,0.12167173,0.16415157,0.14233366,0.13885697
2019-02-15,0.08157665,0.12708172,0.16461813,0.14594421,0.14661209
2019-02-19,0.08204982,0.12446019,0.15970940,0.13986633,0.14536768
2019-02-20,0.08995817,0.11605956,0.15499785,0.13425243,0.13549160
2019-02-21,0.11111491,0.10573518,0.15090251,0.13065301,0.13313266
2019-02-22,0.10892609,0.10775855,0.14840074,0.12891160,0.13272922
2019-02-25,0.11163059,0.10773770,0.14395947,0.12396446,0.12511211
2019-02-26,0.11275606,0.10371839,0.13960775,0.11955805,0.12497573
2019-02-27,0.11342149,0.10008170,0.13537127,0.11540293,0.12349876
2019-02-28,0.11536431,0.10043373,0.13170767,0.11279538,0.12232389
2019-03-01,0.11970754,0.08829890,0.13046094,0.11277623,0.12355704
2019-03-04,0.11894742,0.08425371,0.12738693,0.11141789,0.11991968
2019-03-05,0.11911497,0.08428753,0.12358464,0.10806692,0.11842307
2019-03-06,0.11715928,0.08409048,0.12249312,0.11098113,0.12257129
2019-03-07,0.11482269,0.08720803,0.12292598,0.11649961,0.12698309
2019-03-08,0.11464186,0.08718013,0.11946967,0.11328046,0.12314766
2019-03-11,0.10508789,0.09530764,0.12892541,0.13074566,0.14105525
2019-03-12,0.10527940,0.09582495,0.12552268,0.12610376,0.13780162
2019-03-13,0.10250956,0.09875196,0.12464265,0.12547020,0.13932677
2019-03-14,0.10497579,0.08827517,0.12089270,0.12091766,0.13495676
2019-03-15,0.10357587,0.08932980,0.11879394,0.11854531,0.13412717
2019-03-18,0.10279529,0.08977424,0.11606968,0.11531858,0.12176809
2019-03-19,0.10309632,0.08157665,0.11253488,0.11134496,0.12088568
2019-03-20,0.10273456,0.08204982,0.10970742,0.10919989,0.11633883
2019-03-21,0.09575248,0.08995817,0.11434692,0.11782619,0.12742378
2019-03-22,0.07546195,0.11111491,0.13356460,0.15274262,0.15529752
2019-03-25,0.07578802,0.10892609,0.12953681,0.14621576,0.15051003
2019-03-26,0.07162945,0.11163059,0.12863707,0.14387832,0.15387814
2019-03-27,0.07164445,0.11275606,0.12602501,0.14045311,0.15452229
2019-03-28,0.07065856,0.11342149,0.12297756,0.13540856,0.14918942
2019-03-29,0.06680509,0.11536431,0.12205401,0.13356976,0.13211619
2019-04-01,0.05963057,0.11970754,0.12650587,0.13968875,0.14260157
2019-04-02,0.06008371,0.11894742,0.12265201,0.13395386,0.13738577
2019-04-03,0.06825608,0.11911497,0.11920797,0.12880551,0.13627960
2019-04-04,0.06962618,0.11715928,0.11585974,0.12401376,0.13583039
2019-04-05,0.08898036,0.11482269,0.11376114,0.12107307,0.13429388
2019-04-08,0.08908047,0.11464186,0.11037061,0.11664868,0.12486883
2019-04-09,0.08718223,0.10508789,0.10959381,0.11773481,0.12823379
2019-04-10,0.08730159,0.10527940,0.10710932,0.11445270,0.12484781
2019-04-11,0.12157870,0.10250956,0.10384645,0.11055535,0.12425609
2019-04-12,0.12257877,0.10497579,0.10389028,0.11114277,0.12614098
2019-04-15,0.12420767,0.10357587,0.10075510,0.10765724,0.12552722
2019-04-16,0.12792798,0.10279529,0.09770576,0.10424315,0.12273291
2019-04-17,0.12928526,0.10309632,0.09514191,0.10221375,0.12219869
2019-04-18,0.13128277,0.10273456,0.09244732,0.09934324,0.12236908
2019-04-22,0.13446835,0.09575248,0.08971726,0.09661368,0.11942481
2019-04-23,0.13133148,0.07546195,0.09347595,0.10293274,0.12475588
2019-04-24,0.13752842,0.07578802,0.09102902,0.10096029,0.11738583
2019-04-25,0.13760228,0.07162945,0.08826757,0.09822338,0.11696732
2019-04-26,0.13971801,0.07164445,0.08748748,0.09775823,0.11802188
2019-04-29,0.14172029,0.07065856,0.08492442,0.09516690,0.11735087
2019-04-30,0.14186797,0.06680509,0.08242028,0.09278271,0.11180883
2019-05-01,0.14684465,0.05963057,0.08510543,0.09952157,0.11625942
2019-05-02,0.14697318,0.06008371,0.08292596,0.09777366,0.11332564
2019-05-03,0.16091396,0.06825608,0.08863006,0.10557873,0.12106113
2019-05-06,0.16262000,0.06962618,0.08767880,0.10564401,0.12160764
2019-05-07,0.15351804,0.08898036,0.10685347,0.13558184,0.14574191
2019-05-08,0.15762449,0.08908047,0.10378649,0.13057460,0.13925720
2019-05-09,0.15809801,0.08718223,0.10131035,0.12682573,0.13972774
2019-05-10,0.15757849,0.08730159,0.09927968,0.12291958,0.13488416
2019-05-13,0.13312052,0.12157870,0.13522740,0.17493332,0.17854568
2019-05-14,0.13098391,0.12257877,0.13473334,0.17094024,0.16437599
2019-05-15,0.12954247,0.12420767,0.13257598,0.16516060,0.16545583
2019-05-16,0.12589887,0.12792798,0.13307005,0.16313651,0.17020753
2019-05-17,0.12869130,0.12928526,0.13100920,0.15929379,0.17117907
2019-05-20,0.12695553,0.13128277,0.12971916,0.15686833,0.14415471
2019-05-21,0.12777094,0.13446835,0.12999841,0.15513076,0.14593938
2019-05-22,0.12746948,0.13133148,0.12651707,0.14934221,0.14390622
2019-05-23,0.12066748,0.13752842,0.13121839,0.15694456,0.14995701
2019-05-24,0.12502492,0.13760228,0.12732963,0.14999294,0.14659964
2019-05-28,0.12165770,0.13971801,0.12770949,0.15085268,0.14976332
2019-05-29,0.11999186,0.14172029,0.12672217,0.14945977,0.14865874
2019-05-30,0.12141176,0.14186797,0.12313180,0.14315869,0.14802928
2019-05-31,0.11543172,0.14684465,0.13007528,0.15469064,0.15422273
2019-06-03,0.11547751,0.14697318,0.12657149,0.14911318,0.15197781
2019-06-04,0.09295032,0.16091396,0.14784605,0.17742611,0.18044260
2019-06-05,0.08880345,0.16262000,0.14678562,0.17342272,0.17738042
2019-06-06,0.08785787,0.15351804,0.14428785,0.16774334,0.17880415
2019-06-07,0.08017894,0.15762449,0.14566663,0.16777042,0.17431576
2019-06-10,0.08007708,0.15809801,0.14238141,0.16140884,0.17436770
2019-06-11,0.08045740,0.15757849,0.13805060,0.15424712,0.15217418
2019-06-12,0.08172175,0.13312052,0.13407980,0.14812489,0.14881023
2019-06-13,0.08048711,0.13098391,0.13096395,0.14286162,0.13879965
2019-06-14,0.08115703,0.12954247,0.12712904,0.13736385,0.13136126
2019-06-17,0.08420989,0.12589887,0.12330936,0.13176347,0.12951107
2019-06-18,0.07824643,0.12869130,0.12532711,0.13474182,0.13648640
2019-06-19,0.08047705,0.12695553,0.12206067,0.12986825,0.13531797
2019-06-20,0.07420072,0.12777094,0.12389004,0.13266298,0.14111124
2019-06-21,0.07775296,0.12746948,0.12021573,0.12776664,0.13890875
2019-06-24,0.07919583,0.12066748,0.11674820,0.12345407,0.13896730
2019-06-25,0.07425299,0.12502492,0.11911734,0.12985485,0.13902459
2019-06-26,0.07839223,0.12165770,0.11558830,0.12515762,0.13752977
2019-06-27,0.07747259,0.11999186,0.11304503,0.12151226,0.13238834
2019-06-28,0.07540890,0.12141176,0.11185150,0.11992225,0.13422955
2019-07-01,0.08014414,0.11543172,0.11244269,0.12085129,0.13858473
2019-07-02,0.08544620,0.11547751,0.10960847,0.11700696,0.13031380
2019-07-03,0.08509510,0.09295032,0.11034690,0.11840461,0.13518744
2019-07-05,0.13478998,0.08880345,0.10721592,0.11487503,0.12616932
2019-07-08,0.14104451,0.08785787,0.10564461,0.11445730,0.12507901
2019-07-09,0.14100454,0.08017894,0.10253891,0.11056234,0.12045416
2019-07-10,0.15422578,0.08007708,0.10094369,0.10871920,0.11983151
2019-07-11,0.15573027,0.08045740,0.09827019,0.10555666,0.11572546
2019-07-12,0.16074894,0.08172175,0.09694780,0.10429559,0.11757970
2019-07-15,0.16895698,0.08048711,0.09399687,0.10119312,0.11560407
2019-07-16,0.19751882,0.08115703,0.09209267,0.10051025,0.11636129
2019-07-17,0.19639533,0.08420989,0.09285155,0.10446380,0.11909397
2019-07-18,0.20218681,0.07824643,0.09109025,0.10240570,0.11940496
2019-07-19,0.20532025,0.08047705,0.09154250,0.10546830,0.11986401
2019-07-22,0.20692600,0.07420072,0.08943081,0.10283517,0.11995538
2019-07-23,0.20753066,0.07775296,0.09067591,0.10468684,0.12199063
2019-07-24,0.20690466,0.07919583,0.08977505,0.10357919,0.12065194
2019-07-25,0.22531917,0.07425299,0.08942548,0.10502177,0.12217391
2019-07-26,0.22704707,0.07839223,0.09130315,0.10745050,0.12287760
2019-07-29,0.22724986,0.07747259,0.08874483,0.10472170,0.12185589
2019-07-30,0.22819569,0.07540890,0.08662508,0.10291140,0.11913737
2019-07-31,0.22922279,0.08014414,0.09415418,0.11628413,0.12848530
2019-08-01,0.22708475,0.08544620,0.09781928,0.12278155,0.13140374
2019-08-02,0.22693941,0.08509510,0.09900663,0.12508800,0.13176701
2019-08-05,0.20476961,0.13478998,0.15176230,0.19894039,0.19618662
2019-08-06,0.20476422,0.14104451,0.15549568,0.19940380,0.19826934
2019-08-07,0.20477128,0.14100454,0.15078812,0.18965957,0.19174643
2019-08-08,0.19438367,0.15422578,0.16308667,0.20257525,0.20887797
2019-08-09,0.19302178,0.15573027,0.16021167,0.19623685,0.20638387
2019-08-12,0.18983373,0.16074894,0.16263530,0.19833679,0.17762927
2019-08-13,0.18283715,0.16895698,0.16814742,0.20250297,0.18338044
2019-08-14,0.15109268,0.19751882,0.19985399,0.24772528,0.23188890
2019-08-15,0.15124371,0.19639533,0.19400183,0.23517200,0.21322670
2019-08-16,0.14315251,0.20218681,0.19616416,0.23392981,0.22227065
2019-08-19,0.13695430,0.20532025,0.19585936,0.22955959,0.22283627
2019-08-20,0.13415952,0.20692600,0.19239009,0.22236391,0.21660972
2019-08-21,0.13220573,0.20753066,0.18924323,0.21469980,0.18504384
2019-08-22,0.13219453,0.20690466,0.18348868,0.20408388,0.18363132
2019-08-23,0.10019663,0.22531917,0.20517681,0.23822712,0.21611268
2019-08-26,0.09518372,0.22704707,0.20341019,0.23210860,0.21171811
2019-08-27,0.09490726,0.22724986,0.19760768,0.22122188,0.20839874
2019-08-28,0.09400845,0.22819569,0.19326005,0.21224868,0.20813476
2019-08-29,0.08505533,0.22922279,0.19367958,0.21078518,0.21657274
2019-08-30,0.09515788,0.22708475,0.18779595,0.20032497,0.18677319
2019-09-03,0.11133819,0.22693941,0.18405421,0.19511411,0.18397520
2019-09-04,0.10843112,0.20476961,0.18330761,0.19279867,0.18983022
2019-09-05,0.11019873,0.20476422,0.18469385,0.19405824,0.18666770
2019-09-06,0.11124551,0.20477128,0.17910230,0.18455749,0.17619114
2019-09-09,0.12380224,0.19438367,0.17364651,0.17571583,0.17615792
2019-09-10,0.12771636,0.19302178,0.16836120,0.16742299,0.16950065
2019-09-11,0.12719881,0.18983373,0.16561819,0.16322537,0.16707563
2019-09-12,0.13229033,0.18283715,0.16096148,0.15618099,0.15684601
2019-09-13,0.13235389,0.15109268,0.15608338,0.14937401,0.15351064
2019-09-16,0.13629692,0.15124371,0.15182038,0.14422148,0.14088998
2019-09-17,0.13618056,0.14315251,0.14753638,0.13843062,0.14122990
2019-09-18,0.13651037,0.13695430,0.14304803,0.13271063,0.13485937
2019-09-19,0.13718651,0.13415952,0.13869024,0.12744053,0.13194290
2019-09-20,0.13818062,0.13220573,0.13581252,0.12587539,0.13299603
2019-09-23,0.13873407,0.13219453,0.13167566,0.12113401,0.13096160
2019-09-24,0.13596657,0.10019663,0.13182673,0.12588902,0.13686786
2019-09-25,0.13445717,0.09518372,0.13002134,0.12435519,0.12767244
2019-09-26,0.13492961,0.09490726,0.12641454,0.12073635,0.12562982
2019-09-27,0.13504356,0.09400845,0.12430376,0.12039979,0.12651782
2019-09-30,0.13394357,0.08505533,0.12209683,0.11819506,0.12775750
2019-10-01,0.12744377,0.09515788,0.12772390,0.13225842,0.13385771
2019-10-02,0.11151499,0.11133819,0.14236972,0.16002501,0.15660793
2019-10-03,0.11308671,0.10843112,0.14144356,0.15731798,0.15693470
2019-10-04,0.10276788,0.11019873,0.14771280,0.16567963,0.16780469
2019-10-07,0.10166801,0.11124551,0.14427240,0.16022219,0.16378976
2019-10-08,0.08596955,0.12380224,0.15259289,0.17494618,0.17365586
2019-10-09,0.08058685,0.12771636,0.15208393,0.17222470,0.16158658
2019-10-10,0.07798680,0.12719881,0.14953307,0.16674245,0.16063918
2019-10-11,0.06861388,0.13229033,0.15102388,0.16759440,0.15835204
2019-10-14,0.06865912,0.13235389,0.14652253,0.16010242,0.15611913
2019-10-15,0.05951885,0.13629692,0.14718887,0.16015436,0.15094410
2019-10-16,0.05918463,0.13618056,0.14291698,0.15344983,0.14562978
2019-10-17,0.06416144,0.13651037,0.13897785,0.14699148,0.14386316
2019-10-18,0.06272692,0.13718651,0.13560652,0.14260701,0.13841584
2019-10-21,0.05810441,0.13818062,0.13414492,0.14025937,0.14207531
2019-10-22,0.05824686,0.13873407,0.13079914,0.13614776,0.13663456
2019-10-23,0.05766980,0.13596657,0.12729544,0.13103005,0.13694585
2019-10-24,0.05777780,0.13445717,0.12364279,0.12597417,0.13555298
2019-10-25,0.06173581,0.13492961,0.12091345,0.12241795,0.13542478
2019-10-28,0.05913788,0.13504356,0.11921095,0.12057847,0.13508264
2019-10-29,0.06080467,0.13394357,0.11562466,0.11642095,0.13353545
2019-10-30,0.06135522,0.12744377,0.11281150,0.11313161,0.13355636
2019-10-31,0.06749955,0.11151499,0.11000650,0.11098414,0.13145719
2019-11-01,0.06307852,0.11308671,0.11301961,0.11690991,0.13297536
2019-11-04,0.06551105,0.10276788,0.11051566,0.11386609,0.13010417
2019-11-05,0.06558792,0.10166801,0.10724817,0.11040377,0.12654976
2019-11-06,0.07272084,0.08596955,0.10401681,0.10679923,0.12555675
2019-11-07,0.07293521,0.08058685,0.10140373,0.10404695,0.12122466
2019-11-08,0.07249494,0.07798680,0.09881620,0.10145471,0.11397932
2019-11-11,0.07287252,0.06861388,0.09610988,0.09956890,0.11252295
2019-11-12,0.07846005,0.06865912,0.09338009,0.09700350,0.11025362
2019-11-13,0.07842175,0.05951885,0.09057759,0.09455743,0.11019674
2019-11-14,0.08216025,0.05918463,0.08787848,0.09233738,0.10771374
2019-11-15,0.07775886,0.06416144,0.09026539,0.09738615,0.11343447
2019-11-18,0.07775376,0.06272692,0.08753740,0.09490977,0.11217857
2019-11-19,0.07924010,0.05810441,0.08490195,0.09288954,0.11173129
2019-11-20,0.08000634,0.05824686,0.08360605,0.09372052,0.11225042
2019-11-21,0.07987428,0.05766980,0.08129275,0.09232840,0.11200239
2019-11-22,0.07952181,0.05777780,0.07926770,0.09064655,0.10806943
2019-11-25,0.07724257,0.06173581,0.08217157,0.09560182,0.11386495
2019-11-26,0.07686812,0.05913788,0.08012342,0.09361668,0.11320272
2019-11-27,0.07812691,0.06080467,0.07935339,0.09326877,0.11334077
2019-11-29,0.07754870,0.06135522,0.07850733,0.09439104,0.11457639
2019-12-02,0.07712027,0.06749955,0.08324514,0.10437144,0.12104194
2019-12-03,0.07757309,0.06307852,0.08476243,0.10832705,0.12050990
2019-12-04,0.07543235,0.06551105,0.08575780,0.10892449,0.12176226
2019-12-05,0.07587908,0.06558792,0.08334936,0.10548336,0.12004655
2019-12-06,0.07107863,0.07272084,0.08820881,0.11138125,0.12687323
2019-12-09,0.07389008,0.07293521,0.08640415,0.10952732,0.12192461
2019-12-10,0.07445397,0.07249494,0.08388057,0.10635921,0.11884334
2019-12-11,0.07760259,0.07287252,0.08210541,0.10370835,0.11687333
2019-12-12,0.07193624,0.07846005,0.08625081,0.10875590,0.12370378
2019-12-13,0.07222640,0.07842175,0.08362374,0.10529057,0.11720902
2019-12-16,0.07376268,0.08216025,0.08567591,0.10752880,0.12155654
2019-12-17,0.07495259,0.07775886,0.08307610,0.10413540,0.12078257
2019-12-18,0.07550012,0.07775376,0.08056282,0.10118871,0.11914766
2019-12-19,0.07391689,0.07924010,0.08000172,0.10030153,0.11621344
2019-12-20,0.07202322,0.08000634,0.07990079,0.10004459,0.11837947
2019-12-23,0.07853931,0.07987428,0.07753980,0.09729475,0.11437918
2019-12-24,0.09583748,0.07952181,0.07518147,0.09490051,0.11431547
2019-12-26,0.10035771,0.07724257,0.07555605,0.09549402,0.11688690
2019-12-27,0.10040259,0.07686812,0.07325442,0.09321518,0.11406980
2019-12-30,0.09896897,0.07812691,0.07451479,0.09723313,0.11575472
2019-12-31,0.11627844,0.07754870,0.07314470,0.09547238,0.11577166
2020-01-02,0.11537864,0.07712027,0.07798591,0.10114455,0.12210144
2020-01-03,0.12394772,0.07757309,0.08047271,0.10640238,0.12294069
2020-01-06,0.12928938,0.07543235,0.07921748,0.10413380,0.12265493
2020-01-07,0.12943517,0.07587908,0.07757599,0.10265614,0.12032609
2020-01-08,0.12968575,0.07107863,0.07757946,0.10204564,0.12194485
2020-01-09,0.13011466,0.07389008,0.07951560,0.10386368,0.11982243
2020-01-10,0.12986868,0.07445397,0.07789082,0.10246282,0.11646270
2020-01-13,0.12955262,0.07760259,0.08021043,0.10473778,0.12031923
2020-01-14,0.12956954,0.07193624,0.07798991,0.10221113,0.11919854
2020-01-15,0.12956496,0.07222640,0.07596226,0.09943413,0.11652403
2020-01-16,0.12671494,0.07376268,0.08045900,0.10466616,0.12045631
2020-01-17,0.12705455,0.07495259,0.07943486,0.10282600,0.11947760
2020-01-21,0.12741116,0.07550012,0.07770409,0.10134099,0.11672571
2020-01-22,0.13256797,0.07391689,0.07534529,0.09847425,0.11647414
2020-01-23,0.17748980,0.07202322,0.07318442,0.09586803,0.11598632
2020-01-24,0.20459169,0.07853931,0.07925967,0.10660759,0.11911911
2020-01-27,0.19751678,0.09583748,0.09852112,0.13487531,0.14008221
2020-01-28,0.24958765,0.10035771,0.10313607,0.13815793,0.14507015
2020-01-29,0.25120942,0.10040259,0.10005098,0.13254836,0.14357443
2020-01-30,0.29546639,0.09896897,0.09776331,0.12774763,0.14429868
2020-01-31,0.30532753,0.11627844,0.11751415,0.15657946,0.16394487
2020-02-03,0.33630674,0.11537864,0.11735001,0.15365101,0.15163804
2020-02-04,0.35318691,0.12394772,0.12762344,0.16445161,0.16171381
2020-02-05,0.35607509,0.12928938,0.13116018,0.16607587,0.16776037
2020-02-06,0.44896429,0.12943517,0.12781818,0.15878161,0.16666964
2020-02-07,0.47865781,0.12968575,0.12570072,0.15477484,0.15275984
2020-02-10,0.50852480,0.13011466,0.12513316,0.15170755,0.15350128
2020-02-11,0.61516746,0.12986868,0.12149832,0.14494264,0.14052646
2020-02-12,0.68744180,0.12955262,0.12043078,0.14182873,0.13673593
2020-02-13,0.81736484,0.12956954,0.11693425,0.13625282,0.13502311
2020-02-14,0.84185997,0.12956496,0.11359795,0.13068771,0.13351751
2020-02-18,0.86175224,0.12671494,0.11072270,0.12684700,0.13098333
2020-02-19,0.86175237,0.12705455,0.10889077,0.12366842,0.13150708
2020-02-20,0.87522628,0.12741116,0.10661487,0.12129280,0.12977575
2020-02-21,0.88050379,0.13256797,0.11124399,0.13090578,0.13915527
2020-02-24,0.92620729,0.17748980,0.17088625,0.22167960,0.21546554
2020-02-25,0.92091975,0.20459169,0.20431578,0.26714155,0.25455705
2020-02-26,0.94440874,0.19751678,0.19863770,0.25361547,0.24756616
2020-02-27,0.93889157,0.24958765,0.26064678,0.33990468,0.32885114
2020-02-28,0.94537703,0.25120942,0.25474548,0.32414880,0.31746555
2020-03-02,0.93410539,0.29546639,0.30271164,0.39072128,0.36069070
2020-03-03,0.94194322,0.30532753,0.31373003,0.39979869,0.35716847
2020-03-04,0.93427352,0.33630674,0.34402964,0.43480739,0.40453229
2020-03-05,0.92809852,0.35318691,0.35953141,0.45060334,0.39183232
2020-03-06,0.95564250,0.35607509,0.35493754,0.43475854,0.39309224
2020-03-09,0.91562641,0.44896429,0.46131401,0.59134558,0.51813213
2020-03-10,0.90770804,0.47865781,0.48496527,0.61154426,0.53838668
2020-03-11,0.89235245,0.50852480,0.50895537,0.63616461,0.56061006
2020-03-12,0.82320287,0.61516746,0.62811362,0.80518672,0.72325729
2020-03-13,0.77065064,0.68744180,0.70007538,0.89186870,0.81971511
2020-03-16,0.63585882,0.81736484,0.84088101,1.08402816,0.96537900
2020-03-17,0.60335434,0.84185997,0.84611903,1.06421896,0.95988062
2020-03-18,0.58175133,0.86175224,0.84604458,1.04091053,0.96813238
2020-03-19,0.58487300,0.86175237,0.82047394,0.97839223,0.87735014
2020-03-20,0.57458234,0.87522628,0.81393900,0.95054924,0.83112858
2020-03-23,0.57070585,0.88050379,0.79756655,0.90805095,0.66805659
2020-03-24,0.47873967,0.92620729,0.84826710,0.97744133,0.76109816
2020-03-25,0.47948496,0.92091975,0.82363371,0.92036519,0.71107416
2020-03-26,0.43414224,0.94440874,0.83252228,0.92242849,0.76636843
2020-03-27,0.41799473,0.93889157,0.81808492,0.88689738,0.75611518
2020-03-30,0.41223587,0.94537703,0.80345474,0.85125902,0.75523904
2020-03-31,0.40968209,0.93410539,0.78150306,0.80514242,0.66700768
2020-04-01,0.39128109,0.94194322,0.77776584,0.80072186,0.67568598
2020-04-02,0.38366966,0.93427352,0.75916305,0.76029937,0.62241015
2020-04-03,0.38129070,0.92809852,0.73842162,0.71823724,0.60218984
2020-04-06,0.30089045,0.95564250,0.76315142,0.76877838,0.68331769
2020-04-07,0.30343759,0.91562641,0.73992905,0.72088300,0.65913394
2020-04-08,0.28631268,0.90770804,0.72911107,0.69967252,0.63609447
2020-04-09,0.28194423,0.89235245,0.70910850,0.66039003,0.62112445
2020-04-13,0.28879634,0.82320287,0.68863948,0.62218180,0.61139804
2020-04-14,0.27612495,0.77065064,0.67785176,0.60563525,0.52432946
2020-04-15,0.26807767,0.63585882,0.66288564,0.58199598,0.50429787
2020-04-16,0.26766817,0.60335434,0.64308703,0.54664273,0.41316006
2020-04-17,0.27349606,0.58175133,0.63191615,0.53210058,0.41682986
2020-04-20,0.26875007,0.58487300,0.61666941,0.50981176,0.40797359
2020-04-21,0.25268844,0.57458234,0.61003310,0.50959134,0.41818328
2020-04-22,0.24169074,0.57070585,0.59798283,0.49326669,0.40888243
2020-04-23,0.24182069,0.47873967,0.57976966,0.46294990,0.40039670
2020-04-24,0.24077979,0.47948496,0.56467120,0.44051948,0.35020873
2020-04-27,0.24086132,0.43414224,0.55040745,0.42060915,0.34781183
2020-04-28,0.24028333,0.41799473,0.53403107,0.39631498,0.29776038
2020-04-29,0.22305218,0.41223587,0.52771764,0.39796425,0.30646759
2020-04-30,0.22111674,0.40968209,0.51290535,0.37779276,0.29721165
2020-05-01,0.19993806,0.39128109,0.50944532,0.38439460,0.31823842
2020-05-04,0.20485315,0.38366966,0.49420076,0.36124602,0.28533742
2020-05-05,0.20280401,0.38129070,0.48042172,0.34219563,0.28540894
2020-05-06,0.22039598,0.30089045,0.46658164,0.32415463,0.26860065
2020-05-07,0.22073392,0.30343759,0.45454920,0.31023856,0.24156526
2020-05-08,0.21470931,0.28631268,0.44547778,0.30467936,0.23326483
2020-05-11,0.21550042,0.28194423,0.43190705,0.28639803,0.21599029
2020-05-12,0.29254501,0.28879634,0.42642492,0.29414533,0.23986922
2020-05-13,0.28961853,0.27612495,0.41907105,0.29447040,0.24509473
2020-05-14,0.28831491,0.26807767,0.40874034,0.28315987,0.23465137
2020-05-15,0.29525525,0.26766817,0.39658130,0.26692772,0.22015372
2020-05-18,0.27529702,0.27349606,0.40296986,0.30182123,0.27658612
2020-05-19,0.27287296,0.26875007,0.39283743,0.29042452,0.24334143
2020-05-20,0.26752997,0.25268844,0.38624523,0.28669961,0.24630305
2020-05-21,0.26710378,0.24169074,0.37570613,0.27369163,0.23205224
2020-05-22,0.26739446,0.24182069,0.36437529,0.25768413,0.22637473
2020-05-26,0.27918423,0.24077979,0.35645326,0.25080663,0.20769750
2020-05-27,0.27707385,0.24086132,0.35030112,0.24857173,0.21324681
2020-05-28,0.28971419,0.24028333,0.33972864,0.23467185,0.19623357
2020-05-29,0.29361245,0.22305218,0.32990771,0.22239206,0.19556690
2020-06-01,0.29807098,0.22111674,0.32018857,0.20813039,0.18303298
2020-06-02,0.29722893,0.19993806,0.31205853,0.20075394,0.18118262
2020-06-03,0.29391494,0.20485315,0.30710991,0.20252171,0.17993486
2020-06-04,0.29871178,0.20280401,0.29804307,0.19259491,0.17405749
2020-06-05,0.28742823,0.22039598,0.30597744,0.22924636,0.22387001
2020-06-08,0.28570130,0.22073392,0.30028511,0.22482314,0.21384460
2020-06-09,0.28508585,0.21470931,0.29272480,0.21711929,0.21083470
2020-06-10,0.28676516,0.21550042,0.28456219,0.20748328,0.20253200
2020-06-11,0.19749785,0.29254501,0.36321255,0.39252723,0.39187101
2020-06-12,0.19777006,0.28961853,0.35574418,0.37410664,0.31722335
2020-06-15,0.19817066,0.28831491,0.34640547,0.35322093,0.31248694
2020-06-16,0.18755494,0.29525525,0.34370387,0.34604760,0.32608689
2020-06-17,0.18739757,0.27529702,0.33352827,0.32546838,0.31905640
2020-06-18,0.18961713,0.27287296,0.32337590,0.30543035,0.20313347
2020-06-19,0.18868824,0.26752997,0.31429760,0.28894465,0.19833425
2020-06-22,0.18839949,0.26710378,0.30576092,0.27331748,0.19626979
2020-06-23,0.19265700,0.26739446,0.29691697,0.25768899,0.18126259
2020-06-24,0.17130421,0.27918423,0.30536098,0.28448887,0.23114704
2020-06-25,0.16902927,0.27707385,0.29907684,0.27319135,0.21924992
2020-06-26,0.14784856,0.28971419,0.30524515,0.29232800,0.25299536
2020-06-29,0.14539418,0.29361245,0.30132672,0.28512268,0.24951682
2020-06-30,0.13602428,0.29807098,0.29813726,0.27978962,0.25767944
2020-07-01,0.13748498,0.29722893,0.28971041,0.26546411,0.23115990
2020-07-02,0.13881698,0.29391494,0.28143668,0.25080267,0.22742739
2020-07-06,0.12824497,0.29871178,0.27965732,0.25038652,0.22173220
2020-07-07,0.12457875,0.28742823,0.27441704,0.24437148,0.21513475
2020-07-08,0.12362429,0.28570130,0.26777905,0.23358433,0.20361957
2020-07-09,0.12207947,0.28508585,0.26055248,0.22305302,0.20238111
2020-07-10,0.11701504,0.28676516,0.25583868,0.21717129,0.20835466
2020-07-13,0.11575363,0.19749785,0.25072718,0.21247312,0.20192969
2020-07-14,0.11657208,0.19777006,0.24854338,0.21234921,0.18689118
2020-07-15,0.11251025,0.19817066,0.24352269,0.20574557,0.18401105
2020-07-16,0.11188930,0.18755494,0.23647647,0.19576394,0.18035506
2020-07-17,0.11184810,0.18739757,0.22953909,0.18556814,0.17356880
2020-07-20,0.10831655,0.18961713,0.22491469,0.18075200,0.17534216
2020-07-21,0.10923606,0.18868824,0.21816044,0.17138942,0.16477415
2020-07-22,0.10797120,0.18839949,0.21268493,0.16499083,0.16358177
2020-07-23,0.09977648,0.19265700,0.21176468,0.17257206,0.17541879
2020-07-24,0.10339777,0.17130421,0.20672843,0.16812529,0.17276575
2020-07-27,0.10096688,0.16902927,0.20246792,0.16380142,0.16845326
2020-07-28,0.10451310,0.14784856,0.19791763,0.16063515,0.16932997
2020-07-29,0.09552864,0.14539418,0.19780776,0.16564741,0.17590322
2020-07-30,0.09745052,0.13602428,0.19233744,0.15927228,0.16294655
2020-07-31,0.09409507,0.13748498,0.18883035,0.15621913,0.16440006
2020-08-03,0.09441357,0.13881698,0.18517997,0.15219396,0.16402330
2020-08-04,0.10746318,0.12824497,0.18008517,0.14580812,0.16110147
2020-08-05,0.16247669,0.12457875,0.17636870,0.14256154,0.15519545
2020-08-06,0.16342067,0.12362429,0.17280121,0.13965672,0.15598928
2020-08-07,0.19028870,0.12207947,0.16755506,0.13343953,0.15093288
2020-08-10,0.20222097,0.11701504,0.16279928,0.12823536,0.14875575
2020-08-11,0.20952838,0.11575363,0.16087673,0.13202226,0.15339835
2020-08-12,0.20392939,0.11657208,0.16507444,0.14578929,0.16661642
2020-08-13,0.20847185,0.11251025,0.16024385,0.13988904,0.15633021
2020-08-14,0.20924952,0.11188930,0.15536362,0.13374072,0.15555184
2020-08-17,0.20965372,0.11184810,0.15099772,0.12849431,0.15580310
2020-08-18,0.21153623,0.10831655,0.14667082,0.12354439,0.15271605
2020-08-19,0.21454911,0.10923606,0.14323476,0.12203497,0.14373688
2020-08-20,0.21803084,0.10797120,0.13941162,0.11811565,0.14369355
2020-08-21,0.22070237,0.09977648,0.13582301,0.11476846,0.14424926
2020-08-24,0.23329658,0.10339777,0.13729926,0.12195269,0.15242446
2020-08-25,0.23319397,0.10096688,0.13384647,0.11833814,0.14903589
2020-08-26,0.23697986,0.10451310,0.13563128,0.12524241,0.15732118
2020-08-27,0.24329219,0.09552864,0.13165996,0.12038650,0.15265283
2020-08-28,0.24275519,0.09745052,0.13028833,0.12045641,0.15526048
2020-08-31,0.24430090,0.09409507,0.12660787,0.11701889,0.14864129
2020-09-01,0.24360400,0.09441357,0.12616482,0.11859343,0.15272225
2020-09-02,0.24013313,0.10746318,0.13593533,0.13937270,0.16722384
2020-09-03,0.21477508,0.16247669,0.19157825,0.24091045,0.25274433
2020-09-04,0.21841326,0.16342067,0.18843677,0.23214665,0.22181185
2020-09-08,0.20436646,0.19028870,0.21297498,0.27040605,0.26888229
2020-09-09,0.19430891,0.20222097,0.22057080,0.27542169,0.27139059
2020-09-10,0.18681207,0.20952838,0.22470300,0.27822061,0.27313892
2020-09-11,0.19513275,0.20392939,0.21786750,0.26159632,0.22464044
2020-09-14,0.19139862,0.20847185,0.21689202,0.25474030,0.23205817
2020-09-15,0.19193262,0.20924952,0.21125666,0.24102920,0.20055281
2020-09-16,0.19133473,0.20965372,0.20561053,0.22894432,0.18516404
2020-09-17,0.18908406,0.21153623,0.20203522,0.22165295,0.17671254
2020-09-18,0.19361882,0.21454911,0.20070191,0.21920078,0.18484788
2020-09-21,0.19007810,0.21803084,0.19978108,0.21770015,0.18480206
2020-09-22,0.18674573,0.22070237,0.19792167,0.21226027,0.18800917
2020-09-23,0.16817517,0.23329658,0.21339413,0.24221792,0.22616100
2020-09-24,0.16827982,0.23319397,0.20721818,0.22847554,0.20712876
2020-09-25,0.17183867,0.23697986,0.21014687,0.23089168,0.22003531
2020-09-28,0.16301395,0.24329219,0.21301200,0.23324362,0.22515987
2020-09-29,0.20440645,0.24275519,0.20737301,0.22192592,0.21563977
2020-09-30,0.20655225,0.24430090,0.20358032,0.21332973,0.19775784
2020-10-01,0.21003950,0.24360400,0.19844295,0.20366178,0.19760613
2020-10-02,0.21166921,0.24013313,0.19600308,0.20072016,0.19350429
2020-10-05,0.21149791,0.21477508,0.20226185,0.21195651,0.20347401
2020-10-06,0.21923026,0.21841326,0.20359119,0.21618590,0.20057071
2020-10-07,0.22124610,0.20436646,0.20847080,0.22354758,0.21353420
2020-10-08,0.21951540,0.19430891,0.20448689,0.21455382,0.20398289
2020-10-09,0.22111269,0.18681207,0.20115906,0.20725871,0.20198120
2020-10-12,0.21385257,0.19513275,0.20505047,0.21382496,0.20544845
2020-10-13,0.21435913,0.19139862,0.20032024,0.20550489,0.19239789
2020-10-14,0.21593245,0.19193262,0.19592902,0.19830724,0.18118359
2020-10-15,0.22088863,0.19133473,0.19005324,0.18781314,0.17688513
2020-10-16,0.22450151,0.18908406,0.18426420,0.17773230,0.17322654
2020-10-19,0.21777232,0.19361882,0.18977594,0.19348815,0.18418120
2020-10-20,0.22086488,0.19007810,0.18490624,0.18427410,0.17410714
2020-10-21,0.22115486,0.18674573,0.17947689,0.17518727,0.17083523
2020-10-22,0.22167944,0.16817517,0.17518255,0.16790039,0.17223510
2020-10-23,0.22221344,0.16827982,0.17037164,0.16005241,0.16848992
2020-10-26,0.21963156,0.17183867,0.18057891,0.18658104,0.18619144
2020-10-27,0.21944933,0.16301395,0.17547379,0.17778836,0.17219565
2020-10-28,0.18093937,0.20440645,0.22013208,0.26389733,0.26100093
2020-10-29,0.17692098,0.20655225,0.21836517,0.25576756,0.23638495
2020-10-30,0.17612874,0.21003950,0.21696585,0.25108641,0.24148043
2020-11-02,0.17105872,0.21166921,0.21567583,0.24505011,0.23528522
2020-11-03,0.15978288,0.21149791,0.22007145,0.24907494,0.25019128
2020-11-04,0.14405727,0.21923026,0.22959997,0.26197823,0.22851325
2020-11-05,0.12782816,0.22124610,0.23488217,0.26705186,0.23436652
2020-11-06,0.12818738,0.21951540,0.22772947,0.25127658,0.21749522
2020-11-09,0.12479070,0.22111269,0.22537712,0.24414985,0.22117606
2020-11-10,0.12477587,0.21385257,0.21857910,0.23024139,0.20553102
2020-11-11,0.12202857,0.21435913,0.21398312,0.22037109,0.18954903
2020-11-12,0.11795390,0.21593245,0.21109743,0.21624741,0.17985278
2020-11-13,0.11703857,0.22088863,0.21130924,0.21601483,0.19116942
2020-11-16,0.11011954,0.22450151,0.20976247,0.21252887,0.19031556
2020-11-17,0.11065697,0.21777232,0.20422816,0.20293989,0.18767595
2020-11-18,0.10377862,0.22086488,0.20310614,0.20358735,0.19370275
2020-11-19,0.10376738,0.22115486,0.19751338,0.19315979,0.18623284
2020-11-20,0.10130102,0.22167944,0.19332158,0.18740678,0.18172706
2020-11-23,0.09944617,0.22221344,0.18870192,0.17943715,0.17675586
2020-11-24,0.08339439,0.21963156,0.19328308,0.18998741,0.19562236
2020-11-25,0.08848469,0.21944933,0.18749631,0.18021613,0.17953204
2020-11-27,0.08843318,0.18093937,0.18202263,0.17098781,0.17919437
2020-11-30,0.08710567,0.17692098,0.17738404,0.16489289,0.17040963
2020-12-01,0.08108174,0.17612874,0.17741647,0.16657423,0.17833972
2020-12-02,0.09585067,0.17105872,0.17215234,0.15825286,0.16118247
2020-12-03,0.09889588,0.15978288,0.16692554,0.15067754,0.15991674
2020-12-04,0.09612834,0.14405727,0.16541616,0.15030597,0.16468881
2020-12-07,0.10863795,0.12782816,0.16055378,0.14395282,0.15769466
2020-12-08,0.10985989,0.12818738,0.15603844,0.13783864,0.14915645
2020-12-09,0.10873740,0.12479070,0.15443508,0.14030844,0.15502733
2020-12-10,0.10865566,0.12477587,0.14981384,0.13449865,0.15159504
2020-12-11,0.10885232,0.12202857,0.14533328,0.12919799,0.14762199
2020-12-14,0.10857941,0.11795390,0.14192618,0.12705948,0.14886608
2020-12-15,0.10215879,0.11703857,0.14637840,0.13911227,0.16302036
2020-12-16,0.10576749,0.11011954,0.14208615,0.13306526,0.15236234
2020-12-17,0.11440974,0.11065697,0.13955476,0.13039330,0.15442128
2020-12-18,0.11376438,0.10377862,0.13599285,0.12716851,0.15406151
2020-12-21,0.11343545,0.10376738,0.13272540,0.12471505,0.15310480
2020-12-22,0.11389578,0.10130102,0.12893481,0.12080862,0.14409866
2020-12-23,0.11398341,0.09944617,0.12504055,0.11625657,0.14343500
2020-12-24,0.14478594,0.08339439,0.12200605,0.11319032,0.14267789
2020-12-28,0.14556805,0.08848469,0.12301529,0.11786439,0.14736038
2020-12-29,0.16029213,0.08843318,0.11958251,0.11475920,0.14382062
2020-12-30,0.16945500,0.08710567,0.11605668,0.11082210,0.14351572
2020-12-31,0.17466195,0.08108174,0.11525558,0.11172719,0.14753783
2021-01-04,0.16693550,0.09585067,0.12580839,0.13830489,0.16545912
2021-01-05,0.16931652,0.09889588,0.12502486,0.13675018,0.15796920
2021-01-06,0.16870286,0.09612834,0.12322130,0.13362542,0.15887273
2021-01-07,0.16280736,0.10863795,0.13250204,0.14957169,0.17671364
2021-01-08,0.16174419,0.10985989,0.13021873,0.14490267,0.16966268
2021-01-11,0.16013630,0.10873740,0.12881543,0.14402324,0.16200632
2021-01-12,0.16023318,0.10865566,0.12490165,0.13743396,0.15744707
2021-01-13,0.16086562,0.10885232,0.12141877,0.13167517,0.15630940
2021-01-14,0.16034943,0.10857941,0.11862456,0.12857145,0.14625611
2021-01-15,0.15839295,0.10215879,0.11838407,0.13092693,0.14927332
2021-01-19,0.15663769,0.10576749,0.11902424,0.13192739,0.15026152
2021-01-20,0.14925943,0.11440974,0.12732906,0.14571083,0.16603081
2021-01-21,0.15165857,0.11376438,0.12345625,0.13898651,0.15822173
2021-01-22,0.15136098,0.11343545,0.12026810,0.13442632,0.15830125
2021-01-25,0.15582925,0.11389578,0.11744583,0.12963482,0.15649698
2021-01-26,0.17783902,0.11398341,0.11401525,0.12489258,0.15283417
2021-01-27,0.15420270,0.14478594,0.14983691,0.19052349,0.20215829
2021-01-28,0.17111447,0.14556805,0.15010189,0.18691852,0.18786751
2021-01-29,0.15970901,0.16029213,0.16409859,0.20932422,0.21295772
2021-02-01,0.15665176,0.16945500,0.17072441,0.21538257,0.21926935
2021-02-02,0.15634341,0.17466195,0.17400725,0.21572897,0.22510589
2021-02-03,0.17001416,0.16693550,0.16875184,0.20348799,0.19400749
2021-02-04,0.16689213,0.16931652,0.16890964,0.20011334,0.19795366
2021-02-05,0.17332644,0.16870286,0.16446102,0.18985113,0.17923562
2021-02-08,0.17269522,0.16280736,0.16200717,0.18330659,0.17187225
2021-02-09,0.17632976,0.16174419,0.15713151,0.17383159,0.15945508
2021-02-10,0.17636075,0.16013630,0.15235057,0.16490640,0.15915518
2021-02-11,0.17768646,0.16023318,0.14785051,0.15666964,0.15326045
2021-02-12,0.17702264,0.16086562,0.14450669,0.15063648,0.15455596
2021-02-16,0.17729165,0.16034943,0.14012193,0.14367025,0.15086271
2021-02-17,0.18462042,0.15839295,0.13585896,0.13723478,0.15068915
2021-02-18,0.18399464,0.15663769,0.13283953,0.13432276,0.15225283
2021-02-19,0.18547441,0.14925943,0.12899488,0.12937549,0.15116384
2021-02-22,0.18542313,0.15165857,0.12865639,0.13273804,0.15445996
2021-02-23,0.18634241,0.15136098,0.12483250,0.12715964,0.15215666
2021-02-24,0.18309113,0.15582925,0.12874248,0.13538302,0.16424895
2021-02-25,0.17151254,0.17783902,0.15769307,0.19199467,0.20905489
2021-02-26,0.17074406,0.15420270,0.15400611,0.18409262,0.19157610
2021-03-01,0.15046498,0.17111447,0.17508135,0.21543172,0.22521699
2021-03-02,0.14834632,0.15970901,0.17265471,0.20907870,0.21358706
2021-03-03,0.14693269,0.15665176,0.17503310,0.21188499,0.21724459
2021-03-04,0.14786992,0.15634341,0.17764373,0.21502361,0.20096238
2021-03-05,0.13192099,0.17001416,0.18788503,0.22755401,0.22056391
2021-03-08,0.13070085,0.16689213,0.18335578,0.21710847,0.19034301
2021-03-09,0.12216762,0.17332644,0.18598173,0.21771530,0.20142505
2021-03-10,0.12329174,0.17269522,0.18182515,0.20740662,0.19097456
2021-03-11,0.11797404,0.17632976,0.18081454,0.20292688,0.19048840
2021-03-12,0.11847080,0.17636075,0.17535061,0.19165678,0.17071579
2021-03-15,0.11719296,0.17768646,0.17186066,0.18401646,0.17305786
2021-03-16,0.12314759,0.17702264,0.16673703,0.17466458,0.16248637
2021-03-17,0.12337684,0.17729165,0.16204369,0.16600034,0.16126265
2021-03-18,0.11361320,0.18462042,0.16741030,0.17987701,0.17588903
2021-03-19,0.11602869,0.18399464,0.16232724,0.17053998,0.16788784
2021-03-22,0.11791610,0.18547441,0.15971888,0.16547543,0.17020154
2021-03-23,0.11927937,0.18542313,0.15769184,0.16390054,0.17347734
2021-03-24,0.12363101,0.18634241,0.15436697,0.15946275,0.17324041
2021-03-25,0.12245354,0.18309113,0.15103790,0.15363310,0.16431372
2021-03-26,0.10830805,0.17151254,0.15986662,0.17043124,0.18607140
2021-03-29,0.10830591,0.17074406,0.15503321,0.16192545,0.17061965
2021-03-30,0.11025093,0.15046498,0.15081257,0.15537793,0.16862515
2021-03-31,0.11235671,0.14834632,0.14689269,0.14870995,0.16427435
2021-04-01,0.10514757,0.14693269,0.14957403,0.15406879,0.17442374
2021-04-05,0.09554532,0.14786992,0.15536115,0.16484645,0.17404241
2021-04-06,0.09551679,0.13192099,0.15067583,0.15683412,0.16535801
2021-04-07,0.09945346,0.13070085,0.14619805,0.14924278,0.16246883
2021-04-08,0.10161566,0.12216762,0.14268724,0.14352070,0.16320880
2021-04-09,0.10457847,0.12329174,0.14153542,0.14229416,0.16000045
2021-04-12,0.10884361,0.11797404,0.13722580,0.13596848,0.14686443
2021-04-13,0.13175292,0.11847080,0.13365864,0.13085544,0.14710410
2021-04-14,0.13752931,0.11719296,0.13056201,0.12826094,0.14824933
2021-04-15,0.14172086,0.12314759,0.13365702,0.13562896,0.15839572
2021-04-16,0.14144289,0.12337684,0.13034016,0.13074642,0.15179079
2021-04-19,0.14333310,0.11361320,0.12805189,0.12975109,0.15400866
2021-04-20,0.14173775,0.11602869,0.12695615,0.13129386,0.15527369
2021-04-21,0.14276836,0.11791610,0.12825031,0.13439097,0.16084348
2021-04-22,0.13914989,0.11927937,0.12944455,0.14005554,0.15933079
2021-04-23,0.13824684,0.12363101,0.13242687,0.14510374,0.16604421
2021-04-26,0.13830566,0.12245354,0.12857919,0.13855848,0.16027795
2021-04-27,0.13845610,0.10830805,0.12466495,0.13256211,0.15767063
2021-04-28,0.13848387,0.10830591,0.12091190,0.12729040,0.15139958
2021-04-29,0.13652741,0.11025093,0.12012235,0.12662394,0.15148940
2021-04-30,0.13422734,0.11235671,0.11979964,0.12933087,0.14864317
2021-05-03,0.13398392,0.10514757,0.11663923,0.12432886,0.14670932
2021-05-04,0.13255745,0.09554532,0.11604876,0.12637778,0.14992716
2021-05-05,0.13599203,0.09551679,0.11254667,0.12135441,0.14648759
2021-05-06,0.13307082,0.09945346,0.11360765,0.12371640,0.15081616
2021-05-07,0.13061621,0.10161566,0.11379056,0.12440047,0.15079948
2021-05-10,0.12561840,0.10457847,0.11762378,0.13471561,0.15890455
2021-05-11,0.12299498,0.10884361,0.11896537,0.13913227,0.15921565
2021-05-12,0.09762949,0.13175292,0.14287112,0.18176662,0.19662466
2021-05-13,0.08839778,0.13752931,0.14629086,0.18319435,0.19027589
2021-05-14,0.07232970,0.14172086,0.15307619,0.19004199,0.20038943
2021-05-17,0.07419640,0.14144289,0.14873941,0.18066468,0.18875786
2021-05-18,0.06803956,0.14333310,0.14799424,0.17865368,0.19118609
2021-05-19,0.08136086,0.14173775,0.14394283,0.17047798,0.16877419
2021-05-20,0.08727529,0.14276836,0.14540689,0.17046454,0.17124241
2021-05-21,0.08901188,0.13914989,0.14101018,0.16193221,0.15603665
2021-05-24,0.08227992,0.13824684,0.14199136,0.16189998,0.16430439
2021-05-25,0.08437164,0.13830566,0.13791408,0.15465395,0.15656461
2021-05-26,0.08490616,0.13845610,0.13391129,0.14731720,0.15626817
2021-05-27,0.08518767,0.13848387,0.12991077,0.14048086,0.15063789
2021-05-28,0.08515147,0.13652741,0.12598862,0.13420916,0.15060413
2021-06-01,0.08525845,0.13422734,0.12216551,0.12866585,0.14499365
2021-06-02,0.08700230,0.13398392,0.11857721,0.12349959,0.14454925
2021-06-03,0.08989328,0.13255745,0.11583065,0.12119674,0.14559309
2021-06-04,0.08486264,0.13599203,0.11739412,0.12487651,0.15250269
2021-06-07,0.08560948,0.13307082,0.11386001,0.12029976,0.14934967
2021-06-08,0.09064049,0.13061621,0.11039347,0.11588981,0.14881058
2021-06-09,0.09841227,0.12561840,0.10726558,0.11275848,0.14862773
2021-06-10,0.09782072,0.12299498,0.10555227,0.11114176,0.14915085
2021-06-11,0.09834818,0.09762949,0.10261625,0.10777779,0.14391135
2021-06-14,0.09823015,0.08839778,0.09973975,0.10471152,0.14031064
2021-06-15,0.09863380,0.07232970,0.09701778,0.10292933,0.13941581
2021-06-16,0.10032590,0.07419640,0.09638138,0.10581583,0.14043930
2021-06-17,0.11460266,0.06803956,0.09346058,0.10298928,0.13789292
2021-06-18,0.11728977,0.08136086,0.10416252,0.12655172,0.15518413
2021-06-21,0.11065763,0.08727529,0.11455281,0.14167100,0.16646155
2021-06-22,0.10945455,0.08901188,0.11282747,0.13743122,0.16058478
2021-06-23,0.11484314,0.08227992,0.10947145,0.13181013,0.15824050
2021-06-24,0.11337539,0.08437164,0.10850170,0.12935316,0.16068768
2021-06-25,0.11396953,0.08490616,0.10598787,0.12488239,0.15164700
2021-06-28,0.11368953,0.08518767,0.10315166,0.12031477,0.14137664
2021-06-29,0.11461151,0.08515147,0.10001506,0.11588936,0.13968278
2021-06-30,0.11604856,0.08525845,0.09710545,0.11190315,0.13980001
2021-07-01,0.11481555,0.08700230,0.09630062,0.11099276,0.14051268
2021-07-02,0.11538459,0.08989328,0.09778325,0.11370671,0.14464811
2021-07-06,0.11628910,0.08486264,0.09513046,0.11094520,0.14226767
2021-07-07,0.11755176,0.08560948,0.09314956,0.10834986,0.14266548
2021-07-08,0.11386375,0.09064049,0.09630137,0.11713799,0.14975837
2021-07-09,0.10708080,0.09841227,0.10304947,0.12699649,0.15779961
2021-07-12,0.10646913,0.09782072,0.10080432,0.12281636,0.15105400
2021-07-13,0.10585954,0.09834818,0.09868882,0.12046468,0.15143777
2021-07-14,0.10674939,0.09823015,0.09578940,0.11600424,0.15045198
2021-07-15,0.10629327,0.09863380,0.09373639,0.11414254,0.14757664
2021-07-16,0.10340833,0.10032590,0.09552580,0.11952098,0.14631026
2021-07-19,0.09069184,0.11460266,0.11156536,0.14789984,0.16794971
2021-07-20,0.08311929,0.11728977,0.12298047,0.16171847,0.17805756
2021-07-21,0.07822583,0.11065763,0.12343179,0.15908605,0.17469259
2021-07-22,0.08282252,0.10945455,0.11992769,0.15136747,0.17087250
2021-07-23,0.08063069,0.11484314,0.12272063,0.15315833,0.17687054
2021-07-26,0.08037524,0.11337539,0.11934124,0.14605183,0.16181117
2021-07-27,0.07906610,0.11396953,0.11715440,0.14253800,0.15221710
2021-07-28,0.08161233,0.11368953,0.11358771,0.13615850,0.14769815
2021-07-29,0.08585989,0.11461151,0.11133021,0.13163388,0.14924202
2021-07-30,0.08509356,0.11604856,0.10997745,0.13067768,0.14612140
2021-08-02,0.08498211,0.11481555,0.10686804,0.12611725,0.14473846
2021-08-03,0.08013829,0.11538459,0.10837327,0.12790290,0.15007196
2021-08-04,0.07912099,0.11628910,0.10661168,0.12632830,0.14906065
2021-08-05,0.07636281,0.11755176,0.10595347,0.12473742,0.15084463
2021-08-06,0.07704860,0.11386375,0.10293169,0.11998823,0.14801482
2021-08-09,0.07711529,0.10708080,0.09986294,0.11595489,0.14723832
2021-08-10,0.07868082,0.10646913,0.09689755,0.11193942,0.14271523
2021-08-11,0.08302042,0.10585954,0.09407638,0.10834903,0.14156412
2021-08-12,0.08215218,0.10674939,0.09261867,0.10673951,0.14124646
2021-08-13,0.08435997,0.10629327,0.09001402,0.10374228,0.14060298
2021-08-16,0.08881921,0.10340833,0.08786330,0.10147417,0.14109193
2021-08-17,0.08552938,0.09069184,0.08953157,0.10800459,0.14560137
2021-08-18,0.08318124,0.08311929,0.09644023,0.12274919,0.15333809
2021-08-19,0.10207149,0.07822583,0.09362972,0.11811013,0.14603713
2021-08-20,0.09817087,0.08282252,0.09609716,0.12094208,0.15201598
2021-08-23,0.09924841,0.08063069,0.09884249,0.12406571,0.15608210
2021-08-24,0.10756045,0.08037524,0.09600741,0.11934134,0.15005714
2021-08-25,0.10740490,0.07906610,0.09348122,0.11527840,0.14421638
2021-08-26,0.10591991,0.08161233,0.09343680,0.11714591,0.14730060
2021-08-27,0.12399959,0.08585989,0.09679507,0.12140997,0.15025961
2021-08-30,0.12322255,0.08509356,0.09532234,0.11850170,0.14496788
2021-08-31,0.12994044,0.08498211,0.09256741,0.11482206,0.14401324
2021-09-01,0.13583070,0.08013829,0.08975562,0.11076031,0.14341192
2021-09-02,0.14284077,0.07912099,0.08771852,0.10784848,0.14186043
2021-09-03,0.14736848,0.07636281,0.08505624,0.10478661,0.13702381
2021-09-07,0.14757983,0.07704860,0.08351896,0.10442735,0.13694771
2021-09-08,0.15026126,0.07711529,0.08113701,0.10218936,0.13648761
2021-09-09,0.14955522,0.07868082,0.08068720,0.10387834,0.13874576
2021-09-10,0.14904735,0.08302042,0.08383640,0.11147049,0.14380965
2021-09-13,0.14907489,0.08215218,0.08176191,0.10819719,0.14172479
2021-09-14,0.14810147,0.08435997,0.08237787,0.11094794,0.14425548
2021-09-15,0.15657166,0.08881921,0.08634561,0.11550007,0.15008227
2021-09-16,0.15858334,0.08552938,0.08393251,0.11223260,0.14616469
2021-09-17,0.15581924,0.08318124,0.08881778,0.12160529,0.15106861
2021-09-20,0.14632962,0.10207149,0.10885065,0.15320807,0.17416022
2021-09-21,0.14685008,0.09817087,0.10558192,0.14607813,0.16181975
2021-09-22,0.14350998,0.09924841,0.10879328,0.14740841,0.16624644
2021-09-23,0.13734309,0.10756045,0.11543630,0.15379920,0.17531625
2021-09-24,0.13822739,0.10740490,0.11206353,0.14641346,0.16636454
2021-09-27,0.13803522,0.10591991,0.10918614,0.14096751,0.15260036
2021-09-28,0.11950676,0.12399959,0.13269006,0.17900478,0.18960134
2021-09-29,0.12409854,0.12322255,0.12879218,0.16956551,0.17083416
2021-09-30,0.11714678,0.12994044,0.13327657,0.17557721,0.17661212
2021-10-01,0.11043347,0.13583070,0.13664127,0.17687089,0.18243748
2021-10-04,0.10152487,0.14284077,0.14189375,0.18421324,0.19163947
2021-10-05,0.09741524,0.14736848,0.14346819,0.18242715,0.17688297
2021-10-06,0.09745537,0.14757983,0.14000574,0.17362976,0.17434351
2021-10-07,0.09404574,0.15026126,0.13949237,0.16974392,0.17316947
2021-10-08,0.09386170,0.14955522,0.13544783,0.16165200,0.16493516
2021-10-11,0.09158525,0.14904735,0.13402615,0.15928377,0.16086239
2021-10-12,0.09558399,0.14907489,0.13028337,0.15239767,0.15366368
2021-10-13,0.09502969,0.14810147,0.12685836,0.14562548,0.15343442
2021-10-14,0.07884830,0.15657166,0.13948363,0.16532718,0.17599203
2021-10-15,0.07452616,0.15858334,0.13828813,0.16124367,0.16992119
2021-10-18,0.07480995,0.15581924,0.13471382,0.15386794,0.16668261
2021-10-19,0.07090022,0.14632962,0.13371371,0.15095559,0.17031285
2021-10-20,0.07073433,0.14685008,0.13041795,0.14466435,0.16711562
2021-10-21,0.07013895,0.14350998,0.12697879,0.13857439,0.15346743
2021-10-22,0.07091337,0.13734309,0.12318120,0.13284498,0.14968987
2021-10-25,0.06922672,0.13822739,0.12084066,0.12915755,0.15021553
2021-10-26,0.06939502,0.13803522,0.11737248,0.12404089,0.14673894
2021-10-27,0.10415722,0.11950676,0.11548817,0.12353519,0.14846815
2021-10-28,0.10846343,0.12409854,0.11825333,0.12893300,0.15337359
2021-10-29,0.12695052,0.11714678,0.11490066,0.12387380,0.14975347
2021-11-01,0.13331472,0.11043347,0.11161961,0.11902539,0.14758439
2021-11-02,0.14140288,0.10152487,0.10915792,0.11584591,0.14765197
2021-11-03,0.14269144,0.09741524,0.10875524,0.11619076,0.14866537
2021-11-04,0.14759421,0.09745537,0.10668348,0.11374084,0.14271643
2021-11-05,0.16327371,0.09404574,0.10444319,0.11117101,0.14309213
2021-11-08,0.16359319,0.09386170,0.10132020,0.10763781,0.14184675
2021-11-09,0.16504123,0.09158525,0.09917447,0.10709511,0.14235169
2021-11-10,0.16584260,0.09558399,0.10137556,0.11534478,0.14637138
2021-11-11,0.16885198,0.09502969,0.09831058,0.11139843,0.14248004
2021-11-12,0.16900962,0.07884830,0.09933868,0.11358611,0.14707317
2021-11-15,0.17810069,0.07452616,0.09631244,0.10989040,0.14255585
2021-11-16,0.18018524,0.07480995,0.09457559,0.10786119,0.14302321
2021-11-17,0.18348982,0.07090022,0.09225224,0.10630553,0.13922462
2021-11-18,0.18736505,0.07073433,0.09040182,0.10428492,0.13970406
2021-11-19,0.19699865,0.07013895,0.08781663,0.10215908,0.13636014
2021-11-22,0.19979116,0.07091337,0.08604709,0.10194381,0.13733363
2021-11-23,0.20086201,0.06922672,0.08367382,0.09949115,0.13631177
2021-11-24,0.20627491,0.06939502,0.08161253,0.09754946,0.13619406
2021-11-26,0.19031753,0.10415722,0.11937511,0.16248898,0.18528910
2021-11-29,0.18488007,0.10846343,0.12647379,0.16880172,0.18137883
2021-11-30,0.17288898,0.12695052,0.14344648,0.19436250,0.20372606
2021-12-01,0.16816178,0.13331472,0.14655451,0.19771541,0.20277505
2021-12-02,0.16241592,0.14140288,0.15229331,0.20091703,0.21284528
2021-12-03,0.15974937,0.14269144,0.15129469,0.19646639,0.19162663
2021-12-06,0.16878897,0.14759421,0.15353581,0.19520328,0.19279388
2021-12-07,0.15316669,0.16327371,0.16884995,0.21470958,0.20604993
2021-12-08,0.15343993,0.16359319,0.16414375,0.20270947,0.18783675
2021-12-09,0.15147765,0.16504123,0.16159184,0.19632542,0.18338784
2021-12-10,0.15119304,0.16584260,0.16096854,0.19166521,0.18593811
2021-12-13,0.14813333,0.16885198,0.16009343,0.18935638,0.18364025
2021-12-14,0.15407276,0.16900962,0.15793139,0.18477007,0.16676385
2021-12-15,0.14349519,0.17810069,0.16559544,0.19484679,0.18662047
2021-12-16,0.15426827,0.18018524,0.16414204,0.19153214,0.18190052
2021-12-17,0.15379576,0.18348982,0.16414298,0.19124053,0.18419628
2021-12-20,0.15348340,0.18736505,0.16525674,0.19308844,0.18774415
2021-12-21,0.15558510,0.19699865,0.17425946,0.20521166,0.20527529
2021-12-22,0.15188011,0.19979116,0.17348071,0.20047393,0.19306535
2021-12-23,0.15622221,0.20086201,0.16991722,0.19159540,0.18957263
2021-12-27,0.14888086,0.20627491,0.17319268,0.19495947,0.19878123
2021-12-28,0.15000998,0.19031753,0.16796251,0.18435583,0.18743820
2021-12-29,0.17153344,0.18488007,0.16293678,0.17437369,0.17063252
2021-12-30,0.18307601,0.17288898,0.15840154,0.16648936,0.16542542
2021-12-31,0.18437787,0.16816178,0.15391602,0.15906435,0.16132455
2022-01-03,0.18591988,0.16241592,0.15125853,0.15401388,0.15465280
2022-01-04,0.20464274,0.15974937,0.14667103,0.14669956,0.15152123
2022-01-05,0.19389195,0.16878897,0.16130788,0.18012049,0.18546641
2022-01-06,0.19428838,0.15316669,0.15643873,0.17067785,0.17090862
2022-01-07,0.19593424,0.15343993,0.15249174,0.16396468,0.16920890
2022-01-10,0.20213370,0.15147765,0.14795253,0.15607819,0.16684422
2022-01-11,0.20945409,0.15119304,0.14776224,0.15553629,0.17380957
2022-01-12,0.21949362,0.14813333,0.14367801,0.14832708,0.15235633
2022-01-13,0.21420885,0.15407276,0.15005530,0.16455023,0.17074374
2022-01-14,0.22093909,0.14349519,0.14551892,0.15612905,0.16195794
2022-01-18,0.21140034,0.15426827,0.15847129,0.18346258,0.18984998
2022-01-19,0.22146833,0.15379576,0.15823973,0.18310412,0.18210872
2022-01-20,0.21952387,0.15348340,0.15937358,0.18536870,0.18803225
2022-01-21,0.21227821,0.15558510,0.17143382,0.20733512,0.20340609
2022-01-24,0.22161761,0.15188011,0.16655936,0.19576338,0.19067285
2022-01-25,0.22351622,0.15622221,0.16836027,0.19853753,0.18759329
2022-01-26,0.23623577,0.14888086,0.16333520,0.18776370,0.17839537
2022-01-27,0.23564670,0.15000998,0.15974468,0.18072892,0.17413777
2022-01-28,0.22694348,0.17153344,0.18093382,0.21478039,0.20449572
2022-01-31,0.22670864,0.18307601,0.18990970,0.22574753,0.21243069
2022-02-01,0.22620464,0.18437787,0.18603511,0.21542456,0.19948307
2022-02-02,0.22555379,0.18591988,0.18401736,0.20858689,0.20452490
2022-02-03,0.23308878,0.20464274,0.20260881,0.24258045,0.24226830
2022-02-04,0.23376353,0.19389195,0.19745214,0.22935813,0.20704893
2022-02-07,0.24941167,0.19428838,0.19197932,0.21725732,0.19133352
2022-02-08,0.24816984,0.19593424,0.18895230,0.20901197,0.19449417
2022-02-09,0.24726094,0.20213370,0.19157680,0.21127334,0.20457062
2022-02-10,0.24040188,0.20945409,0.19887950,0.22570133,0.19967563
2022-02-11,0.24243776,0.21949362,0.20670194,0.23974474,0.21504485
2022-02-14,0.25392696,0.21420885,0.20096276,0.22688352,0.20470109
2022-02-15,0.25169321,0.22093909,0.20411547,0.22913669,0.21813046
2022-02-16,0.25485965,0.21140034,0.19792693,0.21562078,0.20325697
2022-02-17,0.24384407,0.22146833,0.20916320,0.23781575,0.22178671
2022-02-18,0.24567352,0.21952387,0.20471044,0.22799677,0.19777712
2022-02-22,0.24685654,0.21227821,0.20239427,0.22310010,0.20276669
2022-02-23,0.24336784,0.22161761,0.20911099,0.23615305,0.21364446
2022-02-24,0.23851512,0.22351622,0.21079923,0.23561652,0.21911483
2022-02-25,0.22720687,0.23623577,0.22174836,0.25166820,0.22940134
2022-02-28,0.23093725,0.23564670,0.21520322,0.23712716,0.21426351
2022-03-01,0.22559278,0.22694348,0.21728017,0.24121005,0.22708908
2022-03-02,0.22312477,0.22670864,0.22256835,0.24745850,0.22842878
2022-03-03,0.22268959,0.22620464,0.21675830,0.23497794,0.21104083
2022-03-04,0.22272961,0.22555379,0.21242529,0.22632045,0.19584755
2022-03-07,0.20186618,0.23308878,0.23662442,0.27356955,0.25399511
2022-03-08,0.20312948,0.23376353,0.23114627,0.26060750,0.22308309
2022-03-09,0.18371697,0.24941167,0.24486207,0.28076379,0.25149624
2022-03-10,0.18334257,0.24816984,0.23799095,0.26490824,0.23526167
2022-03-11,0.18721310,0.24726094,0.23625159,0.26038940,0.24316803
2022-03-14,0.18580521,0.24040188,0.23087838,0.24878247,0.21020678
2022-03-15,0.17498860,0.24243776,0.23851821,0.26017906,0.23563852
2022-03-16,0.16288642,0.25392696,0.24675278,0.27199805,0.23219716
2022-03-17,0.15724251,0.25169321,0.24394856,0.26327220,0.22819808
2022-03-18,0.16173165,0.25485965,0.24077577,0.25451523,0.22597044
2022-03-21,0.16173884,0.24384407,0.23344689,0.23917915,0.22029261
2022-03-22,0.16520915,0.24567352,0.23051696,0.23241458,0.21047287
2022-03-23,0.18697905,0.24685654,0.22859443,0.23057744,0.19893405
2022-03-24,0.18142364,0.24336784,0.22844463,0.22967659,0.20308262
2022-03-25,0.20588670,0.23851512,0.22235523,0.21744889,0.19133064
2022-03-28,0.20453309,0.22720687,0.21735165,0.20789178,0.19319008
2022-03-29,0.21731093,0.23093725,0.21598860,0.20615320,0.19519954
2022-03-30,0.25127168,0.22559278,0.21084287,0.19837029,0.18727120
2022-03-31,0.24603874,0.22312477,0.21342608,0.20877374,0.19596060
2022-04-01,0.24632378,0.22268959,0.20734728,0.19722456,0.18583050
2022-04-04,0.26511559,0.22272961,0.20345804,0.19058828,0.18842109
2022-04-05,0.29014581,0.20186618,0.20328257,0.19495204,0.19253495
2022-04-06,0.28884084,0.20312948,0.20071367,0.19321909,0.18791215
2022-04-07,0.30973518,0.18371697,0.19529772,0.18352277,0.17510187
2022-04-08,0.30971542,0.18334257,0.18962931,0.17460301,0.17029707
2022-04-11,0.30944102,0.18721310,0.19540310,0.19285642,0.19142397
2022-04-12,0.30924634,0.18580521,0.18991740,0.18363748,0.17470028
2022-04-13,0.31753561,0.17498860,0.18913400,0.18304521,0.18028369
2022-04-14,0.31499999,0.16288642,0.18942718,0.18766075,0.18491361
2022-04-18,0.32250517,0.15724251,0.18365819,0.17744989,0.17639241
2022-04-19,0.34837783,0.16173165,0.18852973,0.18814055,0.18421356
2022-04-20,0.34896033,0.16173884,0.18280218,0.17797559,0.17409233
2022-04-21,0.34514158,0.16520915,0.18641812,0.18968721,0.18727315
2022-04-22,0.33716739,0.18697905,0.21126473,0.24110183,0.23175649
2022-04-25,0.33777552,0.18142364,0.20601682,0.22834567,0.21100656
2022-04-26,0.32461181,0.20588670,0.22851852,0.27007539,0.25379761
2022-04-27,0.33161966,0.20453309,0.22170676,0.25361336,0.23317454
2022-04-28,0.33161566,0.21731093,0.23503237,0.27251079,0.26243029
2022-04-29,0.30667994,0.25127168,0.26940566,0.33127074,0.30027938
2022-05-02,0.30715669,0.24603874,0.26212380,0.31278241,0.27119445
2022-05-03,0.31315867,0.24632378,0.25483019,0.29398790,0.24605534
2022-05-04,0.30155972,0.26511559,0.27227500,0.31916094,0.29394917
2022-05-05,0.27430484,0.29014581,0.29934908,0.36414125,0.32576998
2022-05-06,0.27555879,0.28884084,0.29107194,0.34269824,0.26277510
2022-05-09,0.25421048,0.30973518,0.30930651,0.37130577,0.31633989
2022-05-10,0.26741829,0.30971542,0.30003568,0.34757913,0.29445663
2022-05-11,0.28049738,0.30944102,0.29797098,0.33964263,0.28535912
2022-05-12,0.31212093,0.30924634,0.28893759,0.31823927,0.23832904
2022-05-13,0.30151876,0.31753561,0.29477010,0.32452267,0.27039762
2022-05-16,0.30535952,0.31499999,0.28620353,0.30513597,0.22323032
2022-05-17,0.31869848,0.32250517,0.28814394,0.30564819,0.24756979
2022-05-18,0.28499824,0.34837783,0.32210673,0.37084204,0.32183620
2022-05-19,0.29636246,0.34896033,0.31312167,0.34898506,0.28798193
2022-05-20,0.29639637,0.34514158,0.30358325,0.32672687,0.27167780
2022-05-23,0.29133274,0.33716739,0.30289224,0.32163214,0.28862824
2022-05-24,0.30814452,0.33777552,0.29537157,0.30542028,0.27035390
2022-05-25,0.30659040,0.32461181,0.28869971,0.29035620,0.21975529
2022-05-26,0.30710748,0.33161966,0.29018536,0.29228470,0.23780406
2022-05-27,0.29521630,0.33161566,0.29696348,0.30460289,0.26427902
2022-05-31,0.29598328,0.30667994,0.28895513,0.28822742,0.23872710
2022-06-01,0.29707198,0.30715669,0.28167062,0.27435516,0.23290545
2022-06-02,0.29030894,0.31315867,0.28217237,0.27557827,0.24941136
2022-06-03,0.28490684,0.30155972,0.28098330,0.27607496,0.24533448
2022-06-06,0.28931256,0.27430484,0.27269559,0.25940818,0.21399910
2022-06-07,0.28745777,0.27555879,0.26694470,0.24849594,0.21161126
2022-06-08,0.28780511,0.25421048,0.26223030,0.24241829,0.21512978
2022-06-09,0.27731723,0.26741829,0.27094432,0.26710299,0.23406391
2022-06-10,0.25820772,0.28049738,0.28670930,0.30289583,0.26419101
2022-06-13,0.21913142,0.31212093,0.31766144,0.36289315,0.32498083
2022-06-14,0.22844653,0.30151876,0.30833488,0.34059288,0.29194469
2022-06-15,0.22475717,0.30535952,0.30420303,0.32810677,0.29717225
2022-06-16,0.21521956,0.31869848,0.32172182,0.36111201,0.33126099
2022-06-17,0.21604661,0.28499824,0.31203800,0.33808694,0.28593006
2022-06-21,0.20202522,0.29636246,0.31680863,0.34280532,0.26664789
2022-06-22,0.20456982,0.29639637,0.30719911,0.32118832,0.25217566
2022-06-23,0.20196407,0.29133274,0.30011645,0.30487651,0.25103327
2022-06-24,0.17756960,0.30814452,0.31363929,0.32982448,0.26745399
2022-06-27,0.19855648,0.30659040,0.30430490,0.30963367,0.24560977
2022-06-28,0.19026631,0.30710748,0.30546048,0.31338856,0.25183957
2022-06-29,0.19642693,0.29521630,0.29616786,0.29378446,0.23956242
2022-06-30,0.19429518,0.29598328,0.28917607,0.28063818,0.23867048
2022-07-01,0.19226080,0.29707198,0.28332303,0.26931723,0.21258388
2022-07-05,0.19955863,0.29030894,0.27476082,0.25288633,0.20890617
2022-07-06,0.19919397,0.28490684,0.26675130,0.23814748,0.19173484
2022-07-07,0.19251600,0.28931256,0.26499595,0.23754561,0.20650965
2022-07-08,0.19254228,0.28745777,0.25694340,0.22359751,0.19676565
2022-07-11,0.18888331,0.28780511,0.25316261,0.22161087,0.20210171
2022-07-12,0.19991962,0.27731723,0.24809246,0.21614308,0.20368459
2022-07-13,0.19933489,0.25820772,0.24116086,0.20572740,0.19874582
2022-07-14,0.20776320,0.21913142,0.23410556,0.19516128,0.18460761
2022-07-15,0.19751737,0.22844653,0.23871838,0.21086610,0.20325652
2022-07-18,0.19547067,0.22475717,0.23373879,0.20527761,0.19197879
2022-07-19,0.17299983,0.21521956,0.25017242,0.24410799,0.23794241
2022-07-20,0.17197655,0.21604661,0.24362586,0.23129338,0.21376251
2022-07-21,0.17448027,0.20202522,0.23926627,0.22350290,0.21915356
2022-07-22,0.18709329,0.20456982,0.23482487,0.21796165,0.20617615
2022-07-25,0.18719883,0.20196407,0.22772851,0.20534395,0.20092693
2022-07-26,0.18310531,0.17756960,0.22535934,0.20569692,0.18059845
2022-07-27,0.16696462,0.19855648,0.24045737,0.23960944,0.22021818
2022-07-28,0.20055870,0.19026631,0.23780199,0.23409762,0.20773662
2022-07-29,0.19588849,0.19642693,0.23699393,0.23263546,0.21226851
2022-08-01,0.19937927,0.19429518,0.23003695,0.21958090,0.20678099
2022-08-02,0.19988726,0.19226080,0.22453868,0.21098438,0.20428131
2022-08-03,0.19280256,0.19955863,0.22590557,0.21538940,0.19444563
2022-08-04,0.19637678,0.19919397,0.21904445,0.20315153,0.18054055
2022-08-05,0.19680989,0.19251600,0.21246570,0.19213539,0.17186649
2022-08-08,0.20659049,0.19254228,0.20604940,0.18185894,0.17006004
2022-08-09,0.20732358,0.18888331,0.20045717,0.17432286,0.16956098
2022-08-10,0.20103139,0.19991962,0.21090929,0.20048502,0.19457455
2022-08-11,0.20429849,0.19933489,0.20450256,0.18939038,0.17946768
2022-08-12,0.24827664,0.20776320,0.20921670,0.20120964,0.20251984
2022-08-15,0.24817363,0.19751737,0.20342723,0.19073333,0.19446338
2022-08-16,0.25120248,0.19547067,0.19736458,0.18033731,0.19135182
2022-08-17,0.25118310,0.17299983,0.19342557,0.17644880,0.17632201
2022-08-18,0.25217389,0.17197655,0.18774011,0.16729841,0.16994525
2022-08-19,0.25121857,0.17448027,0.18889292,0.17630374,0.17097096
2022-08-22,0.24712767,0.18709329,0.20153225,0.20869866,0.20201715
2022-08-23,0.24873959,0.18719883,0.19558687,0.19750327,0.18695140
2022-08-24,0.25572561,0.18310531,0.18996625,0.18685873,0.18525407
2022-08-25,0.25365798,0.16696462,0.19204845,0.19157567,0.19933097
2022-08-26,0.22428645,0.20055870,0.22896637,0.26674768,0.26191238
2022-08-29,0.23307023,0.19588849,0.22350952,0.25393357,0.21882237
2022-08-30,0.24148981,0.19937927,0.22094909,0.24765023,0.22473958
2022-08-31,0.24565009,0.19988726,0.21638065,0.23772558,0.22517384
2022-09-01,0.26090803,0.19280256,0.21011112,0.22405137,0.21689950
2022-09-02,0.27850523,0.19637678,0.20798967,0.22067006,0.17777237
2022-09-06,0.27823024,0.19680989,0.20228375,0.20968776,0.17315151
2022-09-07,0.27335093,0.20659049,0.20846609,0.22041372,0.19445882
2022-09-08,0.28962158,0.20732358,0.20373279,0.21024242,0.18467190
2022-09-09,0.28601211,0.20103139,0.20613045,0.21398777,0.20078955
2022-09-12,0.28458046,0.20429849,0.20400115,0.20901564,0.19494493
2022-09-13,0.24015333,0.24827664,0.26202557,0.31906255,0.30869166
2022-09-14,0.25577687,0.24817363,0.25438322,0.29954219,0.25655346
2022-09-15,0.26598630,0.25120248,0.25057347,0.28908337,0.26243823
2022-09-16,0.27986073,0.25118310,0.24455145,0.27494321,0.25546664
2022-09-19,0.28162206,0.25217389,0.23858580,0.26043964,0.25334831
2022-09-20,0.27983331,0.25121857,0.23547999,0.25388016,0.19246750
2022-09-21,0.27476269,0.24712767,0.23797180,0.25898470,0.20949631
2022-09-22,0.28501329,0.24873959,0.23305739,0.24877963,0.19822924
2022-09-23,0.28156862,0.25572561,0.23585060,0.25489635,0.21611645
2022-09-26,0.28479594,0.25365798,0.23221021,0.24755766,0.21332266
2022-09-27,0.28585744,0.22428645,0.22528739,0.23337180,0.20460661
2022-09-28,0.27858031,0.23307023,0.23118696,0.24330469,0.21427156
2022-09-29,0.28149232,0.24148981,0.23902805,0.25999921,0.23190991
2022-09-30,0.27774821,0.24565009,0.23914661,0.26002006,0.22392714
2022-10-03,0.26364807,0.26090803,0.25225690,0.28145633,0.25540227
2022-10-04,0.25751311,0.27850523,0.27117795,0.31112941,0.29065624
2022-10-05,0.26004456,0.27823024,0.26303408,0.29230974,0.25943922
2022-10-06,0.26181349,0.27335093,0.25814559,0.28125691,0.25161701
2022-10-07,0.24487544,0.28962158,0.27356668,0.31027344,0.28629615
2022-10-10,0.24425232,0.28601211,0.26684003,0.29474165,0.25202193
2022-10-11,0.25384294,0.28458046,0.25995806,0.27964821,0.22235972
2022-10-12,0.31501801,0.24015333,0.25236438,0.26362404,0.22119893
2022-10-13,0.30391819,0.25577687,0.26420086,0.28411793,0.24990103
2022-10-14,0.29402637,0.26598630,0.27255230,0.30032999,0.24306982
2022-10-17,0.28135007,0.27986073,0.28311768,0.31553170,0.26731619
2022-10-18,0.28005796,0.28162206,0.27802601,0.30187866,0.25728581
2022-10-19,0.27930191,0.27983331,0.27081021,0.28633355,0.25629714
2022-10-20,0.27841573,0.27476269,0.26438869,0.27324479,0.23775174
2022-10-21,0.26664480,0.28501329,0.27206659,0.28632339,0.25037679
2022-10-24,0.26759764,0.28156862,0.26774725,0.27587194,0.22215183
2022-10-25,0.26249090,0.28479594,0.26706547,0.27303910,0.22973949
2022-10-26,0.26123289,0.28585744,0.26053001,0.26053619,0.22427986
2022-10-27,0.26590044,0.27858031,0.25370489,0.24788494,0.22303873
2022-10-28,0.25225238,0.28149232,0.26353941,0.26782027,0.24017073
2022-10-31,0.27222566,0.27774821,0.25716208,0.25583597,0.22113048
2022-11-01,0.27186979,0.26364807,0.24983948,0.24203496,0.21039015
2022-11-02,0.25736588,0.25751311,0.26147261,0.27025367,0.24693263
2022-11-03,0.26227924,0.26004456,0.25686253,0.26177865,0.23213631
2022-11-04,0.26290501,0.26181349,0.25453141,0.25621858,0.22087684
2022-11-07,0.26088728,0.24487544,0.24956616,0.24591056,0.21952444
2022-11-08,0.26146144,0.24425232,0.24293505,0.23294121,0.21421601
2022-11-09,0.25243751,0.25384294,0.24928352,0.25066756,0.22058448
2022-11-10,0.17665362,0.31501801,0.32004086,0.37916202,0.35909814
2022-11-11,0.17556835,0.30391819,0.31234575,0.35833389,0.30512633
2022-11-14,0.17406820,0.29402637,0.30483513,0.34017839,0.30257710
2022-11-15,0.19245715,0.28135007,0.29746757,0.32199150,0.30170542
2022-11-16,0.19421934,0.28005796,0.29019978,0.30619378,0.28937256
2022-11-17,0.19644016,0.27930191,0.28161624,0.28812996,0.19386667
2022-11-18,0.19578354,0.27841573,0.27366038,0.27147063,0.19163777
2022-11-21,0.20189915,0.26664480,0.26575467,0.25638828,0.18842647
2022-11-22,0.20278778,0.26759764,0.26294293,0.25135934,0.19583774
2022-11-23,0.20277168,0.26249090,0.25596188,0.23816546,0.18917657
2022-11-25,0.20325596,0.26123289,0.24816669,0.22426582,0.18605551
2022-11-28,0.20040183,0.26590044,0.24810174,0.23008351,0.20352728
2022-11-29,0.20910842,0.25225238,0.24062332,0.21709843,0.19550436
2022-11-30,0.18071143,0.27222566,0.26167020,0.26350231,0.24885761
2022-12-01,0.18121922,0.27186979,0.25372113,0.24832443,0.22363751
2022-12-02,0.18303055,0.25736588,0.24603567,0.23398616,0.22362292
2022-12-05,0.17673263,0.26227924,0.24865857,0.24400700,0.23352578
2022-12-06,0.18662913,0.26290501,0.24759219,0.24490188,0.23787232
2022-12-07,0.18653635,0.26088728,0.24015895,0.23101812,0.19812393
2022-12-08,0.18628540,0.26146144,0.23465890,0.22090452,0.20167919
2022-12-09,0.18975086,0.25243751,0.22931132,0.21316276,0.20379235
2022-12-12,0.18366448,0.17665362,0.22905927,0.21459416,0.20203350
2022-12-13,0.18245691,0.17556835,0.22386984,0.20569920,0.17307484
2022-12-14,0.18137750,0.17406820,0.21832990,0.19791210,0.17369600
2022-12-15,0.16794896,0.19245715,0.23332007,0.23641377,0.21862462
2022-12-16,0.16555067,0.19421934,0.23036643,0.23239802,0.20685740
2022-12-19,0.17504160,0.19644016,0.22610281,0.22564574,0.20108829
2022-12-20,0.17972409,0.19578354,0.21925187,0.21271534,0.19654312
2022-12-21,0.17231672,0.20189915,0.22018279,0.21535434,0.21103162
2022-12-22,0.16477416,0.20278778,0.22085225,0.22029999,0.19571861
2022-12-23,0.16786288,0.20277168,0.21532949,0.20969231,0.18542442
2022-12-27,0.16749585,0.20325596,0.20936511,0.19973370,0.18195090
2022-12-28,0.16835849,0.20040183,0.20836279,0.20179754,0.19308677
2022-12-29,0.16517971,0.20910842,0.21293421,0.21175945,0.20138544
2022-12-30,0.16883160,0.18071143,0.20668424,0.20068670,0.18384706
2023-01-03,0.17568875,0.18121922,0.20099311,0.19119477,0.17749402
2023-01-04,0.17745331,0.18303055,0.19704635,0.18472763,0.18094125
2023-01-05,0.17406423,0.17673263,0.19639836,0.18803891,0.18409450
2023-01-06,0.16168217,0.18662913,0.20968935,0.21528397,0.20513720
2023-01-09,0.16620448,0.18653635,0.20332330,0.20332089,0.18801816
2023-01-10,0.16729478,0.18628540,0.19897516,0.19514647,0.19113461
2023-01-11,0.16152126,0.18975086,0.19919933,0.19621060,0.19954343
2023-01-12,0.16584511,0.18366448,0.19358558,0.18609408,0.18958737
2023-01-13,0.16527132,0.18245691,0.18832799,0.17707882,0.16705042
2023-01-17,0.16539971,0.18137750,0.18276173,0.16854409,0.16644990
2023-01-18,0.16345722,0.16794896,0.18739673,0.18409250,0.18486838
2023-01-19,0.16157011,0.16555067,0.18411799,0.18043816,0.17016843
2023-01-20,0.16373183,0.17504160,0.19281176,0.19796560,0.19564753
2023-01-23,0.15863097,0.17972409,0.19249712,0.19694529,0.19434660
2023-01-24,0.15967696,0.17231672,0.18665340,0.18635584,0.18982752
2023-01-25,0.16383832,0.16477416,0.18096857,0.17647412,0.17807301
2023-01-26,0.15974273,0.16786288,0.18054587,0.17660779,0.18409147
2023-01-27,0.15985675,0.16749585,0.17531366,0.16769003,0.16463196
2023-01-30,0.15420324,0.16835849,0.17738988,0.17661672,0.17298181
2023-01-31,0.14807995,0.16517971,0.18103607,0.18407707,0.18394397
2023-02-01,0.15397870,0.16883160,0.18011769,0.18218251,0.18381323
2023-02-02,0.14546426,0.17568875,0.18361769,0.18881937,0.19228906
2023-02-03,0.15074011,0.17745331,0.18256673,0.18905657,0.19367437
2023-02-06,0.14930274,0.17406423,0.17861803,0.18295674,0.18591260
2023-02-07,0.15650540,0.16168217,0.18017677,0.18566632,0.18815441
2023-02-08,0.15986358,0.16620448,0.17998084,0.18768957,0.18514563
2023-02-09,0.15697085,0.16729478,0.17787311,0.18545135,0.17840726
2023-02-10,0.16669441,0.16152126,0.17266505,0.17578069,0.17097215
2023-02-13,0.16377088,0.16584511,0.17315820,0.17676089,0.17911193
2023-02-14,0.17451956,0.16527132,0.16788664,0.16767311,0.16719998
2023-02-15,0.17843320,0.16539971,0.16312795,0.15959596,0.16193350
2023-02-16,0.17455946,0.16345722,0.16711968,0.17199350,0.17511275
2023-02-17,0.17993151,0.16157011,0.16238647,0.16433624,0.16709586
2023-02-21,0.17539656,0.16373183,0.17602317,0.19456624,0.19477197
2023-02-22,0.17561538,0.15863097,0.17077062,0.18446596,0.17957083
2023-02-23,0.17573072,0.15967696,0.16685329,0.17650907,0.18060362
2023-02-24,0.17195093,0.16383832,0.16693235,0.17871000,0.18067034
2023-02-27,0.17170882,0.15974273,0.16228608,0.16986293,0.17733944
2023-02-28,0.17824475,0.15985675,0.15778578,0.16257217,0.15805059
2023-03-01,0.17858254,0.15420324,0.15408367,0.15727225,0.15957517
2023-03-02,0.18350034,0.14807995,0.15224969,0.15430283,0.16144817
2023-03-03,0.17537600,0.15397870,0.16021538,0.16939773,0.17554824
2023-03-06,0.17651257,0.14546426,0.15535753,0.16080810,0.16534078
2023-03-07,0.16842987,0.15074011,0.16215711,0.17705821,0.18391768
2023-03-08,0.16881295,0.14930274,0.15731324,0.16791282,0.17437612
2023-03-09,0.15602551,0.15650540,0.16885336,0.19193977,0.19946828
2023-03-10,0.14762003,0.15986358,0.17325321,0.20032292,0.19390260
2023-03-13,0.14822381,0.15697085,0.16807793,0.18977425,0.18655844
2023-03-14,0.14439025,0.16669441,0.17490950,0.19918822,0.19717766
2023-03-15,0.14251714,0.16377088,0.17175491,0.19310225,0.19256361
2023-03-16,0.12963314,0.17451956,0.17975688,0.20454656,0.19966519
2023-03-17,0.12385540,0.17843320,0.17952777,0.20397867,0.19126168
2023-03-20,0.11997597,0.17455946,0.17744966,0.19791939,0.19339775
2023-03-21,0.11324959,0.17993151,0.17920566,0.19881365,0.19192889
2023-03-22,0.09761368,0.17539656,0.18534935,0.21091071,0.20563997
2023-03-23,0.09711104,0.17561538,0.18007609,0.19955581,0.18324072
2023-03-24,0.10999515,0.17573072,0.17595449,0.19057710,0.18029483
2023-03-27,0.11065341,0.17195093,0.17071418,0.18042548,0.17583426
2023-03-28,0.12930628,0.17170882,0.16562681,0.17145343,0.16768803
2023-03-29,0.12301459,0.17824475,0.16972936,0.17871572,0.17253832
2023-03-30,0.12142749,0.17858254,0.16604412,0.17159965,0.16783722
2023-03-31,0.11793671,0.18350034,0.17036058,0.17928932,0.18269191
2023-04-03,0.11973867,0.17537600,0.16579344,0.17069600,0.17639902
2023-04-04,0.12067148,0.17651257,0.16232462,0.16599404,0.17699747
2023-04-05,0.13604508,0.16842987,0.15767842,0.15868498,0.16735362
2023-04-06,0.13549000,0.16881295,0.15350485,0.15175704,0.16509435
2023-04-10,0.13637614,0.15602551,0.14887884,0.14459070,0.15473312
2023-04-11,0.13725387,0.14762003,0.14434348,0.13807596,0.15137030
2023-04-12,0.13662799,0.14822381,0.14087058,0.13476126,0.14969370
2023-04-13,0.12889611,0.14439025,0.14587183,0.14610536,0.16519055
2023-04-14,0.12910234,0.14251714,0.14165719,0.14025718,0.15653617
2023-04-17,0.13049102,0.12963314,0.13794013,0.13478040,0.15699713
2023-04-18,0.13673288,0.12385540,0.13377922,0.12903050,0.15438463
2023-04-19,0.14055703,0.11997597,0.12970418,0.12386279,0.15256063
2023-04-20,0.13911744,0.11324959,0.12787782,0.12468948,0.14651266
2023-04-21,0.13908333,0.09761368,0.12403183,0.11982683,0.14355264
2023-04-24,0.14444313,0.09711104,0.12029886,0.11540259,0.14074929
2023-04-25,0.13587999,0.10999515,0.13207534,0.14444999,0.16541312
2023-04-26,0.13855677,0.11065341,0.12892328,0.14018287,0.15705431
2023-04-27,0.12926433,0.12930628,0.14594907,0.16885335,0.18748704
2023-04-28,0.12608958,0.12301459,0.14506733,0.16553342,0.18061539
2023-05-01,0.12785666,0.12142749,0.14065601,0.15740416,0.17685867
2023-05-02,0.12598216,0.11793671,0.14370305,0.16463109,0.17698731
2023-05-03,0.13333523,0.11973867,0.14197630,0.16217887,0.17450756
2023-05-04,0.13113614,0.12067148,0.14050432,0.16033459,0.15992451
2023-05-05,0.11507230,0.13604508,0.15370077,0.18062908,0.18393691
2023-05-08,0.11581980,0.13549000,0.14902879,0.17118569,0.17256510
2023-05-09,0.11669695,0.13637614,0.14558690,0.16510381,0.16814111
2023-05-10,0.11573151,0.13725387,0.14221975,0.15820894,0.16687960
2023-05-11,0.11996729,0.13662799,0.13804517,0.15111940,0.16395124
2023-05-12,0.12220786,0.12889611,0.13398151,0.14457594,0.14726446
2023-05-15,0.12181179,0.12910234,0.13040668,0.13854291,0.14666515
2023-05-16,0.12690601,0.13049102,0.12885844,0.13820259,0.14930637
2023-05-17,0.12079220,0.13673288,0.13311996,0.14560268,0.16012214
2023-05-18,0.11747599,0.14055703,0.13414126,0.14691979,0.16293577
2023-05-19,0.11877449,0.13911744,0.13017642,0.14067117,0.15970417
2023-05-22,0.11946431,0.13908333,0.12621216,0.13446672,0.15894282
2023-05-23,0.11598576,0.14444313,0.12999788,0.14482171,0.16862016
2023-05-24,0.11422735,0.13587999,0.12923353,0.14524050,0.16230071
2023-05-25,0.11701507,0.13855677,0.12980287,0.14542604,0.16125416
2023-05-26,0.10806033,0.12926433,0.13557017,0.15428132,0.17332711
2023-05-30,0.10916095,0.12608958,0.13144017,0.14696452,0.16474595
2023-05-31,0.11510867,0.12785666,0.12964413,0.14521739,0.16165551
2023-06-01,0.11005676,0.12598216,0.13135110,0.14714839,0.16637441
2023-06-02,0.09828753,0.13333523,0.13916251,0.15929631,0.17677511
2023-06-05,0.10183995,0.13113614,0.13514825,0.15227861,0.16167244
2023-06-06,0.10199917,0.11507230,0.13134964,0.14534875,0.16165587
2023-06-07,0.10147920,0.11581980,0.12821123,0.14096774,0.15855858
2023-06-08,0.10189749,0.11669695,0.12659919,0.13797770,0.15688086
2023-06-09,0.10498364,0.11573151,0.12282353,0.13198797,0.14462228
2023-06-12,0.10412628,0.11996729,0.12442678,0.13493408,0.15285156
2023-06-13,0.10140092,0.12220786,0.12359108,0.13356912,0.15381567
2023-06-14,0.10223394,0.12181179,0.11986832,0.12793960,0.15123363
2023-06-15,0.09642146,0.12690601,0.12538622,0.13780051,0.16319456
2023-06-16,0.09592337,0.12079220,0.12240500,0.13402840,0.15859914
2023-06-20,0.09737839,0.11747599,0.12010256,0.13185795,0.15493458
2023-06-21,0.09566564,0.11877449,0.11822579,0.13061308,0.15366968
2023-06-22,0.09582167,0.11946431,0.11552545,0.12629734,0.15386838
2023-06-23,0.09255959,0.11598576,0.11592714,0.12986236,0.15167618
2023-06-26,0.09124088,0.11422735,0.11374761,0.12784245,0.14963671
2023-06-27,0.08524336,0.11701507,0.11884447,0.13598400,0.15984515
2023-06-28,0.09178412,0.10806033,0.11523222,0.13028459,0.15291672
2023-06-29,0.09061507,0.10916095,0.11306193,0.12660880,0.15288569
2023-06-30,0.08069774,0.11510867,0.11943365,0.13694737,0.16328478
2023-07-03,0.09394844,0.11005676,0.11588456,0.13083133,0.15639126
2023-07-05,0.09411606,0.09828753,0.11261515,0.12632750,0.14940887
2023-07-06,0.09185593,0.10183995,0.11348057,0.13038393,0.15388562
2023-07-07,0.09647377,0.10199917,0.11058771,0.12660006,0.15114701
2023-07-10,0.09722333,0.10147920,0.10762486,0.12192526,0.14353045
2023-07-11,0.09751553,0.10189749,0.10756781,0.12181860,0.14773574
2023-07-12,0.09410509,0.10498364,0.10817096,0.12275601,0.15087097
2023-07-13,0.08953116,0.10412628,0.10988423,0.12538922,0.15246984
2023-07-14,0.09163934,0.10140092,0.10661123,0.12087424,0.14863471
2023-07-17,0.09919607,0.10223394,0.10444079,0.11761150,0.14940445
2023-07-18,0.09963187,0.09642146,0.10494714,0.11863135,0.15147633
2023-07-19,0.10285603,0.09592337,0.10216131,0.11467668,0.14600711
2023-07-20,0.10014008,0.09737839,0.10249744,0.11819123,0.14659814
2023-07-21,0.10291148,0.09566564,0.09938294,0.11396051,0.14446762
2023-07-24,0.10241628,0.09582167,0.09761880,0.11155981,0.14512157
2023-07-25,0.10882169,0.09255959,0.09527389,0.10851882,0.14244078
2023-07-26,0.11851114,0.09124088,0.09237344,0.10529384,0.14131975
2023-07-27,0.11867742,0.08524336,0.09300007,0.10961119,0.14301481
2023-07-28,0.11572788,0.09178412,0.09793322,0.11727231,0.15012127
2023-07-31,0.12592387,0.09061507,0.09512113,0.11317205,0.14554600
2023-08-01,0.12628146,0.08069774,0.09280532,0.11074140,0.14540768
2023-08-02,0.11682057,0.09394844,0.10503632,0.13398310,0.16283947
2023-08-03,0.11665210,0.09411606,0.10231854,0.12958068,0.15401649
2023-08-04,0.11610689,0.09185593,0.10133081,0.12865150,0.15159187
2023-08-07,0.11445382,0.09647377,0.10426947,0.13141677,0.15770625
2023-08-08,0.11405871,0.09722333,0.10242060,0.12888326,0.15589178
2023-08-09,0.11151252,0.09751553,0.10302906,0.13084843,0.15018071
2023-08-10,0.11389961,0.09410509,0.09989514,0.12547923,0.14747250
2023-08-11,0.11554619,0.08953116,0.09694130,0.12096326,0.14566018
2023-08-14,0.11390721,0.09163934,0.09659652,0.11959446,0.14411541
2023-08-15,0.11045681,0.09919607,0.10398052,0.13362821,0.15533281
2023-08-16,0.11535415,0.09963187,0.10503765,0.13588131,0.15300791
2023-08-17,0.11222034,0.10285603,0.10619508,0.13811372,0.15617802
2023-08-18,0.11246680,0.10014008,0.10296157,0.13218351,0.15374755
2023-08-21,0.11469075,0.10291148,0.10332307,0.13100471,0.15628928
2023-08-22,0.12783886,0.10241628,0.10075754,0.12707229,0.14831730
2023-08-23,0.12230409,0.10882169,0.10661740,0.13425498,0.15678722
2023-08-24,0.11379241,0.11851114,0.11602171,0.15052736,0.16633408
2023-08-25,0.12269860,0.11867742,0.11546082,0.14712043,0.16368259
2023-08-28,0.12077900,0.11572788,0.11454704,0.14353469,0.16306982
2023-08-29,0.11185773,0.12592387,0.12438174,0.15611907,0.17882569
2023-08-30,0.11146679,0.12628146,0.12150672,0.14956460,0.16744522
2023-08-31,0.11132956,0.11682057,0.11796894,0.14316940,0.15835204
2023-09-01,0.12105306,0.11665210,0.11458850,0.13686590,0.15474201
2023-09-05,0.12338852,0.11610689,0.11229332,0.13373779,0.15431951
2023-09-06,0.12106952,0.11445382,0.11221960,0.13491503,0.14758936
2023-09-07,0.12723680,0.11405871,0.10951743,0.13099381,0.14521137
2023-09-08,0.12899105,0.11151252,0.10632569,0.12566757,0.14471015
2023-09-11,0.12815478,0.11389961,0.10632861,0.12506190,0.14863594
2023-09-12,0.12748457,0.11554619,0.10545509,0.12526955,0.14917250
2023-09-13,0.12924780,0.11390721,0.10235629,0.12042244,0.14540764
2023-09-14,0.12713441,0.11045681,0.10446863,0.12328053,0.15164012
2023-09-15,0.12529893,0.11535415,0.11190151,0.13815673,0.16209064
2023-09-18,0.12527449,0.11222034,0.10852876,0.13216036,0.15379476
2023-09-19,0.13349888,0.11246680,0.10555516,0.12766256,0.15211713
2023-09-20,0.13275411,0.11469075,0.10872234,0.13460452,0.16038609
2023-09-21,0.12754172,0.12783886,0.12347541,0.15977791,0.17782889
2023-09-22,0.12742707,0.12230409,0.12004694,0.15291235,0.16168847
2023-09-25,0.12912453,0.11379241,0.11743223,0.14678475,0.16208661
2023-09-26,0.12857802,0.12269860,0.12765026,0.16391890,0.17934853
2023-09-27,0.13502547,0.12077900,0.12376473,0.15584432,0.16740100
2023-09-28,0.13451919,0.11185773,0.12215023,0.15101292,0.15724034
2023-09-29,0.14041865,0.11146679,0.11889806,0.14518182,0.15479825
2023-10-02,0.14218714,0.11132956,0.11527636,0.13850179,0.15345131
2023-10-03,0.13867071,0.12105306,0.12404530,0.15445739,0.16078737
2023-10-04,0.15045042,0.12338852,0.12429969,0.15247972,0.15963645
2023-10-05,0.15383088,0.12106952,0.12061978,0.14574209,0.15547066
2023-10-06,0.14847636,0.12723680,0.12554737,0.15151621,0.16747326
2023-10-09,0.14720012,0.12899105,0.12415109,0.14756564,0.16594910
2023-10-10,0.14613758,0.12815478,0.12205188,0.14288779,0.15778442
2023-10-11,0.14807615,0.12748457,0.11950034,0.13787781,0.15492917
2023-10-12,0.15600260,0.12924780,0.11839412,0.13732327,0.15764851
2023-10-13,0.15505293,0.12713441,0.11644275,0.13511623,0.15163854
2023-10-16,0.16429570,0.12529893,0.12010267,0.13999082,0.15884911
2023-10-17,0.16438831,0.12527449,0.11644449,0.13393558,0.15207128
2023-10-18,0.15765979,0.13349888,0.12448882,0.14989741,0.16817097
2023-10-19,0.15493683,0.13275411,0.12515964,0.15157148,0.16624095
2023-10-20,0.15076847,0.12754172,0.13095945,0.16187334,0.17594373
2023-10-23,0.15081807,0.12742707,0.12713924,0.15452418,0.16354233
2023-10-24,0.14937963,0.12912453,0.12643960,0.15140624,0.16812605
2023-10-25,0.14076645,0.12857802,0.13484057,0.16633448,0.17610513
2023-10-26,0.13476241,0.13502547,0.13868422,0.17240920,0.17633220
2023-10-27,0.13377062,0.13451919,0.13575493,0.16643664,0.16610025
2023-10-30,0.12725960,0.14041865,0.13956592,0.16953730,0.17733251
2023-10-31,0.12596161,0.14218714,0.13762178,0.16401264,0.17361729
2023-11-01,0.12234046,0.13867071,0.13948078,0.16462837,0.17216853
2023-11-02,0.10550589,0.15045042,0.15350982,0.18452204,0.19004603
2023-11-03,0.10043075,0.15383088,0.15320948,0.18104824,0.18441512
2023-11-06,0.10115998,0.14847636,0.14869814,0.17173912,0.17559267
2023-11-07,0.10436809,0.14720012,0.14458937,0.16345802,0.17340260
2023-11-08,0.10526656,0.14613758,0.14023899,0.15542905,0.16797716
2023-11-09,0.10234538,0.14807615,0.13958177,0.15567447,0.15716421
2023-11-10,0.08857675,0.15600260,0.14813737,0.16865535,0.17230033
2023-11-13,0.10021674,0.15505293,0.14366131,0.16043856,0.16331605
2023-11-14,0.07643845,0.16429570,0.15747580,0.18188741,0.19275692
2023-11-15,0.07623877,0.16438831,0.15280448,0.17248873,0.18069004
2023-11-16,0.07771953,0.15765979,0.14822165,0.16376609,0.17787440
2023-11-17,0.08019473,0.15493683,0.14379256,0.15573453,0.16590496
2023-11-20,0.09168783,0.15076847,0.14232167,0.15264711,0.17013343
2023-11-21,0.09807138,0.15081807,0.13821001,0.14624556,0.15001659
2023-11-22,0.09723116,0.14937963,0.13492312,0.14076367,0.15132953
2023-11-24,0.09830364,0.14076645,0.13083339,0.13457225,0.15022908
2023-11-27,0.09819476,0.13476241,0.12707552,0.12973111,0.14888357
2023-11-28,0.09814448,0.13377062,0.12326316,0.12448819,0.14483668
2023-11-29,0.09857851,0.12725960,0.11956475,0.12004812,0.14448316
2023-11-30,0.09966561,0.12596161,0.11684894,0.11684323,0.14388774
2023-12-01,0.10148402,0.12234046,0.11555544,0.11596791,0.14640193
2023-12-04,0.10043707,0.10550589,0.11400250,0.11688402,0.14691703
2023-12-05,0.10061632,0.10043075,0.11055167,0.11300186,0.14286057
2023-12-06,0.11089268,0.10115998,0.10825887,0.11216881,0.14368410
2023-12-07,0.10755258,0.10436809,0.10940379,0.11537759,0.14871248
2023-12-08,0.10839819,0.10526656,0.10725490,0.11289252,0.14596076
2023-12-11,0.10757081,0.10234538,0.10509690,0.11052256,0.14527051
2023-12-12,0.10642159,0.08857675,0.10344574,0.10905099,0.14625014
2023-12-13,0.09637069,0.10021674,0.11330689,0.12670102,0.16072655
2023-12-14,0.09789883,0.07643845,0.11033498,0.12214173,0.15114995
2023-12-15,0.10250062,0.07623877,0.10697415,0.11763543,0.14720450
2023-12-18,0.10981225,0.07771953,0.10519273,0.11531009,0.14844434
2023-12-19,0.10819342,0.08019473,0.10449352,0.11477769,0.14994249
2023-12-20,0.09582215,0.09168783,0.11650142,0.13952583,0.16049955
2023-12-21,0.08904685,0.09807138,0.11977641,0.14313072,0.16132435
2023-12-22,0.09070086,0.09723116,0.11630651,0.13680664,0.15757839
2023-12-26,0.08954198,0.09830364,0.11395257,0.13229461,0.15803846
2023-12-27,0.09313089,0.09819476,0.11062084,0.12685846,0.15585575
2023-12-28,0.09314532,0.09814448,0.10726054,0.12186132,0.14446394
2023-12-29,0.10836759,0.09857851,0.10457375,0.11890264,0.13956194
2024-01-02,0.11492089,0.09966561,0.10376302,0.11976606,0.14224242
2024-01-03,0.11740887,0.10148402,0.10535765,0.12492098,0.14653170
2024-01-04,0.11732661,0.10043707,0.10301723,0.12222815,0.14467459
2024-01-05,0.11742878,0.10061632,0.10013042,0.11778992,0.14428112
2024-01-08,0.11063702,0.11089268,0.11133198,0.13458092,0.16286976
2024-01-09,0.11053599,0.10755258,0.10809346,0.12947778,0.15390358
2024-01-10,0.11058287,0.10839819,0.10707852,0.12707755,0.15317688
2024-01-11,0.11060733,0.10757081,0.10384928,0.12230405,0.15122694
2024-01-12,0.12042472,0.10642159,0.10072792,0.11771329,0.15097539
2024-01-16,0.12419830,0.09637069,0.09873525,0.11613020,0.14181129
2024-01-17,0.12429310,0.09789883,0.09820108,0.11734770,0.14292296
2024-01-18,0.12167467,0.10250062,0.10112813,0.12131602,0.14775419
2024-01-19,0.11594305,0.10981225,0.10898578,0.13247338,0.15929816
2024-01-22,0.11577690,0.10819342,0.10600883,0.12722782,0.15380475
2024-01-23,0.13618130,0.09582215,0.10340340,0.12276613,0.15347899
2024-01-24,0.13615761,0.08904685,0.10030298,0.11813427,0.14989815
2024-01-25,0.13557766,0.09070086,0.09936422,0.11652048,0.14781012
2024-01-26,0.13568744,0.08954198,0.09637054,0.11271533,0.13856541
2024-01-29,0.13328171,0.09313089,0.09791317,0.11507618,0.14413172
2024-01-30,0.13448456,0.09314532,0.09495909,0.11138980,0.14129474
2024-01-31,0.12524320,0.10836759,0.11163495,0.14194919,0.16683270
2024-02-01,0.11769875,0.11492089,0.11851406,0.14971934,0.16961604
2024-02-02,0.11729118,0.11740887,0.12210914,0.15253786,0.17379683
2024-02-05,0.11811244,0.11732661,0.11903783,0.14696442,0.16768096
2024-02-06,0.12307613,0.11742878,0.11575979,0.14053480,0.16769044
2024-02-07,0.12187764,0.11063702,0.11668283,0.14034688,0.16117176
2024-02-08,0.12192368,0.11053599,0.11314995,0.13421727,0.14941174
2024-02-09,0.12633691,0.11058287,0.11193955,0.13140846,0.14678084
2024-02-12,0.12647028,0.11060733,0.10859219,0.12637592,0.14471825
2024-02-13,0.11755441,0.12042472,0.11811476,0.14477168,0.16284520
2024-02-14,0.11504722,0.12419830,0.12036795,0.14625501,0.16094736
2024-02-15,0.11535848,0.12429310,0.11886354,0.14229759,0.16055223
2024-02-16,0.11580227,0.12167467,0.11675350,0.13931531,0.15962903
2024-02-20,0.11797370,0.11594305,0.11559445,0.13824742,0.16153305
2024-02-21,0.11842270,0.11577690,0.11218059,0.13232059,0.14971272
2024-02-22,0.09383173,0.13618130,0.13577853,0.16750399,0.18450430
2024-02-23,0.09442075,0.13615761,0.13164912,0.15918822,0.16802061
2024-02-26,0.09400469,0.13557766,0.12848828,0.15350887,0.16822318
2024-02-27,0.09842865,0.13568744,0.12475028,0.14638252,0.16608879
2024-02-28,0.09833663,0.13328171,0.12112191,0.14035770,0.16615367
2024-02-29,0.09691456,0.13448456,0.11917032,0.13639294,0.14656782
2024-03-01,0.09624175,0.12524320,0.11963001,0.13622152,0.15174641
2024-03-04,0.09622702,0.11769875,0.11607848,0.13088485,0.14649832
2024-03-05,0.09923923,0.11729118,0.11938544,0.13896041,0.15549218
2024-03-06,0.10485676,0.11811244,0.11745340,0.13505282,0.15294031
2024-03-07,0.09866878,0.12307613,0.12065058,0.13920706,0.16053331
2024-03-08,0.09615481,0.12187764,0.11971566,0.13893021,0.15744065
2024-03-11,0.10155821,0.12192368,0.11615073,0.13332739,0.15533150
2024-03-12,0.09739193,0.12633691,0.12065552,0.13960310,0.16185131
2024-03-13,0.10963026,0.12647028,0.11721945,0.13434167,0.15596611
2024-03-14,0.11693941,0.11755441,0.11419707,0.13022846,0.15131666
2024-03-15,0.11496980,0.11504722,0.11356990,0.13100182,0.15150327
2024-03-18,0.11465323,0.11535848,0.11280072,0.12921004,0.15296026
2024-03-19,0.11323958,0.11580227,0.11153642,0.12682238,0.14786793
2024-03-20,0.11317627,0.11797370,0.11349953,0.12951971,0.15401452
2024-03-21,0.11657814,0.11842270,0.11075688,0.12505061,0.15123358
2024-03-22,0.12354885,0.09383173,0.10752131,0.12082040,0.14881208
2024-03-25,0.12309560,0.09442075,0.10492248,0.11821731,0.14409498
2024-03-26,0.12373632,0.09400469,0.10230864,0.11564898,0.14280520
2024-03-27,0.12515010,0.09842865,0.10466922,0.11947402,0.14579179
2024-03-28,0.12557249,0.09833663,0.10157329,0.11519405,0.14224236
2024-04-01,0.13688126,0.09691456,0.09879035,0.11210419,0.14231290
2024-04-02,0.13507466,0.09624175,0.09986032,0.11680663,0.14688031
2024-04-03,0.13864264,0.09622702,0.09691099,0.11275470,0.14388032
2024-04-04,0.13871535,0.09923923,0.10562777,0.13019942,0.15539037
2024-04-05,0.13800849,0.10485676,0.11104050,0.13672019,0.16020691
2024-04-08,0.13808073,0.09866878,0.10766762,0.13104816,0.15516369
2024-04-09,0.13799004,0.09615481,0.10453862,0.12577183,0.15189488
2024-04-10,0.13515634,0.10155821,0.10787851,0.13299006,0.16008819
2024-04-11,0.13281433,0.09739193,0.10849579,0.13246738,0.15425304
2024-04-12,0.12272818,0.10963026,0.11963909,0.15186230,0.16545892
2024-04-15,0.11656102,0.11693941,0.12516508,0.16057226,0.17072830
2024-04-16,0.12314089,0.11496980,0.12161577,0.15357027,0.16570553
2024-04-17,0.12170651,0.11465323,0.12004644,0.15058967,0.16405463
2024-04-18,0.12153227,0.11323958,0.11670633,0.14452138,0.16034003
2024-04-19,0.11769234,0.11317627,0.11820861,0.14738320,0.15671759
2024-04-22,0.11410311,0.11657814,0.11948875,0.14706599,0.15308751
2024-04-23,0.10681832,0.12354885,0.12473868,0.15272964,0.16329261
2024-04-24,0.10985527,0.12309560,0.12094147,0.14562689,0.15631229
2024-04-25,0.11135431,0.12373632,0.11860587,0.14203435,0.15800181
2024-04-26,0.10565253,0.12515010,0.12158651,0.14495317,0.16302933
2024-04-29,0.10815601,0.12557249,0.11852657,0.13906607,0.15585414
2024-04-30,0.09545641,0.13688126,0.13041005,0.16047360,0.17173407
2024-05-01,0.09867629,0.13507466,0.12714338,0.15437326,0.16359860
2024-05-02,0.09360050,0.13864264,0.12823428,0.15385019,0.16923833
2024-05-03,0.08318378,0.13871535,0.13346082,0.15970896,0.17521680
2024-05-06,0.08554381,0.13800849,0.13542090,0.16048367,0.17737427
2024-05-07,0.08542010,0.13808073,0.13139917,0.15279285,0.16142959
2024-05-08,0.08550751,0.13799004,0.12739623,0.14573813,0.16079136
2024-05-09,0.08415356,0.13515634,0.12508358,0.14114404,0.15918639
2024-05-10,0.08448162,0.13281433,0.12144222,0.13507318,0.14994985
2024-05-13,0.08942524,0.12272818,0.11774634,0.12953587,0.14383661
2024-05-14,0.08822238,0.11656102,0.11569149,0.12629295,0.14440632
2024-05-15,0.07846647,0.12314089,0.12096614,0.13487906,0.15584389
2024-05-16,0.08248895,0.12170651,0.11756061,0.13014701,0.14956800
2024-05-17,0.08285082,0.12153227,0.11406908,0.12494273,0.14912346
2024-05-20,0.08325232,0.11769234,0.11065142,0.12017733,0.14911133
2024-05-21,0.08297803,0.11410311,0.10771962,0.11621867,0.14787933
2024-05-22,0.08312838,0.10681832,0.10496824,0.11377519,0.14047179
2024-05-23,0.08022909,0.10985527,0.10576876,0.11848267,0.14452081
2024-05-24,0.07669581,0.11135431,0.10607429,0.11912488,0.14716960
2024-05-28,0.07675529,0.10565253,0.10284739,0.11490926,0.14495213
2024-05-29,0.07373058,0.10815601,0.10377683,0.11941086,0.14935557
2024-05-30,0.07135044,0.09545641,0.10327872,0.12073728,0.15028055
2024-05-31,0.06914791,0.09867629,0.10484834,0.12273062,0.15040940
2024-06-03,0.07124010,0.09360050,0.10174673,0.11800631,0.14512664
2024-06-04,0.07350121,0.08318378,0.09881979,0.11392267,0.14463537
2024-06-05,0.06123854,0.08554381,0.10619275,0.12511788,0.15436486
2024-06-06,0.06128838,0.08542010,0.10296063,0.12043349,0.14612240
2024-06-07,0.07056297,0.08550751,0.09991828,0.11649406,0.14280525
2024-06-10,0.07634813,0.08415356,0.09739145,0.11290562,0.14337975
2024-06-11,0.07813046,0.08448162,0.09500928,0.10972783,0.14353138
2024-06-12,0.07307202,0.08942524,0.09782278,0.11416720,0.14318186
2024-06-13,0.07589784,0.08822238,0.09527888,0.11069727,0.14071008
2024-06-14,0.09010647,0.07846647,0.09238900,0.10740122,0.14022777
2024-06-17,0.09032471,0.08248895,0.09436639,0.11063046,0.14485921
2024-06-18,0.09326660,0.08285082,0.09201408,0.10758276,0.14264233
2024-06-20,0.10002290,0.08325232,0.08975138,0.10589300,0.13909392
2024-06-21,0.10002215,0.08297803,0.08722928,0.10363552,0.13876627
2024-06-24,0.12835106,0.08312838,0.08541021,0.10292651,0.13961166
2024-06-25,0.12887220,0.08022909,0.08420360,0.10165240,0.13754245
2024-06-26,0.13430636,0.07669581,0.08186670,0.09915879,0.13630377
2024-06-27,0.13429914,0.07675529,0.07945101,0.09682371,0.13549959
2024-06-28,0.13465524,0.07373058,0.07865681,0.09825339,0.13716062
2024-07-01,0.14488941,0.07135044,0.07696512,0.09608624,0.13598307
2024-07-02,0.15105145,0.06914791,0.07838987,0.09842771,0.13864778
2024-07-03,0.16321280,0.07124010,0.07851861,0.09886822,0.13908267
2024-07-05,0.19337461,0.07350121,0.07900459,0.09972860,0.14107227
2024-07-08,0.19660782,0.06123854,0.07669965,0.09727618,0.13896432
2024-07-09,0.19842263,0.06128838,0.07441884,0.09506419,0.13739907
2024-07-10,0.21062169,0.07056297,0.08225273,0.10597620,0.14617306
2024-07-11,0.20902762,0.07634813,0.08678084,0.11509903,0.14845185
2024-07-12,0.20815696,0.07813046,0.08681445,0.11405794,0.14674951
2024-07-15,0.21583170,0.07307202,0.08488211,0.11077037,0.14620269
2024-07-16,0.21510771,0.07589784,0.08594193,0.11141351,0.14938483
2024-07-17,0.21675907,0.09010647,0.09958491,0.13410399,0.16155410
2024-07-18,0.21515805,0.09032471,0.10125795,0.13661586,0.15609919
2024-07-19,0.21633338,0.09326660,0.10205092,0.13759519,0.15669721
2024-07-22,0.21322477,0.10002290,0.10738578,0.14223969,0.16505557
2024-07-23,0.21365958,0.10002215,0.10429078,0.13651399,0.15900252
2024-07-24,0.20008479,0.12835106,0.13608129,0.18463413,0.19649214
2024-07-25,0.20317322,0.12887220,0.13345025,0.17789785,0.17834898
2024-07-26,0.19984821,0.13430636,0.13630756,0.17763439,0.18518873
2024-07-29,0.19990464,0.13429914,0.13219289,0.16854036,0.17622326
2024-07-30,0.20024055,0.13465524,0.12961604,0.16310158,0.17817632
2024-07-31,0.19274261,0.14488941,0.13966026,0.17472325,0.17392950
2024-08-01,0.18994362,0.15105145,0.14563375,0.18400313,0.18030451
2024-08-02,0.19347419,0.16321280,0.15855944,0.20332415,0.19631467
2024-08-05,0.16233752,0.19337461,0.19398660,0.25584525,0.24903274
2024-08-06,0.15871299,0.19660782,0.19229482,0.24645138,0.23144422
2024-08-07,0.16764252,0.19842263,0.18886571,0.23680277,0.22423357
2024-08-08,0.15318939,0.21062169,0.20341343,0.25309511,0.24926646
2024-08-09,0.15311858,0.20902762,0.19804761,0.23936280,0.22570229
2024-08-12,0.15746675,0.20815696,0.19201435,0.22571026,0.19011642
2024-08-13,0.14871225,0.21583170,0.19717457,0.22981273,0.20683438
2024-08-14,0.14929696,0.21510771,0.19174297,0.21743929,0.19721596
2024-08-15,0.13868952,0.21675907,0.19604168,0.22127676,0.19555465
2024-08-16,0.13852150,0.21515805,0.19022656,0.20899778,0.18565917
2024-08-19,0.13478067,0.21633338,0.18822961,0.20331228,0.19255644
2024-08-20,0.14669431,0.21322477,0.18265879,0.19282259,0.17781484
2024-08-21,0.14611547,0.21365958,0.17785671,0.18350107,0.17779029
2024-08-22,0.14310138,0.20008479,0.17593293,0.18173400,0.17270142
2024-08-23,0.13780079,0.20317322,0.17625673,0.18168150,0.17721240
2024-08-26,0.13751719,0.19984821,0.17132808,0.17354883,0.16916154
2024-08-27,0.13811384,0.19990464,0.16622432,0.16480044,0.16800020
2024-08-28,0.13661325,0.20024055,0.16283706,0.16089041,0.17026271
2024-08-29,0.13739590,0.19274261,0.15787646,0.15313994,0.16507421
2024-08-30,0.13682288,0.18994362,0.15796944,0.15434555,0.16633941
2024-09-03,0.11505009,0.19347419,0.17426183,0.18988736,0.19893730
2024-09-04,0.11506363,0.16233752,0.16906817,0.18026031,0.18246032
2024-09-05,0.11868867,0.15871299,0.16433849,0.17214185,0.17551160
2024-09-06,0.10752988,0.16764252,0.17311904,0.19085915,0.19878441
2024-09-09,0.10529824,0.15318939,0.17371333,0.18986721,0.19523965
2024-09-10,0.10701237,0.15311858,0.16931293,0.18089655,0.16973339
2024-09-11,0.10076051,0.15746675,0.16925862,0.17961268,0.17845329
2024-09-12,0.09960119,0.14871225,0.16665139,0.17414696,0.17892582
2024-09-13,0.10138445,0.14929696,0.16292975,0.16716507,0.16387682
2024-09-16,0.10469028,0.13868952,0.15804171,0.15885983,0.15640283
2024-09-17,0.10592791,0.13852150,0.15323058,0.15122019,0.15341106
2024-09-18,0.10545193,0.13478067,0.14899010,0.14554372,0.14842919
2024-09-19,0.08892633,0.14669431,0.15859101,0.16403530,0.17124436
2024-09-20,0.08889621,0.14611547,0.15394518,0.15664735,0.15986858
2024-09-23,0.08837875,0.14310138,0.14965348,0.14957122,0.16025426
2024-09-24,0.09358677,0.13780079,0.14542181,0.14297719,0.15995204
2024-09-25,0.09365879,0.13751719,0.14117765,0.13736366,0.15867004
2024-09-26,0.09261804,0.13811384,0.13777115,0.13267120,0.14560871
2024-09-27,0.09296973,0.13661325,0.13366306,0.12767025,0.14487387
2024-09-30,0.09197887,0.13739590,0.13062963,0.12406709,0.14593788
2024-10-01,0.08682261,0.13682288,0.13178442,0.13126027,0.15348649
2024-10-02,0.10851159,0.11505009,0.12777087,0.12595930,0.14902801
2024-10-03,0.10927464,0.11506363,0.12405116,0.12180927,0.14480582
2024-10-04,0.10525737,0.11868867,0.12518458,0.12535563,0.15260911
2024-10-07,0.10839374,0.10752988,0.12701870,0.13304458,0.15749335
2024-10-08,0.13461870,0.10529824,0.12873077,0.13629003,0.15618580
2024-10-09,0.13482235,0.10701237,0.12781623,0.13491456,0.15640806
2024-10-10,0.13525629,0.10076051,0.12418413,0.13016093,0.15458053
2024-10-11,0.13367374,0.09960119,0.12266553,0.12812108,0.15307486
2024-10-14,0.13138466,0.10138445,0.12261891,0.12861171,0.15227333
2024-10-15,0.12869500,0.10469028,0.12253771,0.13162366,0.15070434
2024-10-16,0.12939381,0.10592791,0.12018345,0.12799702,0.14790987
2024-10-17,0.13734028,0.10545193,0.11652408,0.12304406,0.14679436
2024-10-18,0.13732187,0.08892633,0.11402078,0.11968768,0.14640417
2024-10-21,0.13785909,0.08889621,0.11077464,0.11623506,0.14058786
2024-10-22,0.13784929,0.08837875,0.10741588,0.11245469,0.13718005
2024-10-23,0.13535026,0.09358677,0.11015927,0.12156619,0.14494733
2024-10-24,0.13567749,0.09365879,0.10712810,0.11732476,0.14178617
2024-10-25,0.13607518,0.09261804,0.10387107,0.11338791,0.14070866
2024-10-28,0.13719685,0.09296973,0.10123173,0.11014571,0.14113053
2024-10-29,0.13771643,0.09197887,0.09834796,0.10684297,0.14108103
2024-10-30,0.13859995,0.08682261,0.09621438,0.10608755,0.13724390
2024-10-31,0.12265757,0.10851159,0.11849127,0.14779812,0.17025693
2024-11-01,0.12184892,0.10927464,0.11597403,0.14206228,0.15861336
2024-11-04,0.12324281,0.10525737,0.11297292,0.13718193,0.15836314
2024-11-05,0.11596278,0.10839374,0.11934933,0.14511585,0.17088353
2024-11-06,0.07767325,0.13461870,0.15108097,0.19057722,0.21374920
2024-11-07,0.07636205,0.13482235,0.14928075,0.18399875,0.18468869
2024-11-08,0.07594840,0.13525629,0.14546567,0.17513730,0.18301027
2024-11-11,0.08093564,0.13367374,0.14108448,0.16621972,0.18225864
2024-11-12,0.08248351,0.13138466,0.13724949,0.15923289,0.17626235
2024-11-13,0.08247964,0.12869500,0.13307138,0.15159497,0.14545071
2024-11-14,0.08083064,0.12939381,0.13115739,0.14919194,0.14584181
2024-11-15,0.06777542,0.13734028,0.13726346,0.16133830,0.16075132
2024-11-18,0.12314369,0.13732187,0.13394759,0.15443944,0.15541252
2024-11-19,0.12241561,0.13785909,0.13077475,0.14816532,0.15578741
2024-11-20,0.12801552,0.13784929,0.12679086,0.14145941,0.15515267
2024-11-21,0.12915179,0.13535026,0.12466076,0.13747959,0.15604353
2024-11-22,0.13410323,0.13567749,0.12161045,0.13241734,0.14637943
2024-11-25,0.13370304,0.13607518,0.11848749,0.12756972,0.14596799
2024-11-26,0.13772790,0.13719685,0.11700068,0.12543828,0.14808096
2024-11-27,0.14207100,0.13771643,0.11439894,0.12313620,0.14816450
2024-11-29,0.14152798,0.13859995,0.11302531,0.12136485,0.14922237
2024-12-02,0.14148458,0.12265757,0.10999391,0.11724000,0.14778872
2024-12-03,0.14797179,0.12184892,0.10665749,0.11319340,0.14423797
2024-12-04,0.14773243,0.12324281,0.10603598,0.11314279,0.14610587
2024-12-05,0.15257457,0.11596278,0.10306294,0.11040100,0.14411572
2024-12-06,0.15242582,0.07767325,0.10039210,0.10739384,0.14169954
2024-12-09,0.16022670,0.07636205,0.10024065,0.11081878,0.13993000
2024-12-10,0.15998939,0.07594840,0.09786988,0.10925975,0.13875871
2024-12-11,0.15753945,0.08093564,0.10001917,0.11317814,0.14327816
2024-12-12,0.16857297,0.08248351,0.09924317,0.11452188,0.14337437
2024-12-13,0.16873207,0.08247964,0.09621988,0.11080257,0.14172117
2024-12-16,0.17170889,0.08083064,0.09444682,0.10858600,0.14115945
2024-12-17,0.17383509,0.06777542,0.09279878,0.10830706,0.14134275
2024-12-18,0.14111570,0.12314369,0.14712367,0.19647765,0.21251258
2024-12-19,0.14227318,0.12241561,0.14268139,0.18612145,0.18408262
2024-12-20,0.13761309,0.12801552,0.14458050,0.18449181,0.19322541
2024-12-23,0.14454616,0.12915179,0.14299103,0.17831291,0.19308287
2024-12-24,0.14302653,0.13410323,0.14506296,0.17790051,0.19988438
2024-12-26,0.14393940,0.13370304,0.14065261,0.16887051,0.15678820
2024-12-27,0.13988432,0.13772790,0.14305564,0.17282519,0.16806031
2024-12-30,0.13596166,0.14207100,0.14487054,0.17551709,0.16831088
2024-12-31,0.13771101,0.14152798,0.14144615,0.16879043,0.16319578
2025-01-02,0.13973809,0.14148458,0.13741011,0.16138730,0.15674278
2025-01-03,0.13352581,0.14797179,0.14183692,0.16616635,0.17081478
2025-01-06,0.13274759,0.14773243,0.13918270,0.16005351,0.16212704
2025-01-07,0.13119073,0.15257457,0.14175569,0.16543077,0.16663286
2025-01-08,0.13311246,0.15242582,0.13757089,0.15736363,0.16137554
2025-01-10,0.12176013,0.16022670,0.14641595,0.17382262,0.18203180
2025-01-13,0.12200438,0.15998939,0.14208744,0.16509569,0.16668534
2025-01-14,0.12712332,0.15753945,0.13783089,0.15701058,0.16522714
2025-01-15,0.11049244,0.16857297,0.15111852,0.17655468,0.18720329
2025-01-16,0.11057334,0.16873207,0.14674546,0.16828153,0.17635592
2025-01-17,0.10539501,0.17170889,0.14743314,0.16742220,0.17396891
2025-01-21,0.10207817,0.17383509,0.14691726,0.16484101,0.17686317
2025-01-22,0.11629878,0.14111570,0.14441523,0.15940098,0.17727356
2025-01-23,0.11613003,0.14227318,0.14152400,0.15371494,0.15684925
2025-01-24,0.11684227,0.13761309,0.13766229,0.14783699,0.15632182
2025-01-27,0.10518303,0.14454616,0.14517516,0.16397405,0.17024465
2025-01-28,0.11455126,0.14302653,0.14520423,0.16243372,0.16611743
2025-01-29,0.12580605,0.14393940,0.14195695,0.15733506,0.16239945
2025-01-30,0.13884220,0.13988432,0.13914470,0.15180719,0.16279053
2025-01-31,0.14418210,0.13596166,0.13633283,0.14816348,0.16283408
2025-02-03,0.14685474,0.13771101,0.13547493,0.14842409,0.15596877
2025-02-04,0.15755522,0.13973809,0.13429755,0.14585764,0.15435394
2025-02-05,0.15812889,0.13352581,0.13108692,0.14035030,0.15265430
2025-02-06,0.18389667,0.13274759,0.12787819,0.13517310,0.15072357
2025-02-07,0.18282573,0.13119073,0.12937957,0.14089547,0.15745858
2025-02-10,0.18213550,0.13311246,0.12810723,0.13850744,0.15441593
2025-02-11,0.18846764,0.12176013,0.12421159,0.13262209,0.15000025
2025-02-12,0.20185247,0.12200438,0.12089374,0.12861124,0.14804391
2025-02-13,0.19986058,0.12712332,0.12395588,0.13395162,0.15758351
2025-02-14,0.20327521,0.11049244,0.12018001,0.12851705,0.14877067
2025-02-18,0.20647900,0.11057334,0.11690512,0.12380485,0.14436674
2025-02-19,0.20645423,0.10539501,0.11371906,0.11949803,0.14465849
2025-02-20,0.20592499,0.10207817,0.11154089,0.11851865,0.14516907
2025-02-21,0.20620864,0.11629878,0.12717672,0.14989355,0.16690109
2025-02-24,0.20555758,0.11613003,0.12481463,0.14635522,0.15792587
2025-02-25,0.20856761,0.11684227,0.12237913,0.14285337,0.15855851
2025-02-26,0.20888249,0.10518303,0.11865215,0.13662331,0.15738395
2025-02-27,0.21291248,0.11455126,0.13076834,0.15900989,0.17780205
2025-02-28,0.20670918,0.12580605,0.14076725,0.17152168,0.17647123
2025-03-03,0.19778123,0.13884220,0.15294464,0.19132263,0.19262467
2025-03-04,0.19452117,0.14418210,0.15582000,0.19446869,0.19347338
2025-03-05,0.25668969,0.14685474,0.15711514,0.19237087,0.19805926
2025-03-06,0.32796111,0.15755522,0.16760633,0.20838395,0.20810666
2025-03-07,0.32750596,0.15812889,0.16390440,0.19865100,0.19069772
2025-03-10,0.31826612,0.18389667,0.19120025,0.24155707,0.23115384
2025-03-11,0.44692657,0.18282573,0.18771426,0.23219798,0.20921978
2025-03-12,0.46297308,0.18213550,0.18298026,0.22019753,0.20412562
2025-03-13,0.46460086,0.18846764,0.18555718,0.22267186,0.20522407
2025-03-14,0.45966484,0.20185247,0.19763798,0.23700119,0.22918768
2025-03-17,0.45916968,0.19986058,0.19322421,0.22559089,0.19187566
2025-03-18,0.46435294,0.20327521,0.19191145,0.22177520,0.19648234
2025-03-19,0.46288273,0.20647900,0.19069467,0.21621308,0.20075822
2025-03-20,0.47013688,0.20645423,0.18508086,0.20487587,0.18976842
2025-03-21,0.47791751,0.20592499,0.17947118,0.19375142,0.17059242
2025-03-24,0.47750384,0.20620864,0.18682516,0.20444899,0.19380903
2025-03-25,0.48250123,0.20555758,0.18123697,0.19340467,0.17741259
2025-03-26,0.48160612,0.20856761,0.18105065,0.19422528,0.18265478
2025-03-27,0.48147451,0.20888249,0.17600705,0.18520928,0.17902124
2025-03-28,0.47691795,0.21291248,0.18742541,0.20809046,0.20924865
2025-03-31,0.47656154,0.20670918,0.18298043,0.19839383,0.18592413
2025-04-01,0.47687854,0.19778123,0.17801207,0.18847461,0.18451042
2025-04-02,0.47899708,0.19452117,0.17454765,0.18142264,0.18034534
2025-04-03,0.44766179,0.25668969,0.25660350,0.32194349,0.32405431
2025-04-04,0.39442197,0.32796111,0.34537699,0.45283608,0.42706043
2025-04-07,0.39462516,0.32750596,0.33497840,0.42494403,0.36821870
2025-04-08,0.39131207,0.31826612,0.33055173,0.40853120,0.37777397
2025-04-09,0.23235461,0.44692657,0.47710397,0.61963172,0.61983753
2025-04-10,0.22676308,0.46297308,0.48241759,0.61211327,0.53244673
2025-04-11,0.21952086,0.46460086,0.47288919,0.58084440,0.46831147
2025-04-14,0.21783145,0.45966484,0.45951448,0.54554490,0.46558489
2025-04-15,0.21821716,0.45916968,0.44556656,0.51137449,0.45954574
2025-04-16,0.20503667,0.46435294,0.44088974,0.49570809,0.31373189
2025-04-17,0.20500766,0.46288273,0.42748956,0.46465552,0.26982904
2025-04-21,0.18810596,0.47013688,0.42471499,0.45549183,0.29075301
2025-04-22,0.17656304,0.47791751,0.42292372,0.44640198,0.30838077
2025-04-23,0.16703421,0.47750384,0.41504330,0.42717457,0.30951423
2025-04-24,0.15367780,0.48250123,0.40988728,0.41399003,0.30960902
2025-04-25,0.16700686,0.48160612,0.39842575,0.38997875,0.30428910
2025-04-28,0.16810983,0.48147451,0.38629613,0.36595302,0.28783130
2025-04-29,0.16748593,0.47691795,0.37520306,0.34461232,0.27255171
2025-04-30,0.16740780,0.47656154,0.36381831,0.32367086,0.26226200
2025-05-01,0.16659323,0.47687854,0.35357902,0.30597690,0.25327181
2025-05-02,0.15996889,0.47899708,0.34748884,0.29725735,0.26301635
2025-05-05,0.15842436,0.44766179,0.33782140,0.28209458,0.26025512
2025-05-06,0.15722126,0.39442197,0.32890382,0.26928944,0.25040668
2025-05-07,0.16046248,0.39462516,0.31932969,0.25411312,0.23145863
2025-05-08,0.15923892,0.39131207,0.31041719,0.24083402,0.23177823
2025-05-09,0.16034259,0.23235461,0.30097335,0.22709559,0.22233281
2025-05-12,0.11611038,0.22676308,0.31728764,0.27396831,0.24480936
2025-05-13,0.11415071,0.21952086,0.30890094,0.26011039,0.21299727
2025-05-14,0.12069210,0.21783145,0.29951704,0.24484416,0.20910842
2025-05-15,0.12414233,0.21821716,0.29083493,0.23139733,0.20869756
2025-05-16,0.12518260,0.20503667,0.28327847,0.22082299,0.21163554
2025-05-19,0.12515043,0.20500766,0.27466978,0.20840556,0.16461855
2025-05-20,0.12465286,0.18810596,0.26673098,0.19854804,0.16348628
2025-05-21,0.11601696,0.17656304,0.26622835,0.20958726,0.18188064
2025-05-22,0.12217008,0.16703421,0.25812376,0.19811577,0.16795732
2025-05-23,0.11992443,0.15367780,0.25162515,0.19182432,0.16780657
2025-05-27,0.10112165,0.16700686,0.25635528,0.21046940,0.19720081
2025-05-28,0.10087712,0.16810983,0.24949324,0.20182961,0.18588812
2025-05-29,0.10150024,0.16748593,0.24239300,0.19164587,0.17479861
2025-05-30,0.10157387,0.16740780,0.23500895,0.18148189,0.17401507
2025-06-02,0.10190716,0.16659323,0.22840498,0.17197551,0.17331247
2025-06-03,0.10397707,0.15996889,0.22258584,0.16551379,0.15702614
2025-06-04,0.10751199,0.15842436,0.21580517,0.15733809,0.15260138
2025-06-05,0.10596698,0.15722126,0.21024009,0.15342659,0.15413017
2025-06-06,0.10203891,0.16046248,0.20767917,0.15509658,0.16216171
2025-06-09,0.10243068,0.15923892,0.20138417,0.14774179,0.15753284
2025-06-10,0.10131224,0.16034259,0.19640347,0.14333187,0.15840403
2025-06-11,0.10098174,0.11611038,0.19071973,0.13833137,0.15799266
2025-06-12,0.10105059,0.11415071,0.18550377,0.13346369,0.14956749
2025-06-13,0.09372539,0.12069210,0.18519830,0.14419279,0.15570682
2025-06-16,0.08989059,0.12414233,0.18319934,0.14554258,0.15890438
2025-06-17,0.08506622,0.12518260,0.18058769,0.14776656,0.16056278
2025-06-18,0.08519726,0.12515043,0.17509039,0.14115759,0.15728442
2025-06-20,0.08489030,0.12465286,0.16996815,0.13596339,0.15702712
2025-06-23,0.08268082,0.11601696,0.16893159,0.13885798,0.15903239
2025-06-24,0.07330752,0.12217008,0.16933768,0.14433391,0.16067621
2025-06-25,0.07458408,0.11992443,0.16417898,0.13796272,0.15284775
2025-06-26,0.06926354,0.10112165,0.16217972,0.13786087,0.15838683
2025-06-27,0.06765867,0.10087712,0.15853650,0.13420281,0.15509541
2025-06-30,0.06540674,0.10150024,0.15500642,0.13087350,0.15191920
2025-07-01,0.06653900,0.10157387,0.15034729,0.12587840,0.14456141
2025-07-02,0.08530717,0.10190716,0.14692475,0.12301178,0.14672737
2025-07-03,0.09496342,0.10397707,0.14606295,0.12545815,0.14922788
2025-07-07,0.09249300,0.10751199,0.14490127,0.12972305,0.15094483
2025-07-08,0.09581499,0.10596698,0.14051459,0.12484586,0.14726218
2025-07-09,0.09354047,0.10203891,0.13824610,0.12356600,0.15048569
2025-07-10,0.09687075,0.10243068,0.13445811,0.11948088,0.14783588
2025-07-11,0.09658397,0.10131224,0.13099312,0.11745236,0.14511184
2025-07-14,0.10407694,0.10098174,0.12712023,0.11352404,0.14139183
2025-07-15,0.10377010,0.10105059,0.12420782,0.11296244,0.14281291
2025-07-16,0.10318591,0.09372539,0.12106053,0.11021953,0.14117265
2025-07-17,0.10199838,0.08989059,0.11920824,0.10986337,0.14218279
2025-07-18,0.10199850,0.08506622,0.11557721,0.10674832,0.13968336
2025-07-21,0.10389643,0.08519726,0.11218807,0.10390306,0.13916978
2025-07-22,0.10421480,0.08489030,0.10879860,0.10130467,0.13828934
2025-07-23,0.10162319,0.08268082,0.10973813,0.10615151,0.14387765
2025-07-24,0.11422570,0.07330752,0.10642968,0.10331433,0.13917126
2025-07-25,0.11435943,0.07458408,0.10433369,0.10227575,0.13971489
2025-07-28,0.11524729,0.06926354,0.10115760,0.09990261,0.13896235
2025-07-29,0.11508677,0.06765867,0.09875073,0.09986010,0.13929418
2025-07-30,0.11552233,0.06540674,0.09586573,0.09832467,0.13558186
2025-07-31,0.11694180,0.06653900,0.09405319,0.09940593,0.13670276
2025-08-01,0.10552543,0.08530717,0.11065675,0.13447164,0.16036276
2025-08-04,0.09422246,0.09496342,0.12143421,0.14962433,0.16978381
2025-08-05,0.09706876,0.09249300,0.11924784,0.14601966,0.16352813
2025-08-06,0.09439933,0.09581499,0.11900756,0.14385408,0.16676420
2025-08-07,0.09463987,0.09354047,0.11542381,0.13769351,0.16436607
2025-08-08,0.09120753,0.09687075,0.11591379,0.13727594,0.15748516
2025-08-11,0.09137764,0.09658397,0.11280468,0.13266227,0.14522592
2025-08-12,0.08763240,0.10407694,0.11783794,0.13967934,0.15590429
2025-08-13,0.08693353,0.10377010,0.11493423,0.13428743,0.14949943
2025-08-14,0.08843595,0.10318591,0.11143910,0.12873746,0.14894695
2025-08-15,0.08797633,0.10199838,0.10863162,0.12531345,0.14664923
2025-08-18,0.08803987,0.10199850,0.10532300,0.12066693,0.14576113
2025-08-19,0.08723933,0.10389643,0.10463887,0.12196947,0.14265827
2025-08-20,0.08845669,0.10421480,0.10189189,0.11886282,0.14129574
2025-08-21,0.08867789,0.10162319,0.10001220,0.11771722,0.14267957
2025-08-22,0.07418205,0.11422570,0.11330120,0.13813799,0.16261831
2025-08-25,0.07335621,0.11435943,0.11110052,0.13509526,0.15603565
2025-08-26,0.07402366,0.11524729,0.10890391,0.13073987,0.15516416
2025-08-27,0.07633211,0.11508677,0.10599382,0.12579821,0.15477613
2025-08-28,0.07609548,0.11552233,0.10349301,0.12170605,0.15464724
2025-08-29,0.07413583,0.11694180,0.10339779,0.12378539,0.14701039
2025-09-02,0.07110094,0.10552543,0.10382294,0.12639569,0.14895050
2025-09-03,0.06891578,0.09422246,0.10258527,0.12382118,0.14660529
2025-09-04,0.06261306,0.09706876,0.10457966,0.12615630,0.15027347
2025-09-05,0.06291889,0.09439933,0.10214033,0.12325431,0.14788262
2025-09-08,0.06388008,0.09463987,0.09936602,0.11893173,0.14540179
2025-09-09,0.06632768,0.09120753,0.09690282,0.11527709,0.14345843
2025-09-10,0.06621356,0.09137764,0.09466220,0.11215723,0.14220585
2025-09-11,0.11221913,0.08763240,0.09748284,0.11653440,0.14538340
2025-09-12,0.12435938,0.08693353,0.09453177,0.11285564,0.14093096
2025-09-15,0.12341023,0.08843595,0.09345294,0.11141194,0.14283974
2025-09-16,0.12411236,0.08797633,0.09074447,0.10862638,0.14173674
2025-09-17,0.12598021,0.08803987,0.08806094,0.10596772,0.14122728
2025-09-18,0.12620902,0.08723933,0.08737608,0.10544601,0.13975619
2025-09-19,0.13036880,0.08845669,0.08680797,0.10510001,0.14094525
2025-09-22,0.12947463,0.08867789,0.08588513,0.10427412,0.14073933
2025-09-23,0.12939123,0.07418205,0.08598809,0.10733233,0.14281960
2025-09-24,0.13057456,0.07335621,0.08410223,0.10625176,0.14041489
2025-09-25,0.13225208,0.07402366,0.08384554,0.10818034,0.14130079
2025-09-26,0.13735211,0.07633211,0.08445018,0.10878333,0.14240304
2025-09-29,0.13727760,0.07609548,0.08251468,0.10615742,0.14063150
2025-09-30,0.13654728,0.07413583,0.08156074,0.10488922,0.14036182
2025-10-01,0.14034226,0.07110094,0.08016989,0.10278596,0.13985398
2025-10-02,0.14061789,0.06891578,0.07776475,0.10025863,0.13764391
2025-10-03,0.14074377,0.06261306,0.07539615,0.09807959,0.13551687
2025-10-06,0.14602215,0.06291889,0.07445693,0.09731683,0.13592749
2025-10-07,0.14596944,0.06388008,0.07370000,0.09866933,0.13591070
2025-10-08,0.14972727,0.06632768,0.07494206,0.10042050,0.13818299
2025-10-09,0.14948568,0.06621356,0.07344698,0.10005394,0.13748056
2025-10-10,0.12681993,0.11221913,0.12842754,0.18323577,0.20139718
2025-10-13,0.11515187,0.12435938,0.13829827,0.19124782,0.19588436
2025-10-14,0.11504475,0.12341023,0.13422327,0.18133470,0.18830232
2025-10-15,0.12800948,0.12411236,0.13106878,0.17265391,0.18798935
2025-10-16,0.12613884,0.12598021,0.12942612,0.16833229,0.19022460
2025-10-17,0.12882571,0.12620902,0.12713729,0.16165951,0.15907367
2025-10-20,0.12676187,0.13036880,0.12999225,0.16283031,0.15691065
2025-10-21,0.12742457,0.12947463,0.12603222,0.15480679,0.15239982
2025-10-22,0.13728556,0.12939123,0.12395218,0.15119696,0.15415725
2025-10-23,0.13996006,0.13057456,0.12228152,0.14669884,0.15408098
2025-10-24,0.14721533,0.13225208,0.12244352,0.14526323,0.15718309
2025-10-27,0.14442421,0.13735211,0.12786290,0.15214762,0.16296201
2025-10-28,0.14616492,0.13727760,0.12428577,0.14519914,0.15779789
2025-10-29,0.14733096,0.13654728,0.12049964,0.13869597,0.15619845
2025-10-30,0.14442733,0.14034226,0.12307369,0.14516925,0.16343675
2025-10-31,0.14439357,0.14061789,0.11975667,0.13895209,0.15753316
2025-11-03,0.14463840,0.14074377,0.11630070,0.13334209,0.15027188
2025-11-04,0.13878619,0.14602215,0.12174498,0.14529686,0.16274806
2025-11-05,0.13837243,0.14596944,0.11888492,0.13963179,0.15883418
2025-11-06,0.13332732,0.14972727,0.12327294,0.14896323,0.16495458
2025-11-07,0.13329034,0.14948568,0.11961809,0.14212654,0.16004108
2025-11-10,0.12452411,0.12681993,0.13031442,0.15733050,0.17962234
2025-11-11,0.12452491,0.11515187,0.12660144,0.14991985,0.16059060
2025-11-12,0.12992674,0.11504475,0.12276904,0.14298058,0.15802779
2025-11-13,0.11647633,0.12800948,0.13558180,0.16686364,0.17640652
2025-11-14,0.11675647,0.12613884,0.13146591,0.15865339,0.16686719
2025-11-17,0.11936008,0.12882571,0.13239070,0.16059045,0.16345948
2025-11-18,0.11904401,0.12676187,0.13234404,0.16064039,0.16610424
2025-11-19,0.12217999,0.12742457,0.12913680,0.15364058,0.16408000
2025-11-20,0.11165975,0.13728556,0.13927594,0.17197289,0.17238454
2025-11-21,0.10755750,0.13996006,0.14028070,0.17043186,0.17191275
2025-11-24,0.09415793,0.14721533,0.14852615,0.18033291,0.18412001
2025-11-25,0.08882742,0.14442421,0.14821211,0.17670536,0.17987207
2025-11-26,0.08642137,0.14616492,0.14616817,0.17081721,0.17946939
2025-11-28,0.08455262,0.14733096,0.14322870,0.16402263,0.16975570
2025-12-01,0.08638117,0.14442733,0.14040781,0.15947441,0.16692921
2025-12-02,0.08621152,0.14439357,0.13646451,0.15200968,0.15483494
2025-12-03,0.08836080,0.14463840,0.13281213,0.14539550,0.15144418
2025-12-04,0.09083828,0.13878619,0.12883457,0.13887007,0.14885091
2025-12-05,0.09137374,0.13837243,0.12513610,0.13305764,0.14659279
2025-12-08,0.09057388,0.13332732,0.12207768,0.12974702,0.14608492
2025-12-09,0.09324349,0.13329034,0.11840779,0.12494897,0.14431475
2025-12-10,0.09044975,0.12452411,0.11774283,0.12456737,0.14827811
2025-12-11,0.09041344,0.12452491,0.11444130,0.12012452,0.14492728
2025-12-12,0.08448965,0.12992674,0.11852790,0.13190198,0.15556234
2025-12-15,0.08477931,0.11647633,0.11508490,0.12724529,0.15088111
2025-12-16,0.08440453,0.11675647,0.11196426,0.12357491,0.14903603
2025-12-17,0.10346785,0.11936008,0.11764113,0.13712884,0.15934523
2025-12-18,0.10746604,0.11904401,0.11812456,0.13696266,0.15921982
2025-12-19,0.10480168,0.12217999,0.11950576,0.13825661,0.15804514
2025-12-22,0.10242419,0.11165975,0.11852055,0.13587883,0.15875239
2025-12-23,0.10267716,0.10755750,0.11625812,0.13179136,0.15696761
2025-12-24,0.10304171,0.09415793,0.11340813,0.12716432,0.14983226
2025-12-26,0.10303670,0.08882742,0.10995963,0.12241910,0.14434109
2025-12-29,0.10241969,0.08642137,0.10747408,0.12028577,0.14087104
2025-12-30,0.10339288,0.08455262,0.10433739,0.11665043,0.13795718
2025-12-31,0.10189489,0.08638117,0.10515561,0.12130947,0.14214956
2026-01-02,0.10580299,0.08621152,0.10221750,0.11697415,0.13930292
2026-01-05,0.10499123,0.08836080,0.10211819,0.11703244,0.14319167
2026-01-06,0.11130395,0.09083828,0.10187961,0.11686516,0.14469650
2026-01-07,0.12965769,0.09137374,0.09968060,0.11529576,0.14424830
2026-01-08,0.13066709,0.09057388,0.09664439,0.11160265,0.14089884
2026-01-09,0.12924919,0.09324349,0.09700339,0.11254629,0.14481072
2026-01-12,0.12913389,0.09044975,0.09424782,0.10914339,0.14129266
2026-01-13,0.14007257,0.09041344,0.09168783,0.10704656,0.13916672
2026-01-14,0.13885296,0.08448965,0.09129429,0.10938684,0.14128404
2026-01-15,0.13861179,0.08477931,0.08907833,0.10666682,0.13979586
2026-01-16,0.13992137,0.08440453,0.08640077,0.10407545,0.13730934
2026-01-20,0.12025363,0.10346785,0.11655659,0.15575243,0.17695920
2026-01-21,0.11593978,0.10746604,0.12156185,0.15948073,0.17244288
2026-01-22,0.11996069,0.10480168,0.11976420,0.15387328,0.16879187
2026-01-23,0.12282717,0.10242419,0.11612266,0.14662115,0.16691969
2026-01-26,0.12480092,0.10267716,0.11424726,0.14184076,0.16874023
2026-01-27,0.12539329,0.10304171,0.11189367,0.13678924,0.14889215
2026-01-28,0.12629466,0.10303670,0.10848540,0.13109372,0.14136181
2026-01-29,0.12622269,0.10241969,0.10530068,0.12634289,0.13995278
2026-01-30,0.12957471,0.10339288,0.10345996,0.12467363,0.14167445
2026-02-02,0.13099238,0.10189489,0.10246386,0.12263843,0.14237265
2026-02-03,0.12918629,0.10580299,0.10462235,0.12845677,0.14700300
2026-02-04,0.13609733,0.10499123,0.10334453,0.12754818,0.14671001
2026-02-05,0.13236241,0.11130395,0.11107081,0.14197006,0.15962975
2026-02-06,0.11405962,0.12965769,0.13171357,0.16981450,0.18526027
2026-02-09,0.11293884,0.13066709,0.12899123,0.16263225,0.17349852
2026-02-10,0.12429534,0.12924919,0.12572186,0.15626214,0.17060895
2026-02-11,0.12606562,0.12913389,0.12189202,0.14888577,0.16880760
2026-02-12,0.11883528,0.14007257,0.13316745,0.16838369,0.18279914
2026-02-13,0.11913566,0.13885296,0.12912521,0.15993932,0.15776885
2026-02-17,0.12819190,0.13861179,0.12525568,0.15218956,0.15660206
2026-02-18,0.12709984,0.13992137,0.12334297,0.14738799,0.15881173
2026-02-19,0.13729791,0.12025363,0.12008930,0.14207440,0.15841248
2026-02-20,0.14082987,0.11593978,0.11949606,0.13988849,0.14706178
2026-02-23,0.13672547,0.11996069,0.12276205,0.14720020,0.15456222
2026-02-24,0.13545157,0.12282717,0.12265723,0.14537580,0.15561713
2026-02-25,0.14580517,0.12480092,0.12302428,0.14446716,0.15805263
2026-02-26,0.15596229,0.12539329,0.12109715,0.14207434,0.15772552
2026-02-27,0.15583600,0.12629466,0.11861955,0.13870924,0.15600648
2026-03-02,0.18487156,0.12622269,0.11501635,0.13278919,0.14995190
2026-03-03,0.18360088,0.12957471,0.11745821,0.13914830,0.15560276
2026-03-04,0.18168111,0.13099238,0.11777607,0.13844635,0.15450947
2026-03-05,0.18126597,0.12918629,0.11629176,0.13712806,0.15364949
2026-03-06,0.17527280,0.13609733,0.12415080,0.15228414,0.16712855
2026-03-09,0.19303811,0.13236241,0.12459006,0.15079479,0.16665751
2026-03-10,0.19406936,0.11405962,0.12108013,0.14470719,0.15940868
2026-03-11,0.19408777,0.11293884,0.11743675,0.13854868,0.15351748
2026-03-12,0.18993139,0.12429534,0.12854614,0.15908575,0.17267234
2026-03-13,0.19307331,0.12606562,0.12685088,0.15596304,0.15963710
2026-03-16,0.19187330,0.11883528,0.12908113,0.15693291,0.16422746
2026-03-17,0.19189170,0.11913566,0.12552312,0.14973363,0.15906741
2026-03-18,0.19049611,0.12819190,0.13284945,0.16318489,0.17501191
2026-03-19,0.19043545,0.12709984,0.12924627,0.15636971,0.15869363
2026-03-20,0.18428282,0.13729791,0.13863795,0.17264473,0.17657393
2026-03-23,0.18358444,0.14082987,0.14152085,0.17372609,0.17521933
2026-03-24,0.18368547,0.13672547,0.13798203,0.16669754,0.17146732
2026-03-25,0.18478843,0.13545157,0.13541910,0.16038172,0.16440811
2026-03-26,0.17454214,0.14580517,0.14798663,0.18238469,0.18794735
2026-03-27,0.16535231,0.15596229,0.15775200,0.19773783,0.19064713
2026-03-30,0.16478996,0.15583600,0.15371690,0.18874478,0.17753450
2026-03-31,0.13603783,0.18487156,0.18622103,0.23460054,0.23418825
2026-04-01,0.13415152,0.18360088,0.18267191,0.22422022,0.21526090
2026-04-02,0.13483470,0.18168111,0.17716054,0.21143205,0.20246205
2026-04-06,0.13686166,0.18126597,0.17262010,0.20058694,0.19280683
2026-04-07,0.14574385,0.17527280,0.16738741,0.18959075,0.19145729
2026-04-08,0.11853965,0.19303811,0.18872170,0.22214746,0.20411727
2026-04-09,0.12017657,0.19406936,0.18452913,0.21154673,0.18640287
2026-04-10,0.12028785,0.19408777,0.17896246,0.19998447,0.18524814
2026-04-13,0.11519812,0.18993139,0.17791849,0.19578826,0.19225724
2026-04-14,0.10969126,0.19307331,0.17841081,0.19454122,0.19786938
2026-04-15,0.10942035,0.19187330,0.17571229,0.18812112,0.17376040
2026-04-16,0.11725374,0.19189170,0.17066062,0.17837601,0.16985656
2026-04-17,0.10970863,0.19049611,0.17188202,0.17981186,0.18128988
2026-04-20,0.11183455,0.19043545,0.16690197,0.17131849,0.17145923
2026-04-21,0.11577115,0.18428282,0.16370130,0.16725790,0.16866386
2026-04-22,0.11017645,0.18358444,0.16379078,0.16736812,0.17203701
2026-04-23,0.10999590,0.18368547,0.15961549,0.16126765,0.16859547
2026-04-24,0.10856883,0.18478843,0.15780429,0.15831586,0.16698668
2026-04-27,0.10848647,0.17454214,0.15307187,0.15073128,0.16445400
2026-04-28,0.10897456,0.16535231,0.14962983,0.14708425,0.16238566
2026-04-29,0.10922474,0.16478996,0.14507981,0.14058480,0.15426381
2026-04-30,0.10376625,0.13603783,0.14613038,0.14396783,0.16276587
2026-05-01,0.10336750,0.13415152,0.14213416,0.13784033,0.15036295
2026-05-04,0.10556051,0.13483470,0.13871017,0.13463653,0.15113193
2026-05-05,0.10273606,0.13686166,0.13811219,0.13506690,0.15547705
2026-05-06,0.12906342,0.14574385,0.14526522,0.14940376,0.17149169
2026-05-07,0.12879928,0.11853965,0.14161705,0.14474363,0.16083764
2026-05-08,0.12579479,0.12017657,0.14112582,0.14435855,0.16157969
2026-05-11,0.13777825,0.12028785,0.13702133,0.13808013,0.15830376
2026-05-12,0.15023785,0.11519812,0.13299342,0.13287021,0.15530681
2026-05-13,0.14988258,0.10969126,0.13092103,0.13040963,0.14734093
2026-05-14,0.15808768,0.10942035,0.13035075,0.13066415,0.14980884
2026-05-15,0.15337695,0.11725374,0.13532131,0.14468247,0.15821150
2026-05-18,0.15909342,0.10970863,0.13123008,0.13849820,0.15229358
2026-05-19,0.16176663,0.11183455,0.12987277,0.13873755,0.15521979
2026-05-20,0.15795919,0.11577115,0.13265404,0.14343226,0.16240455
2026-05-21,0.16561208,0.11017645,0.12878541,0.13720005,0.15546688
2026-05-22,0.16514510,0.10999590,0.12569719,0.13239195,0.14824108
2026-05-26,0.16379258,0.10856883,0.12414713,0.13028784,0.15110914
2026-05-27,0.16379974,0.10848647,0.12036681,0.12519000,0.14692744
2026-05-28,0.16754961,0.10897456,0.11881316,0.12349145,0.14429974
2026-05-29,0.16959719,0.10922474,0.11550223,0.11921897,0.14309560
2026-06-01,0.16951799,0.10376625,0.11244668,0.11538423,0.14267632
2026-06-02,0.16945897,0.10336750,0.10913666,0.11168139,0.13972311
2026-06-03,0.16936376,0.10556051,0.10965394,0.11712218,0.14511793
2026-06-04,0.16948985,0.10273606,0.10747166,0.11458541,0.14272600
2026-06-05,0.14213580,0.12906342,0.14737033,0.18657716,0.20160371
2026-06-08,0.14451886,0.12879928,0.14334796,0.17707579,0.17888772
2026-06-09,0.14497421,0.12579479,0.13934254,0.16893612,0.17897052
2026-06-10,0.13629654,0.13777825,0.14927971,0.18551481,0.19660495
2026-06-11,0.12298876,0.15023785,0.15971178,0.19743994,0.20979390
2026-06-12,0.12247060,0.14988258,0.15606838,0.18809385,0.17491214
2026-06-15,0.10994572,0.15808768,0.16419271,0.19722430,0.19450342
2026-06-16,0.11372936,0.15337695,0.16072650,0.18981020,0.18822188
2026-06-17,0.10576640,0.15909342,0.16291673,0.19309721,0.18714103
2026-06-18,0.10355174,0.16176663,0.16342879,0.19058763,0.17937203
2026-06-22,0.10285897,0.15795919,0.15910613,0.18203371,0.17534745
2026-06-23,0.09921610,0.16561208,0.16419613,0.19141570,0.17985773
2026-06-24,0.09917253,0.16514510,0.15923998,0.18139730,0.17167778
2026-06-25,0.09917352,0.16379258,0.15438937,0.17198048,0.16496098
2026-06-26,0.09942707,0.16379974,0.14969729,0.16339730,0.15937839
2026-06-29,0.10511432,0.16754961,0.15207886,0.16625266,0.17066095
2026-06-30,0.11643252,0.16959719,0.15060317,0.16262486,0.16173584
2026-07-01,0.11868197,0.16951799,0.14625502,0.15575952,0.15982401
2026-07-02,0.12912147,0.16945897,0.14179951,0.14847134,0.15960380
2026-07-06,0.14079496,0.16936376,0.14031341,0.14597087,0.16421219
2026-07-07,0.14006343,0.16948985,0.13714236,0.14235527,0.15742136
2026-07-08,0.13985518,0.14213580,0.13341623,0.13756732,0.15432923
2026-07-09,0.13865913,0.14451886,0.13314025,0.13765509,0.15428334
2026-07-10,0.13790855,0.14497421,0.13011328,0.13316434,0.15339951
2026-07-13,0.13558379,0.13629654,0.12988991,0.13635012,0.15608891
2026-07-14,0.13526499,0.12298876,0.12677520,0.13166860,0.15196640
2026-07-15,0.13648616,0.12247060,0.12380360,0.12748518,0.14999292
2026-07-16,0.13545912,0.10994572,0.12166839,0.12676265,0.14848143
2026-07-17,0.13207033,0.11372936,0.12438918,0.13569743,0.15426203
2026-07-20,0.13405199,0.10576640,0.12083406,0.13093302,0.14730062
2026-07-21,0.13072961,0.10355174,0.12206694,0.13309818,0.15271329
2026-07-22,0.13408045,0.10285897,0.11846719,0.12826418,0.14825490
2026-07-23,0.12817132,0.09921610,0.12421503,0.14201636,0.16061742
2026-07-24,0.12852807,0.09917253,0.12044643,0.13585758,0.14852890
2026-07-27,0.12899980,0.09917352,0.11677884,0.13028188,0.14832695
2026-07-28,0.12879608,0.09942707,0.11351595,0.12536865,0.14482493
2026-07-29,0.12002429,0.10511432,0.12506682,0.14898511,0.16618689
2026-07-30,0.10595244,0.11643252,0.13712652,0.16575685,0.17381200
2026-07-31,0.10379927,0.11868197,0.13569063,0.16111650,0.16831747
2026-08-03,0.09380189,0.12912147,0.14341122,0.17087826,0.18415396
2026-08-04,0.07263813,0.14079496,0.15520969,0.18656064,0.20105259
2026-08-05,0.08106532,0.14006343,0.15062275,0.17720967,0.18244783
2026-08-06,0.08188045,0.13985518,0.14619464,0.16866655,0.17109471
2026-08-07,0.08160899,0.13865913,0.14375397,0.16287904,0.17201862
2026-08-10,0.08329895,0.13790855,0.13939315,0.15511457,0.16063784
2026-08-11,0.08501347,0.13558379,0.13572473,0.14941783,0.14625144
2026-08-12,0.08957914,0.13526499,0.13198477,0.14295528,0.14584985
2026-08-13,0.08831627,0.13648616,0.13043242,0.14017255,0.14942337
2026-08-14,0.08949133,0.13545912,0.12663115,0.13485265,0.14603034
2026-08-17,0.08899480,0.13207033,0.12445346,0.13341842,0.14837076
2026-08-18,0.09425885,0.13405199,0.12361385,0.13468260,0.15055180
2026-08-19,0.09415314,0.13072961,0.12012767,0.12937015,0.14877041
2026-08-20,0.10290577,0.13408045,0.12128898,0.13463103,0.15313203
2026-08-21,0.10180328,0.12817132,0.11879700,0.13055287,0.15188714
2026-08-24,0.10468190,0.12852807,0.11569391,0.12693652,0.14937154
2026-08-25,0.10410203,0.12899980,0.11285141,0.12282871,0.14766670
2026-08-26,0.10557978,0.12879608,0.10941643,0.11854362,0.14705023
2026-08-27,0.10605762,0.12002429,0.10969299,0.11967995,0.14822863
2026-08-28,0.10586502,0.10595244,0.10679132,0.11694155,0.14390552
2026-08-31,0.10559676,0.10379927,0.10434344,0.11529548,0.14205132
2026-09-01,0.10288200,0.09380189,0.10490341,0.11945153,0.14567761
